#include "Core/fm_pico/brick6_fm_pico_tables.h"

const uint16_t table_dx_log_sine_14[BRICK6_PICO_LOG_SINE_SIZE] = {
0x2965, 0x230E, 0x201C, 0x1E2B, 0x1CB7, 0x1B8F, 0x1A98, 0x19C5, 0x190C, 0x1868, 0x17D4, 0x174D, 0x16D2, 0x1660, 0x15F7, 0x1594,
0x1538, 0x14E1, 0x148F, 0x1441, 0x13F7, 0x13B1, 0x136E, 0x132E, 0x12F0, 0x12B5, 0x127C, 0x1246, 0x1211, 0x11DE, 0x11AD, 0x117D,
0x114F, 0x1122, 0x10F7, 0x10CD, 0x10A4, 0x107C, 0x1055, 0x102F, 0x100A, 0x0FE6, 0x0FC3, 0x0FA1, 0x0F7F, 0x0F5F, 0x0F3F, 0x0F1F,
0x0F00, 0x0EE2, 0x0EC5, 0x0EA8, 0x0E8C, 0x0E70, 0x0E54, 0x0E3A, 0x0E1F, 0x0E06, 0x0DEC, 0x0DD3, 0x0DBB, 0x0DA2, 0x0D8B, 0x0D73,
0x0D5C, 0x0D46, 0x0D2F, 0x0D19, 0x0D04, 0x0CEE, 0x0CD9, 0x0CC5, 0x0CB0, 0x0C9C, 0x0C88, 0x0C75, 0x0C61, 0x0C4E, 0x0C3B, 0x0C29,
0x0C16, 0x0C04, 0x0BF2, 0x0BE0, 0x0BCF, 0x0BBE, 0x0BAD, 0x0B9C, 0x0B8B, 0x0B7B, 0x0B6A, 0x0B5A, 0x0B4A, 0x0B3A, 0x0B2B, 0x0B1B,
0x0B0C, 0x0AFD, 0x0AEE, 0x0ADF, 0x0AD1, 0x0AC2, 0x0AB4, 0x0AA5, 0x0A97, 0x0A89, 0x0A7C, 0x0A6E, 0x0A60, 0x0A53, 0x0A46, 0x0A38,
0x0A2B, 0x0A1E, 0x0A12, 0x0A05, 0x09F8, 0x09EC, 0x09DF, 0x09D3, 0x09C7, 0x09BB, 0x09AF, 0x09A3, 0x0997, 0x098C, 0x0980, 0x0975,
0x0969, 0x095E, 0x0953, 0x0948, 0x093D, 0x0932, 0x0927, 0x091C, 0x0911, 0x0907, 0x08FC, 0x08F2, 0x08E7, 0x08DD, 0x08D3, 0x08C8,
0x08BE, 0x08B4, 0x08AA, 0x08A1, 0x0897, 0x088D, 0x0883, 0x087A, 0x0870, 0x0867, 0x085D, 0x0854, 0x084B, 0x0841, 0x0838, 0x082F,
0x0826, 0x081D, 0x0814, 0x080B, 0x0802, 0x07FA, 0x07F1, 0x07E8, 0x07E0, 0x07D7, 0x07CF, 0x07C6, 0x07BE, 0x07B6, 0x07AD, 0x07A5,
0x079D, 0x0795, 0x078D, 0x0785, 0x077D, 0x0775, 0x076D, 0x0765, 0x075D, 0x0755, 0x074E, 0x0746, 0x073E, 0x0737, 0x072F, 0x0728,
0x0720, 0x0719, 0x0711, 0x070A, 0x0703, 0x06FB, 0x06F4, 0x06ED, 0x06E6, 0x06DF, 0x06D8, 0x06D1, 0x06C9, 0x06C3, 0x06BC, 0x06B5,
0x06AE, 0x06A7, 0x06A0, 0x0699, 0x0693, 0x068C, 0x0685, 0x067F, 0x0678, 0x0672, 0x066B, 0x0665, 0x065E, 0x0658, 0x0651, 0x064B,
0x0645, 0x063E, 0x0638, 0x0632, 0x062C, 0x0625, 0x061F, 0x0619, 0x0613, 0x060D, 0x0607, 0x0601, 0x05FB, 0x05F5, 0x05EF, 0x05E9,
0x05E3, 0x05DD, 0x05D8, 0x05D2, 0x05CC, 0x05C6, 0x05C1, 0x05BB, 0x05B5, 0x05B0, 0x05AA, 0x05A4, 0x059F, 0x0599, 0x0594, 0x058E,
0x0589, 0x0583, 0x057E, 0x0579, 0x0573, 0x056E, 0x0568, 0x0563, 0x055E, 0x0559, 0x0553, 0x054E, 0x0549, 0x0544, 0x053F, 0x0539,
0x0534, 0x052F, 0x052A, 0x0525, 0x0520, 0x051B, 0x0516, 0x0511, 0x050C, 0x0507, 0x0502, 0x04FD, 0x04F9, 0x04F4, 0x04EF, 0x04EA,
0x04E5, 0x04E1, 0x04DC, 0x04D7, 0x04D2, 0x04CE, 0x04C9, 0x04C4, 0x04C0, 0x04BB, 0x04B6, 0x04B2, 0x04AD, 0x04A9, 0x04A4, 0x04A0,
0x049B, 0x0497, 0x0492, 0x048E, 0x0489, 0x0485, 0x0481, 0x047C, 0x0478, 0x0473, 0x046F, 0x046B, 0x0466, 0x0462, 0x045E, 0x045A,
0x0455, 0x0451, 0x044D, 0x0449, 0x0445, 0x0440, 0x043C, 0x0438, 0x0434, 0x0430, 0x042C, 0x0428, 0x0424, 0x0420, 0x041C, 0x0418,
0x0414, 0x0410, 0x040C, 0x0408, 0x0404, 0x0400, 0x03FC, 0x03F8, 0x03F4, 0x03F0, 0x03EC, 0x03E9, 0x03E5, 0x03E1, 0x03DD, 0x03D9,
0x03D6, 0x03D2, 0x03CE, 0x03CA, 0x03C7, 0x03C3, 0x03BF, 0x03BB, 0x03B8, 0x03B4, 0x03B0, 0x03AD, 0x03A9, 0x03A6, 0x03A2, 0x039E,
0x039B, 0x0397, 0x0394, 0x0390, 0x038D, 0x0389, 0x0386, 0x0382, 0x037F, 0x037B, 0x0378, 0x0374, 0x0371, 0x036D, 0x036A, 0x0367,
0x0363, 0x0360, 0x035C, 0x0359, 0x0356, 0x0352, 0x034F, 0x034C, 0x0348, 0x0345, 0x0342, 0x033F, 0x033B, 0x0338, 0x0335, 0x0332,
0x032E, 0x032B, 0x0328, 0x0325, 0x0322, 0x031E, 0x031B, 0x0318, 0x0315, 0x0312, 0x030F, 0x030C, 0x0309, 0x0305, 0x0302, 0x02FF,
0x02FC, 0x02F9, 0x02F6, 0x02F3, 0x02F0, 0x02ED, 0x02EA, 0x02E7, 0x02E4, 0x02E1, 0x02DE, 0x02DB, 0x02D8, 0x02D5, 0x02D2, 0x02D0,
0x02CD, 0x02CA, 0x02C7, 0x02C4, 0x02C1, 0x02BE, 0x02BB, 0x02B9, 0x02B6, 0x02B3, 0x02B0, 0x02AD, 0x02AB, 0x02A8, 0x02A5, 0x02A2,
0x029F, 0x029D, 0x029A, 0x0297, 0x0294, 0x0292, 0x028F, 0x028C, 0x028A, 0x0287, 0x0284, 0x0282, 0x027F, 0x027C, 0x027A, 0x0277,
0x0274, 0x0272, 0x026F, 0x026D, 0x026A, 0x0267, 0x0265, 0x0262, 0x0260, 0x025D, 0x025B, 0x0258, 0x0255, 0x0253, 0x0250, 0x024E,
0x024B, 0x0249, 0x0246, 0x0244, 0x0242, 0x023F, 0x023D, 0x023A, 0x0238, 0x0235, 0x0233, 0x0230, 0x022E, 0x022C, 0x0229, 0x0227,
0x0224, 0x0222, 0x0220, 0x021D, 0x021B, 0x0219, 0x0216, 0x0214, 0x0212, 0x020F, 0x020D, 0x020B, 0x0208, 0x0206, 0x0204, 0x0202,
0x01FF, 0x01FD, 0x01FB, 0x01F9, 0x01F6, 0x01F4, 0x01F2, 0x01F0, 0x01ED, 0x01EB, 0x01E9, 0x01E7, 0x01E5, 0x01E3, 0x01E0, 0x01DE,
0x01DC, 0x01DA, 0x01D8, 0x01D6, 0x01D3, 0x01D1, 0x01CF, 0x01CD, 0x01CB, 0x01C9, 0x01C7, 0x01C5, 0x01C3, 0x01C1, 0x01BF, 0x01BC,
0x01BA, 0x01B8, 0x01B6, 0x01B4, 0x01B2, 0x01B0, 0x01AE, 0x01AC, 0x01AA, 0x01A8, 0x01A6, 0x01A4, 0x01A2, 0x01A0, 0x019E, 0x019C,
0x019A, 0x0198, 0x0196, 0x0195, 0x0193, 0x0191, 0x018F, 0x018D, 0x018B, 0x0189, 0x0187, 0x0185, 0x0183, 0x0182, 0x0180, 0x017E,
0x017C, 0x017A, 0x0178, 0x0176, 0x0175, 0x0173, 0x0171, 0x016F, 0x016D, 0x016B, 0x016A, 0x0168, 0x0166, 0x0164, 0x0162, 0x0161,
0x015F, 0x015D, 0x015B, 0x015A, 0x0158, 0x0156, 0x0154, 0x0153, 0x0151, 0x014F, 0x014E, 0x014C, 0x014A, 0x0148, 0x0147, 0x0145,
0x0143, 0x0142, 0x0140, 0x013E, 0x013D, 0x013B, 0x0139, 0x0138, 0x0136, 0x0135, 0x0133, 0x0131, 0x0130, 0x012E, 0x012C, 0x012B,
0x0129, 0x0128, 0x0126, 0x0124, 0x0123, 0x0121, 0x0120, 0x011E, 0x011D, 0x011B, 0x011A, 0x0118, 0x0116, 0x0115, 0x0113, 0x0112,
0x0110, 0x010F, 0x010D, 0x010C, 0x010A, 0x0109, 0x0107, 0x0106, 0x0104, 0x0103, 0x0102, 0x0100, 0x00FF, 0x00FD, 0x00FC, 0x00FA,
0x00F9, 0x00F7, 0x00F6, 0x00F5, 0x00F3, 0x00F2, 0x00F0, 0x00EF, 0x00EE, 0x00EC, 0x00EB, 0x00E9, 0x00E8, 0x00E7, 0x00E5, 0x00E4,
0x00E3, 0x00E1, 0x00E0, 0x00DE, 0x00DD, 0x00DC, 0x00DA, 0x00D9, 0x00D8, 0x00D7, 0x00D5, 0x00D4, 0x00D3, 0x00D1, 0x00D0, 0x00CF,
0x00CD, 0x00CC, 0x00CB, 0x00CA, 0x00C8, 0x00C7, 0x00C6, 0x00C5, 0x00C3, 0x00C2, 0x00C1, 0x00C0, 0x00BE, 0x00BD, 0x00BC, 0x00BB,
0x00BA, 0x00B8, 0x00B7, 0x00B6, 0x00B5, 0x00B4, 0x00B2, 0x00B1, 0x00B0, 0x00AF, 0x00AE, 0x00AC, 0x00AB, 0x00AA, 0x00A9, 0x00A8,
0x00A7, 0x00A6, 0x00A4, 0x00A3, 0x00A2, 0x00A1, 0x00A0, 0x009F, 0x009E, 0x009D, 0x009C, 0x009A, 0x0099, 0x0098, 0x0097, 0x0096,
0x0095, 0x0094, 0x0093, 0x0092, 0x0091, 0x0090, 0x008F, 0x008E, 0x008D, 0x008C, 0x008B, 0x008A, 0x0089, 0x0088, 0x0087, 0x0086,
0x0085, 0x0084, 0x0083, 0x0082, 0x0081, 0x0080, 0x007F, 0x007E, 0x007D, 0x007C, 0x007B, 0x007A, 0x0079, 0x0078, 0x0077, 0x0076,
0x0075, 0x0074, 0x0073, 0x0072, 0x0071, 0x0070, 0x006F, 0x006F, 0x006E, 0x006D, 0x006C, 0x006B, 0x006A, 0x0069, 0x0068, 0x0067,
0x0067, 0x0066, 0x0065, 0x0064, 0x0063, 0x0062, 0x0061, 0x0061, 0x0060, 0x005F, 0x005E, 0x005D, 0x005C, 0x005C, 0x005B, 0x005A,
0x0059, 0x0058, 0x0057, 0x0057, 0x0056, 0x0055, 0x0054, 0x0054, 0x0053, 0x0052, 0x0051, 0x0050, 0x0050, 0x004F, 0x004E, 0x004D,
0x004D, 0x004C, 0x004B, 0x004A, 0x004A, 0x0049, 0x0048, 0x0048, 0x0047, 0x0046, 0x0045, 0x0045, 0x0044, 0x0043, 0x0043, 0x0042,
0x0041, 0x0040, 0x0040, 0x003F, 0x003E, 0x003E, 0x003D, 0x003C, 0x003C, 0x003B, 0x003B, 0x003A, 0x0039, 0x0039, 0x0038, 0x0037,
0x0037, 0x0036, 0x0035, 0x0035, 0x0034, 0x0034, 0x0033, 0x0032, 0x0032, 0x0031, 0x0031, 0x0030, 0x002F, 0x002F, 0x002E, 0x002E,
0x002D, 0x002D, 0x002C, 0x002B, 0x002B, 0x002A, 0x002A, 0x0029, 0x0029, 0x0028, 0x0028, 0x0027, 0x0027, 0x0026, 0x0026, 0x0025,
0x0025, 0x0024, 0x0024, 0x0023, 0x0023, 0x0022, 0x0022, 0x0021, 0x0021, 0x0020, 0x0020, 0x001F, 0x001F, 0x001E, 0x001E, 0x001D,
0x001D, 0x001C, 0x001C, 0x001C, 0x001B, 0x001B, 0x001A, 0x001A, 0x0019, 0x0019, 0x0019, 0x0018, 0x0018, 0x0017, 0x0017, 0x0017,
0x0016, 0x0016, 0x0015, 0x0015, 0x0015, 0x0014, 0x0014, 0x0014, 0x0013, 0x0013, 0x0012, 0x0012, 0x0012, 0x0011, 0x0011, 0x0011,
0x0010, 0x0010, 0x0010, 0x000F, 0x000F, 0x000F, 0x000E, 0x000E, 0x000E, 0x000E, 0x000D, 0x000D, 0x000D, 0x000C, 0x000C, 0x000C,
0x000C, 0x000B, 0x000B, 0x000B, 0x000A, 0x000A, 0x000A, 0x000A, 0x0009, 0x0009, 0x0009, 0x0009, 0x0008, 0x0008, 0x0008, 0x0008,
0x0008, 0x0007, 0x0007, 0x0007, 0x0007, 0x0006, 0x0006, 0x0006, 0x0006, 0x0006, 0x0005, 0x0005, 0x0005, 0x0005, 0x0005, 0x0005,
0x0004, 0x0004, 0x0004, 0x0004, 0x0004, 0x0004, 0x0003, 0x0003, 0x0003, 0x0003, 0x0003, 0x0003, 0x0003, 0x0003, 0x0002, 0x0002,
0x0002, 0x0002, 0x0002, 0x0002, 0x0002, 0x0002, 0x0002, 0x0002, 0x0001, 0x0001, 0x0001, 0x0001, 0x0001, 0x0001, 0x0001, 0x0001,
0x0001, 0x0001, 0x0001, 0x0001, 0x0001, 0x0001, 0x0001, 0x0001, 0x0001, 0x0001, 0x0001, 0x0001, 0x0001, 0x0001, 0x0001, 0x0001,
0x0001, 0x0001, 0x0001, 0x0001, 0x0001, 0x0001, 0x0001, 0x0001, 0x0001, 0x0001, 0x0001, 0x0001, 0x0001, 0x0001, 0x0001, 0x0001,
0x0001, 0x0001, 0x0001, 0x0001, 0x0001, 0x0001, 0x0001, 0x0001, 0x0002, 0x0002, 0x0002, 0x0002, 0x0002, 0x0002, 0x0002, 0x0002,
0x0002, 0x0002, 0x0003, 0x0003, 0x0003, 0x0003, 0x0003, 0x0003, 0x0003, 0x0003, 0x0004, 0x0004, 0x0004, 0x0004, 0x0004, 0x0004,
0x0005, 0x0005, 0x0005, 0x0005, 0x0005, 0x0005, 0x0006, 0x0006, 0x0006, 0x0006, 0x0006, 0x0007, 0x0007, 0x0007, 0x0007, 0x0008,
0x0008, 0x0008, 0x0008, 0x0008, 0x0009, 0x0009, 0x0009, 0x0009, 0x000A, 0x000A, 0x000A, 0x000A, 0x000B, 0x000B, 0x000B, 0x000C,
0x000C, 0x000C, 0x000C, 0x000D, 0x000D, 0x000D, 0x000E, 0x000E, 0x000E, 0x000E, 0x000F, 0x000F, 0x000F, 0x0010, 0x0010, 0x0010,
0x0011, 0x0011, 0x0011, 0x0012, 0x0012, 0x0012, 0x0013, 0x0013, 0x0014, 0x0014, 0x0014, 0x0015, 0x0015, 0x0015, 0x0016, 0x0016,
0x0017, 0x0017, 0x0017, 0x0018, 0x0018, 0x0019, 0x0019, 0x0019, 0x001A, 0x001A, 0x001B, 0x001B, 0x001C, 0x001C, 0x001C, 0x001D,
0x001D, 0x001E, 0x001E, 0x001F, 0x001F, 0x0020, 0x0020, 0x0021, 0x0021, 0x0022, 0x0022, 0x0023, 0x0023, 0x0024, 0x0024, 0x0025,
0x0025, 0x0026, 0x0026, 0x0027, 0x0027, 0x0028, 0x0028, 0x0029, 0x0029, 0x002A, 0x002A, 0x002B, 0x002B, 0x002C, 0x002D, 0x002D,
0x002E, 0x002E, 0x002F, 0x002F, 0x0030, 0x0031, 0x0031, 0x0032, 0x0032, 0x0033, 0x0034, 0x0034, 0x0035, 0x0035, 0x0036, 0x0037,
0x0037, 0x0038, 0x0039, 0x0039, 0x003A, 0x003B, 0x003B, 0x003C, 0x003C, 0x003D, 0x003E, 0x003E, 0x003F, 0x0040, 0x0040, 0x0041,
0x0042, 0x0043, 0x0043, 0x0044, 0x0045, 0x0045, 0x0046, 0x0047, 0x0048, 0x0048, 0x0049, 0x004A, 0x004A, 0x004B, 0x004C, 0x004D,
0x004D, 0x004E, 0x004F, 0x0050, 0x0050, 0x0051, 0x0052, 0x0053, 0x0054, 0x0054, 0x0055, 0x0056, 0x0057, 0x0057, 0x0058, 0x0059,
0x005A, 0x005B, 0x005C, 0x005C, 0x005D, 0x005E, 0x005F, 0x0060, 0x0061, 0x0061, 0x0062, 0x0063, 0x0064, 0x0065, 0x0066, 0x0067,
0x0067, 0x0068, 0x0069, 0x006A, 0x006B, 0x006C, 0x006D, 0x006E, 0x006F, 0x006F, 0x0070, 0x0071, 0x0072, 0x0073, 0x0074, 0x0075,
0x0076, 0x0077, 0x0078, 0x0079, 0x007A, 0x007B, 0x007C, 0x007D, 0x007E, 0x007F, 0x0080, 0x0081, 0x0082, 0x0083, 0x0084, 0x0085,
0x0086, 0x0087, 0x0088, 0x0089, 0x008A, 0x008B, 0x008C, 0x008D, 0x008E, 0x008F, 0x0090, 0x0091, 0x0092, 0x0093, 0x0094, 0x0095,
0x0096, 0x0097, 0x0098, 0x0099, 0x009A, 0x009C, 0x009D, 0x009E, 0x009F, 0x00A0, 0x00A1, 0x00A2, 0x00A3, 0x00A4, 0x00A6, 0x00A7,
0x00A8, 0x00A9, 0x00AA, 0x00AB, 0x00AC, 0x00AE, 0x00AF, 0x00B0, 0x00B1, 0x00B2, 0x00B4, 0x00B5, 0x00B6, 0x00B7, 0x00B8, 0x00BA,
0x00BB, 0x00BC, 0x00BD, 0x00BE, 0x00C0, 0x00C1, 0x00C2, 0x00C3, 0x00C5, 0x00C6, 0x00C7, 0x00C8, 0x00CA, 0x00CB, 0x00CC, 0x00CD,
0x00CF, 0x00D0, 0x00D1, 0x00D3, 0x00D4, 0x00D5, 0x00D7, 0x00D8, 0x00D9, 0x00DA, 0x00DC, 0x00DD, 0x00DE, 0x00E0, 0x00E1, 0x00E3,
0x00E4, 0x00E5, 0x00E7, 0x00E8, 0x00E9, 0x00EB, 0x00EC, 0x00EE, 0x00EF, 0x00F0, 0x00F2, 0x00F3, 0x00F5, 0x00F6, 0x00F7, 0x00F9,
0x00FA, 0x00FC, 0x00FD, 0x00FF, 0x0100, 0x0102, 0x0103, 0x0104, 0x0106, 0x0107, 0x0109, 0x010A, 0x010C, 0x010D, 0x010F, 0x0110,
0x0112, 0x0113, 0x0115, 0x0116, 0x0118, 0x011A, 0x011B, 0x011D, 0x011E, 0x0120, 0x0121, 0x0123, 0x0124, 0x0126, 0x0128, 0x0129,
0x012B, 0x012C, 0x012E, 0x0130, 0x0131, 0x0133, 0x0135, 0x0136, 0x0138, 0x0139, 0x013B, 0x013D, 0x013E, 0x0140, 0x0142, 0x0143,
0x0145, 0x0147, 0x0148, 0x014A, 0x014C, 0x014E, 0x014F, 0x0151, 0x0153, 0x0154, 0x0156, 0x0158, 0x015A, 0x015B, 0x015D, 0x015F,
0x0161, 0x0162, 0x0164, 0x0166, 0x0168, 0x016A, 0x016B, 0x016D, 0x016F, 0x0171, 0x0173, 0x0175, 0x0176, 0x0178, 0x017A, 0x017C,
0x017E, 0x0180, 0x0182, 0x0183, 0x0185, 0x0187, 0x0189, 0x018B, 0x018D, 0x018F, 0x0191, 0x0193, 0x0195, 0x0196, 0x0198, 0x019A,
0x019C, 0x019E, 0x01A0, 0x01A2, 0x01A4, 0x01A6, 0x01A8, 0x01AA, 0x01AC, 0x01AE, 0x01B0, 0x01B2, 0x01B4, 0x01B6, 0x01B8, 0x01BA,
0x01BC, 0x01BF, 0x01C1, 0x01C3, 0x01C5, 0x01C7, 0x01C9, 0x01CB, 0x01CD, 0x01CF, 0x01D1, 0x01D3, 0x01D6, 0x01D8, 0x01DA, 0x01DC,
0x01DE, 0x01E0, 0x01E3, 0x01E5, 0x01E7, 0x01E9, 0x01EB, 0x01ED, 0x01F0, 0x01F2, 0x01F4, 0x01F6, 0x01F9, 0x01FB, 0x01FD, 0x01FF,
0x0202, 0x0204, 0x0206, 0x0208, 0x020B, 0x020D, 0x020F, 0x0212, 0x0214, 0x0216, 0x0219, 0x021B, 0x021D, 0x0220, 0x0222, 0x0224,
0x0227, 0x0229, 0x022C, 0x022E, 0x0230, 0x0233, 0x0235, 0x0238, 0x023A, 0x023D, 0x023F, 0x0242, 0x0244, 0x0246, 0x0249, 0x024B,
0x024E, 0x0250, 0x0253, 0x0255, 0x0258, 0x025B, 0x025D, 0x0260, 0x0262, 0x0265, 0x0267, 0x026A, 0x026D, 0x026F, 0x0272, 0x0274,
0x0277, 0x027A, 0x027C, 0x027F, 0x0282, 0x0284, 0x0287, 0x028A, 0x028C, 0x028F, 0x0292, 0x0294, 0x0297, 0x029A, 0x029D, 0x029F,
0x02A2, 0x02A5, 0x02A8, 0x02AB, 0x02AD, 0x02B0, 0x02B3, 0x02B6, 0x02B9, 0x02BB, 0x02BE, 0x02C1, 0x02C4, 0x02C7, 0x02CA, 0x02CD,
0x02D0, 0x02D2, 0x02D5, 0x02D8, 0x02DB, 0x02DE, 0x02E1, 0x02E4, 0x02E7, 0x02EA, 0x02ED, 0x02F0, 0x02F3, 0x02F6, 0x02F9, 0x02FC,
0x02FF, 0x0302, 0x0305, 0x0309, 0x030C, 0x030F, 0x0312, 0x0315, 0x0318, 0x031B, 0x031E, 0x0322, 0x0325, 0x0328, 0x032B, 0x032E,
0x0332, 0x0335, 0x0338, 0x033B, 0x033F, 0x0342, 0x0345, 0x0348, 0x034C, 0x034F, 0x0352, 0x0356, 0x0359, 0x035C, 0x0360, 0x0363,
0x0367, 0x036A, 0x036D, 0x0371, 0x0374, 0x0378, 0x037B, 0x037F, 0x0382, 0x0386, 0x0389, 0x038D, 0x0390, 0x0394, 0x0397, 0x039B,
0x039E, 0x03A2, 0x03A6, 0x03A9, 0x03AD, 0x03B0, 0x03B4, 0x03B8, 0x03BB, 0x03BF, 0x03C3, 0x03C7, 0x03CA, 0x03CE, 0x03D2, 0x03D6,
0x03D9, 0x03DD, 0x03E1, 0x03E5, 0x03E9, 0x03EC, 0x03F0, 0x03F4, 0x03F8, 0x03FC, 0x0400, 0x0404, 0x0408, 0x040C, 0x0410, 0x0414,
0x0418, 0x041C, 0x0420, 0x0424, 0x0428, 0x042C, 0x0430, 0x0434, 0x0438, 0x043C, 0x0440, 0x0445, 0x0449, 0x044D, 0x0451, 0x0455,
0x045A, 0x045E, 0x0462, 0x0466, 0x046B, 0x046F, 0x0473, 0x0478, 0x047C, 0x0481, 0x0485, 0x0489, 0x048E, 0x0492, 0x0497, 0x049B,
0x04A0, 0x04A4, 0x04A9, 0x04AD, 0x04B2, 0x04B6, 0x04BB, 0x04C0, 0x04C4, 0x04C9, 0x04CE, 0x04D2, 0x04D7, 0x04DC, 0x04E1, 0x04E5,
0x04EA, 0x04EF, 0x04F4, 0x04F9, 0x04FD, 0x0502, 0x0507, 0x050C, 0x0511, 0x0516, 0x051B, 0x0520, 0x0525, 0x052A, 0x052F, 0x0534,
0x0539, 0x053F, 0x0544, 0x0549, 0x054E, 0x0553, 0x0559, 0x055E, 0x0563, 0x0568, 0x056E, 0x0573, 0x0579, 0x057E, 0x0583, 0x0589,
0x058E, 0x0594, 0x0599, 0x059F, 0x05A4, 0x05AA, 0x05B0, 0x05B5, 0x05BB, 0x05C1, 0x05C6, 0x05CC, 0x05D2, 0x05D8, 0x05DD, 0x05E3,
0x05E9, 0x05EF, 0x05F5, 0x05FB, 0x0601, 0x0607, 0x060D, 0x0613, 0x0619, 0x061F, 0x0625, 0x062C, 0x0632, 0x0638, 0x063E, 0x0645,
0x064B, 0x0651, 0x0658, 0x065E, 0x0665, 0x066B, 0x0672, 0x0678, 0x067F, 0x0685, 0x068C, 0x0693, 0x0699, 0x06A0, 0x06A7, 0x06AE,
0x06B5, 0x06BC, 0x06C3, 0x06C9, 0x06D1, 0x06D8, 0x06DF, 0x06E6, 0x06ED, 0x06F4, 0x06FB, 0x0703, 0x070A, 0x0711, 0x0719, 0x0720,
0x0728, 0x072F, 0x0737, 0x073E, 0x0746, 0x074E, 0x0755, 0x075D, 0x0765, 0x076D, 0x0775, 0x077D, 0x0785, 0x078D, 0x0795, 0x079D,
0x07A5, 0x07AD, 0x07B6, 0x07BE, 0x07C6, 0x07CF, 0x07D7, 0x07E0, 0x07E8, 0x07F1, 0x07FA, 0x0802, 0x080B, 0x0814, 0x081D, 0x0826,
0x082F, 0x0838, 0x0841, 0x084B, 0x0854, 0x085D, 0x0867, 0x0870, 0x087A, 0x0883, 0x088D, 0x0897, 0x08A1, 0x08AA, 0x08B4, 0x08BE,
0x08C8, 0x08D3, 0x08DD, 0x08E7, 0x08F2, 0x08FC, 0x0907, 0x0911, 0x091C, 0x0927, 0x0932, 0x093D, 0x0948, 0x0953, 0x095E, 0x0969,
0x0975, 0x0980, 0x098C, 0x0997, 0x09A3, 0x09AF, 0x09BB, 0x09C7, 0x09D3, 0x09DF, 0x09EC, 0x09F8, 0x0A05, 0x0A12, 0x0A1E, 0x0A2B,
0x0A38, 0x0A46, 0x0A53, 0x0A60, 0x0A6E, 0x0A7C, 0x0A89, 0x0A97, 0x0AA5, 0x0AB4, 0x0AC2, 0x0AD1, 0x0ADF, 0x0AEE, 0x0AFD, 0x0B0C,
0x0B1B, 0x0B2B, 0x0B3A, 0x0B4A, 0x0B5A, 0x0B6A, 0x0B7B, 0x0B8B, 0x0B9C, 0x0BAD, 0x0BBE, 0x0BCF, 0x0BE0, 0x0BF2, 0x0C04, 0x0C16,
0x0C29, 0x0C3B, 0x0C4E, 0x0C61, 0x0C75, 0x0C88, 0x0C9C, 0x0CB0, 0x0CC5, 0x0CD9, 0x0CEE, 0x0D04, 0x0D19, 0x0D2F, 0x0D46, 0x0D5C,
0x0D73, 0x0D8B, 0x0DA2, 0x0DBB, 0x0DD3, 0x0DEC, 0x0E06, 0x0E1F, 0x0E3A, 0x0E54, 0x0E70, 0x0E8C, 0x0EA8, 0x0EC5, 0x0EE2, 0x0F00,
0x0F1F, 0x0F3F, 0x0F5F, 0x0F7F, 0x0FA1, 0x0FC3, 0x0FE6, 0x100A, 0x102F, 0x1055, 0x107C, 0x10A4, 0x10CD, 0x10F7, 0x1122, 0x114F,
0x117D, 0x11AD, 0x11DE, 0x1211, 0x1246, 0x127C, 0x12B5, 0x12F0, 0x132E, 0x136E, 0x13B1, 0x13F7, 0x1441, 0x148F, 0x14E1, 0x1538,
0x1594, 0x15F7, 0x1660, 0x16D2, 0x174D, 0x17D4, 0x1868, 0x190C, 0x19C5, 0x1A98, 0x1B8F, 0x1CB7, 0x1E2B, 0x201C, 0x230E, 0x2965,
0x2965, 0x230E, 0x201C, 0x1E2B, 0x1CB7, 0x1B8F, 0x1A98, 0x19C5, 0x190C, 0x1868, 0x17D4, 0x174D, 0x16D2, 0x1660, 0x15F7, 0x1594,
0x1538, 0x14E1, 0x148F, 0x1441, 0x13F7, 0x13B1, 0x136E, 0x132E, 0x12F0, 0x12B5, 0x127C, 0x1246, 0x1211, 0x11DE, 0x11AD, 0x117D,
0x114F, 0x1122, 0x10F7, 0x10CD, 0x10A4, 0x107C, 0x1055, 0x102F, 0x100A, 0x0FE6, 0x0FC3, 0x0FA1, 0x0F7F, 0x0F5F, 0x0F3F, 0x0F1F,
0x0F00, 0x0EE2, 0x0EC5, 0x0EA8, 0x0E8C, 0x0E70, 0x0E54, 0x0E3A, 0x0E1F, 0x0E06, 0x0DEC, 0x0DD3, 0x0DBB, 0x0DA2, 0x0D8B, 0x0D73,
0x0D5C, 0x0D46, 0x0D2F, 0x0D19, 0x0D04, 0x0CEE, 0x0CD9, 0x0CC5, 0x0CB0, 0x0C9C, 0x0C88, 0x0C75, 0x0C61, 0x0C4E, 0x0C3B, 0x0C29,
0x0C16, 0x0C04, 0x0BF2, 0x0BE0, 0x0BCF, 0x0BBE, 0x0BAD, 0x0B9C, 0x0B8B, 0x0B7B, 0x0B6A, 0x0B5A, 0x0B4A, 0x0B3A, 0x0B2B, 0x0B1B,
0x0B0C, 0x0AFD, 0x0AEE, 0x0ADF, 0x0AD1, 0x0AC2, 0x0AB4, 0x0AA5, 0x0A97, 0x0A89, 0x0A7C, 0x0A6E, 0x0A60, 0x0A53, 0x0A46, 0x0A38,
0x0A2B, 0x0A1E, 0x0A12, 0x0A05, 0x09F8, 0x09EC, 0x09DF, 0x09D3, 0x09C7, 0x09BB, 0x09AF, 0x09A3, 0x0997, 0x098C, 0x0980, 0x0975,
0x0969, 0x095E, 0x0953, 0x0948, 0x093D, 0x0932, 0x0927, 0x091C, 0x0911, 0x0907, 0x08FC, 0x08F2, 0x08E7, 0x08DD, 0x08D3, 0x08C8,
0x08BE, 0x08B4, 0x08AA, 0x08A1, 0x0897, 0x088D, 0x0883, 0x087A, 0x0870, 0x0867, 0x085D, 0x0854, 0x084B, 0x0841, 0x0838, 0x082F,
0x0826, 0x081D, 0x0814, 0x080B, 0x0802, 0x07FA, 0x07F1, 0x07E8, 0x07E0, 0x07D7, 0x07CF, 0x07C6, 0x07BE, 0x07B6, 0x07AD, 0x07A5,
0x079D, 0x0795, 0x078D, 0x0785, 0x077D, 0x0775, 0x076D, 0x0765, 0x075D, 0x0755, 0x074E, 0x0746, 0x073E, 0x0737, 0x072F, 0x0728,
0x0720, 0x0719, 0x0711, 0x070A, 0x0703, 0x06FB, 0x06F4, 0x06ED, 0x06E6, 0x06DF, 0x06D8, 0x06D1, 0x06C9, 0x06C3, 0x06BC, 0x06B5,
0x06AE, 0x06A7, 0x06A0, 0x0699, 0x0693, 0x068C, 0x0685, 0x067F, 0x0678, 0x0672, 0x066B, 0x0665, 0x065E, 0x0658, 0x0651, 0x064B,
0x0645, 0x063E, 0x0638, 0x0632, 0x062C, 0x0625, 0x061F, 0x0619, 0x0613, 0x060D, 0x0607, 0x0601, 0x05FB, 0x05F5, 0x05EF, 0x05E9,
0x05E3, 0x05DD, 0x05D8, 0x05D2, 0x05CC, 0x05C6, 0x05C1, 0x05BB, 0x05B5, 0x05B0, 0x05AA, 0x05A4, 0x059F, 0x0599, 0x0594, 0x058E,
0x0589, 0x0583, 0x057E, 0x0579, 0x0573, 0x056E, 0x0568, 0x0563, 0x055E, 0x0559, 0x0553, 0x054E, 0x0549, 0x0544, 0x053F, 0x0539,
0x0534, 0x052F, 0x052A, 0x0525, 0x0520, 0x051B, 0x0516, 0x0511, 0x050C, 0x0507, 0x0502, 0x04FD, 0x04F9, 0x04F4, 0x04EF, 0x04EA,
0x04E5, 0x04E1, 0x04DC, 0x04D7, 0x04D2, 0x04CE, 0x04C9, 0x04C4, 0x04C0, 0x04BB, 0x04B6, 0x04B2, 0x04AD, 0x04A9, 0x04A4, 0x04A0,
0x049B, 0x0497, 0x0492, 0x048E, 0x0489, 0x0485, 0x0481, 0x047C, 0x0478, 0x0473, 0x046F, 0x046B, 0x0466, 0x0462, 0x045E, 0x045A,
0x0455, 0x0451, 0x044D, 0x0449, 0x0445, 0x0440, 0x043C, 0x0438, 0x0434, 0x0430, 0x042C, 0x0428, 0x0424, 0x0420, 0x041C, 0x0418,
0x0414, 0x0410, 0x040C, 0x0408, 0x0404, 0x0400, 0x03FC, 0x03F8, 0x03F4, 0x03F0, 0x03EC, 0x03E9, 0x03E5, 0x03E1, 0x03DD, 0x03D9,
0x03D6, 0x03D2, 0x03CE, 0x03CA, 0x03C7, 0x03C3, 0x03BF, 0x03BB, 0x03B8, 0x03B4, 0x03B0, 0x03AD, 0x03A9, 0x03A6, 0x03A2, 0x039E,
0x039B, 0x0397, 0x0394, 0x0390, 0x038D, 0x0389, 0x0386, 0x0382, 0x037F, 0x037B, 0x0378, 0x0374, 0x0371, 0x036D, 0x036A, 0x0367,
0x0363, 0x0360, 0x035C, 0x0359, 0x0356, 0x0352, 0x034F, 0x034C, 0x0348, 0x0345, 0x0342, 0x033F, 0x033B, 0x0338, 0x0335, 0x0332,
0x032E, 0x032B, 0x0328, 0x0325, 0x0322, 0x031E, 0x031B, 0x0318, 0x0315, 0x0312, 0x030F, 0x030C, 0x0309, 0x0305, 0x0302, 0x02FF,
0x02FC, 0x02F9, 0x02F6, 0x02F3, 0x02F0, 0x02ED, 0x02EA, 0x02E7, 0x02E4, 0x02E1, 0x02DE, 0x02DB, 0x02D8, 0x02D5, 0x02D2, 0x02D0,
0x02CD, 0x02CA, 0x02C7, 0x02C4, 0x02C1, 0x02BE, 0x02BB, 0x02B9, 0x02B6, 0x02B3, 0x02B0, 0x02AD, 0x02AB, 0x02A8, 0x02A5, 0x02A2,
0x029F, 0x029D, 0x029A, 0x0297, 0x0294, 0x0292, 0x028F, 0x028C, 0x028A, 0x0287, 0x0284, 0x0282, 0x027F, 0x027C, 0x027A, 0x0277,
0x0274, 0x0272, 0x026F, 0x026D, 0x026A, 0x0267, 0x0265, 0x0262, 0x0260, 0x025D, 0x025B, 0x0258, 0x0255, 0x0253, 0x0250, 0x024E,
0x024B, 0x0249, 0x0246, 0x0244, 0x0242, 0x023F, 0x023D, 0x023A, 0x0238, 0x0235, 0x0233, 0x0230, 0x022E, 0x022C, 0x0229, 0x0227,
0x0224, 0x0222, 0x0220, 0x021D, 0x021B, 0x0219, 0x0216, 0x0214, 0x0212, 0x020F, 0x020D, 0x020B, 0x0208, 0x0206, 0x0204, 0x0202,
0x01FF, 0x01FD, 0x01FB, 0x01F9, 0x01F6, 0x01F4, 0x01F2, 0x01F0, 0x01ED, 0x01EB, 0x01E9, 0x01E7, 0x01E5, 0x01E3, 0x01E0, 0x01DE,
0x01DC, 0x01DA, 0x01D8, 0x01D6, 0x01D3, 0x01D1, 0x01CF, 0x01CD, 0x01CB, 0x01C9, 0x01C7, 0x01C5, 0x01C3, 0x01C1, 0x01BF, 0x01BC,
0x01BA, 0x01B8, 0x01B6, 0x01B4, 0x01B2, 0x01B0, 0x01AE, 0x01AC, 0x01AA, 0x01A8, 0x01A6, 0x01A4, 0x01A2, 0x01A0, 0x019E, 0x019C,
0x019A, 0x0198, 0x0196, 0x0195, 0x0193, 0x0191, 0x018F, 0x018D, 0x018B, 0x0189, 0x0187, 0x0185, 0x0183, 0x0182, 0x0180, 0x017E,
0x017C, 0x017A, 0x0178, 0x0176, 0x0175, 0x0173, 0x0171, 0x016F, 0x016D, 0x016B, 0x016A, 0x0168, 0x0166, 0x0164, 0x0162, 0x0161,
0x015F, 0x015D, 0x015B, 0x015A, 0x0158, 0x0156, 0x0154, 0x0153, 0x0151, 0x014F, 0x014E, 0x014C, 0x014A, 0x0148, 0x0147, 0x0145,
0x0143, 0x0142, 0x0140, 0x013E, 0x013D, 0x013B, 0x0139, 0x0138, 0x0136, 0x0135, 0x0133, 0x0131, 0x0130, 0x012E, 0x012C, 0x012B,
0x0129, 0x0128, 0x0126, 0x0124, 0x0123, 0x0121, 0x0120, 0x011E, 0x011D, 0x011B, 0x011A, 0x0118, 0x0116, 0x0115, 0x0113, 0x0112,
0x0110, 0x010F, 0x010D, 0x010C, 0x010A, 0x0109, 0x0107, 0x0106, 0x0104, 0x0103, 0x0102, 0x0100, 0x00FF, 0x00FD, 0x00FC, 0x00FA,
0x00F9, 0x00F7, 0x00F6, 0x00F5, 0x00F3, 0x00F2, 0x00F0, 0x00EF, 0x00EE, 0x00EC, 0x00EB, 0x00E9, 0x00E8, 0x00E7, 0x00E5, 0x00E4,
0x00E3, 0x00E1, 0x00E0, 0x00DE, 0x00DD, 0x00DC, 0x00DA, 0x00D9, 0x00D8, 0x00D7, 0x00D5, 0x00D4, 0x00D3, 0x00D1, 0x00D0, 0x00CF,
0x00CD, 0x00CC, 0x00CB, 0x00CA, 0x00C8, 0x00C7, 0x00C6, 0x00C5, 0x00C3, 0x00C2, 0x00C1, 0x00C0, 0x00BE, 0x00BD, 0x00BC, 0x00BB,
0x00BA, 0x00B8, 0x00B7, 0x00B6, 0x00B5, 0x00B4, 0x00B2, 0x00B1, 0x00B0, 0x00AF, 0x00AE, 0x00AC, 0x00AB, 0x00AA, 0x00A9, 0x00A8,
0x00A7, 0x00A6, 0x00A4, 0x00A3, 0x00A2, 0x00A1, 0x00A0, 0x009F, 0x009E, 0x009D, 0x009C, 0x009A, 0x0099, 0x0098, 0x0097, 0x0096,
0x0095, 0x0094, 0x0093, 0x0092, 0x0091, 0x0090, 0x008F, 0x008E, 0x008D, 0x008C, 0x008B, 0x008A, 0x0089, 0x0088, 0x0087, 0x0086,
0x0085, 0x0084, 0x0083, 0x0082, 0x0081, 0x0080, 0x007F, 0x007E, 0x007D, 0x007C, 0x007B, 0x007A, 0x0079, 0x0078, 0x0077, 0x0076,
0x0075, 0x0074, 0x0073, 0x0072, 0x0071, 0x0070, 0x006F, 0x006F, 0x006E, 0x006D, 0x006C, 0x006B, 0x006A, 0x0069, 0x0068, 0x0067,
0x0067, 0x0066, 0x0065, 0x0064, 0x0063, 0x0062, 0x0061, 0x0061, 0x0060, 0x005F, 0x005E, 0x005D, 0x005C, 0x005C, 0x005B, 0x005A,
0x0059, 0x0058, 0x0057, 0x0057, 0x0056, 0x0055, 0x0054, 0x0054, 0x0053, 0x0052, 0x0051, 0x0050, 0x0050, 0x004F, 0x004E, 0x004D,
0x004D, 0x004C, 0x004B, 0x004A, 0x004A, 0x0049, 0x0048, 0x0048, 0x0047, 0x0046, 0x0045, 0x0045, 0x0044, 0x0043, 0x0043, 0x0042,
0x0041, 0x0040, 0x0040, 0x003F, 0x003E, 0x003E, 0x003D, 0x003C, 0x003C, 0x003B, 0x003B, 0x003A, 0x0039, 0x0039, 0x0038, 0x0037,
0x0037, 0x0036, 0x0035, 0x0035, 0x0034, 0x0034, 0x0033, 0x0032, 0x0032, 0x0031, 0x0031, 0x0030, 0x002F, 0x002F, 0x002E, 0x002E,
0x002D, 0x002D, 0x002C, 0x002B, 0x002B, 0x002A, 0x002A, 0x0029, 0x0029, 0x0028, 0x0028, 0x0027, 0x0027, 0x0026, 0x0026, 0x0025,
0x0025, 0x0024, 0x0024, 0x0023, 0x0023, 0x0022, 0x0022, 0x0021, 0x0021, 0x0020, 0x0020, 0x001F, 0x001F, 0x001E, 0x001E, 0x001D,
0x001D, 0x001C, 0x001C, 0x001C, 0x001B, 0x001B, 0x001A, 0x001A, 0x0019, 0x0019, 0x0019, 0x0018, 0x0018, 0x0017, 0x0017, 0x0017,
0x0016, 0x0016, 0x0015, 0x0015, 0x0015, 0x0014, 0x0014, 0x0014, 0x0013, 0x0013, 0x0012, 0x0012, 0x0012, 0x0011, 0x0011, 0x0011,
0x0010, 0x0010, 0x0010, 0x000F, 0x000F, 0x000F, 0x000E, 0x000E, 0x000E, 0x000E, 0x000D, 0x000D, 0x000D, 0x000C, 0x000C, 0x000C,
0x000C, 0x000B, 0x000B, 0x000B, 0x000A, 0x000A, 0x000A, 0x000A, 0x0009, 0x0009, 0x0009, 0x0009, 0x0008, 0x0008, 0x0008, 0x0008,
0x0008, 0x0007, 0x0007, 0x0007, 0x0007, 0x0006, 0x0006, 0x0006, 0x0006, 0x0006, 0x0005, 0x0005, 0x0005, 0x0005, 0x0005, 0x0005,
0x0004, 0x0004, 0x0004, 0x0004, 0x0004, 0x0004, 0x0003, 0x0003, 0x0003, 0x0003, 0x0003, 0x0003, 0x0003, 0x0003, 0x0002, 0x0002,
0x0002, 0x0002, 0x0002, 0x0002, 0x0002, 0x0002, 0x0002, 0x0002, 0x0001, 0x0001, 0x0001, 0x0001, 0x0001, 0x0001, 0x0001, 0x0001,
0x0001, 0x0001, 0x0001, 0x0001, 0x0001, 0x0001, 0x0001, 0x0001, 0x0001, 0x0001, 0x0001, 0x0001, 0x0001, 0x0001, 0x0001, 0x0001,
0x0001, 0x0001, 0x0001, 0x0001, 0x0001, 0x0001, 0x0001, 0x0001, 0x0001, 0x0001, 0x0001, 0x0001, 0x0001, 0x0001, 0x0001, 0x0001,
0x0001, 0x0001, 0x0001, 0x0001, 0x0001, 0x0001, 0x0001, 0x0001, 0x0002, 0x0002, 0x0002, 0x0002, 0x0002, 0x0002, 0x0002, 0x0002,
0x0002, 0x0002, 0x0003, 0x0003, 0x0003, 0x0003, 0x0003, 0x0003, 0x0003, 0x0003, 0x0004, 0x0004, 0x0004, 0x0004, 0x0004, 0x0004,
0x0005, 0x0005, 0x0005, 0x0005, 0x0005, 0x0005, 0x0006, 0x0006, 0x0006, 0x0006, 0x0006, 0x0007, 0x0007, 0x0007, 0x0007, 0x0008,
0x0008, 0x0008, 0x0008, 0x0008, 0x0009, 0x0009, 0x0009, 0x0009, 0x000A, 0x000A, 0x000A, 0x000A, 0x000B, 0x000B, 0x000B, 0x000C,
0x000C, 0x000C, 0x000C, 0x000D, 0x000D, 0x000D, 0x000E, 0x000E, 0x000E, 0x000E, 0x000F, 0x000F, 0x000F, 0x0010, 0x0010, 0x0010,
0x0011, 0x0011, 0x0011, 0x0012, 0x0012, 0x0012, 0x0013, 0x0013, 0x0014, 0x0014, 0x0014, 0x0015, 0x0015, 0x0015, 0x0016, 0x0016,
0x0017, 0x0017, 0x0017, 0x0018, 0x0018, 0x0019, 0x0019, 0x0019, 0x001A, 0x001A, 0x001B, 0x001B, 0x001C, 0x001C, 0x001C, 0x001D,
0x001D, 0x001E, 0x001E, 0x001F, 0x001F, 0x0020, 0x0020, 0x0021, 0x0021, 0x0022, 0x0022, 0x0023, 0x0023, 0x0024, 0x0024, 0x0025,
0x0025, 0x0026, 0x0026, 0x0027, 0x0027, 0x0028, 0x0028, 0x0029, 0x0029, 0x002A, 0x002A, 0x002B, 0x002B, 0x002C, 0x002D, 0x002D,
0x002E, 0x002E, 0x002F, 0x002F, 0x0030, 0x0031, 0x0031, 0x0032, 0x0032, 0x0033, 0x0034, 0x0034, 0x0035, 0x0035, 0x0036, 0x0037,
0x0037, 0x0038, 0x0039, 0x0039, 0x003A, 0x003B, 0x003B, 0x003C, 0x003C, 0x003D, 0x003E, 0x003E, 0x003F, 0x0040, 0x0040, 0x0041,
0x0042, 0x0043, 0x0043, 0x0044, 0x0045, 0x0045, 0x0046, 0x0047, 0x0048, 0x0048, 0x0049, 0x004A, 0x004A, 0x004B, 0x004C, 0x004D,
0x004D, 0x004E, 0x004F, 0x0050, 0x0050, 0x0051, 0x0052, 0x0053, 0x0054, 0x0054, 0x0055, 0x0056, 0x0057, 0x0057, 0x0058, 0x0059,
0x005A, 0x005B, 0x005C, 0x005C, 0x005D, 0x005E, 0x005F, 0x0060, 0x0061, 0x0061, 0x0062, 0x0063, 0x0064, 0x0065, 0x0066, 0x0067,
0x0067, 0x0068, 0x0069, 0x006A, 0x006B, 0x006C, 0x006D, 0x006E, 0x006F, 0x006F, 0x0070, 0x0071, 0x0072, 0x0073, 0x0074, 0x0075,
0x0076, 0x0077, 0x0078, 0x0079, 0x007A, 0x007B, 0x007C, 0x007D, 0x007E, 0x007F, 0x0080, 0x0081, 0x0082, 0x0083, 0x0084, 0x0085,
0x0086, 0x0087, 0x0088, 0x0089, 0x008A, 0x008B, 0x008C, 0x008D, 0x008E, 0x008F, 0x0090, 0x0091, 0x0092, 0x0093, 0x0094, 0x0095,
0x0096, 0x0097, 0x0098, 0x0099, 0x009A, 0x009C, 0x009D, 0x009E, 0x009F, 0x00A0, 0x00A1, 0x00A2, 0x00A3, 0x00A4, 0x00A6, 0x00A7,
0x00A8, 0x00A9, 0x00AA, 0x00AB, 0x00AC, 0x00AE, 0x00AF, 0x00B0, 0x00B1, 0x00B2, 0x00B4, 0x00B5, 0x00B6, 0x00B7, 0x00B8, 0x00BA,
0x00BB, 0x00BC, 0x00BD, 0x00BE, 0x00C0, 0x00C1, 0x00C2, 0x00C3, 0x00C5, 0x00C6, 0x00C7, 0x00C8, 0x00CA, 0x00CB, 0x00CC, 0x00CD,
0x00CF, 0x00D0, 0x00D1, 0x00D3, 0x00D4, 0x00D5, 0x00D7, 0x00D8, 0x00D9, 0x00DA, 0x00DC, 0x00DD, 0x00DE, 0x00E0, 0x00E1, 0x00E3,
0x00E4, 0x00E5, 0x00E7, 0x00E8, 0x00E9, 0x00EB, 0x00EC, 0x00EE, 0x00EF, 0x00F0, 0x00F2, 0x00F3, 0x00F5, 0x00F6, 0x00F7, 0x00F9,
0x00FA, 0x00FC, 0x00FD, 0x00FF, 0x0100, 0x0102, 0x0103, 0x0104, 0x0106, 0x0107, 0x0109, 0x010A, 0x010C, 0x010D, 0x010F, 0x0110,
0x0112, 0x0113, 0x0115, 0x0116, 0x0118, 0x011A, 0x011B, 0x011D, 0x011E, 0x0120, 0x0121, 0x0123, 0x0124, 0x0126, 0x0128, 0x0129,
0x012B, 0x012C, 0x012E, 0x0130, 0x0131, 0x0133, 0x0135, 0x0136, 0x0138, 0x0139, 0x013B, 0x013D, 0x013E, 0x0140, 0x0142, 0x0143,
0x0145, 0x0147, 0x0148, 0x014A, 0x014C, 0x014E, 0x014F, 0x0151, 0x0153, 0x0154, 0x0156, 0x0158, 0x015A, 0x015B, 0x015D, 0x015F,
0x0161, 0x0162, 0x0164, 0x0166, 0x0168, 0x016A, 0x016B, 0x016D, 0x016F, 0x0171, 0x0173, 0x0175, 0x0176, 0x0178, 0x017A, 0x017C,
0x017E, 0x0180, 0x0182, 0x0183, 0x0185, 0x0187, 0x0189, 0x018B, 0x018D, 0x018F, 0x0191, 0x0193, 0x0195, 0x0196, 0x0198, 0x019A,
0x019C, 0x019E, 0x01A0, 0x01A2, 0x01A4, 0x01A6, 0x01A8, 0x01AA, 0x01AC, 0x01AE, 0x01B0, 0x01B2, 0x01B4, 0x01B6, 0x01B8, 0x01BA,
0x01BC, 0x01BF, 0x01C1, 0x01C3, 0x01C5, 0x01C7, 0x01C9, 0x01CB, 0x01CD, 0x01CF, 0x01D1, 0x01D3, 0x01D6, 0x01D8, 0x01DA, 0x01DC,
0x01DE, 0x01E0, 0x01E3, 0x01E5, 0x01E7, 0x01E9, 0x01EB, 0x01ED, 0x01F0, 0x01F2, 0x01F4, 0x01F6, 0x01F9, 0x01FB, 0x01FD, 0x01FF,
0x0202, 0x0204, 0x0206, 0x0208, 0x020B, 0x020D, 0x020F, 0x0212, 0x0214, 0x0216, 0x0219, 0x021B, 0x021D, 0x0220, 0x0222, 0x0224,
0x0227, 0x0229, 0x022C, 0x022E, 0x0230, 0x0233, 0x0235, 0x0238, 0x023A, 0x023D, 0x023F, 0x0242, 0x0244, 0x0246, 0x0249, 0x024B,
0x024E, 0x0250, 0x0253, 0x0255, 0x0258, 0x025B, 0x025D, 0x0260, 0x0262, 0x0265, 0x0267, 0x026A, 0x026D, 0x026F, 0x0272, 0x0274,
0x0277, 0x027A, 0x027C, 0x027F, 0x0282, 0x0284, 0x0287, 0x028A, 0x028C, 0x028F, 0x0292, 0x0294, 0x0297, 0x029A, 0x029D, 0x029F,
0x02A2, 0x02A5, 0x02A8, 0x02AB, 0x02AD, 0x02B0, 0x02B3, 0x02B6, 0x02B9, 0x02BB, 0x02BE, 0x02C1, 0x02C4, 0x02C7, 0x02CA, 0x02CD,
0x02D0, 0x02D2, 0x02D5, 0x02D8, 0x02DB, 0x02DE, 0x02E1, 0x02E4, 0x02E7, 0x02EA, 0x02ED, 0x02F0, 0x02F3, 0x02F6, 0x02F9, 0x02FC,
0x02FF, 0x0302, 0x0305, 0x0309, 0x030C, 0x030F, 0x0312, 0x0315, 0x0318, 0x031B, 0x031E, 0x0322, 0x0325, 0x0328, 0x032B, 0x032E,
0x0332, 0x0335, 0x0338, 0x033B, 0x033F, 0x0342, 0x0345, 0x0348, 0x034C, 0x034F, 0x0352, 0x0356, 0x0359, 0x035C, 0x0360, 0x0363,
0x0367, 0x036A, 0x036D, 0x0371, 0x0374, 0x0378, 0x037B, 0x037F, 0x0382, 0x0386, 0x0389, 0x038D, 0x0390, 0x0394, 0x0397, 0x039B,
0x039E, 0x03A2, 0x03A6, 0x03A9, 0x03AD, 0x03B0, 0x03B4, 0x03B8, 0x03BB, 0x03BF, 0x03C3, 0x03C7, 0x03CA, 0x03CE, 0x03D2, 0x03D6,
0x03D9, 0x03DD, 0x03E1, 0x03E5, 0x03E9, 0x03EC, 0x03F0, 0x03F4, 0x03F8, 0x03FC, 0x0400, 0x0404, 0x0408, 0x040C, 0x0410, 0x0414,
0x0418, 0x041C, 0x0420, 0x0424, 0x0428, 0x042C, 0x0430, 0x0434, 0x0438, 0x043C, 0x0440, 0x0445, 0x0449, 0x044D, 0x0451, 0x0455,
0x045A, 0x045E, 0x0462, 0x0466, 0x046B, 0x046F, 0x0473, 0x0478, 0x047C, 0x0481, 0x0485, 0x0489, 0x048E, 0x0492, 0x0497, 0x049B,
0x04A0, 0x04A4, 0x04A9, 0x04AD, 0x04B2, 0x04B6, 0x04BB, 0x04C0, 0x04C4, 0x04C9, 0x04CE, 0x04D2, 0x04D7, 0x04DC, 0x04E1, 0x04E5,
0x04EA, 0x04EF, 0x04F4, 0x04F9, 0x04FD, 0x0502, 0x0507, 0x050C, 0x0511, 0x0516, 0x051B, 0x0520, 0x0525, 0x052A, 0x052F, 0x0534,
0x0539, 0x053F, 0x0544, 0x0549, 0x054E, 0x0553, 0x0559, 0x055E, 0x0563, 0x0568, 0x056E, 0x0573, 0x0579, 0x057E, 0x0583, 0x0589,
0x058E, 0x0594, 0x0599, 0x059F, 0x05A4, 0x05AA, 0x05B0, 0x05B5, 0x05BB, 0x05C1, 0x05C6, 0x05CC, 0x05D2, 0x05D8, 0x05DD, 0x05E3,
0x05E9, 0x05EF, 0x05F5, 0x05FB, 0x0601, 0x0607, 0x060D, 0x0613, 0x0619, 0x061F, 0x0625, 0x062C, 0x0632, 0x0638, 0x063E, 0x0645,
0x064B, 0x0651, 0x0658, 0x065E, 0x0665, 0x066B, 0x0672, 0x0678, 0x067F, 0x0685, 0x068C, 0x0693, 0x0699, 0x06A0, 0x06A7, 0x06AE,
0x06B5, 0x06BC, 0x06C3, 0x06C9, 0x06D1, 0x06D8, 0x06DF, 0x06E6, 0x06ED, 0x06F4, 0x06FB, 0x0703, 0x070A, 0x0711, 0x0719, 0x0720,
0x0728, 0x072F, 0x0737, 0x073E, 0x0746, 0x074E, 0x0755, 0x075D, 0x0765, 0x076D, 0x0775, 0x077D, 0x0785, 0x078D, 0x0795, 0x079D,
0x07A5, 0x07AD, 0x07B6, 0x07BE, 0x07C6, 0x07CF, 0x07D7, 0x07E0, 0x07E8, 0x07F1, 0x07FA, 0x0802, 0x080B, 0x0814, 0x081D, 0x0826,
0x082F, 0x0838, 0x0841, 0x084B, 0x0854, 0x085D, 0x0867, 0x0870, 0x087A, 0x0883, 0x088D, 0x0897, 0x08A1, 0x08AA, 0x08B4, 0x08BE,
0x08C8, 0x08D3, 0x08DD, 0x08E7, 0x08F2, 0x08FC, 0x0907, 0x0911, 0x091C, 0x0927, 0x0932, 0x093D, 0x0948, 0x0953, 0x095E, 0x0969,
0x0975, 0x0980, 0x098C, 0x0997, 0x09A3, 0x09AF, 0x09BB, 0x09C7, 0x09D3, 0x09DF, 0x09EC, 0x09F8, 0x0A05, 0x0A12, 0x0A1E, 0x0A2B,
0x0A38, 0x0A46, 0x0A53, 0x0A60, 0x0A6E, 0x0A7C, 0x0A89, 0x0A97, 0x0AA5, 0x0AB4, 0x0AC2, 0x0AD1, 0x0ADF, 0x0AEE, 0x0AFD, 0x0B0C,
0x0B1B, 0x0B2B, 0x0B3A, 0x0B4A, 0x0B5A, 0x0B6A, 0x0B7B, 0x0B8B, 0x0B9C, 0x0BAD, 0x0BBE, 0x0BCF, 0x0BE0, 0x0BF2, 0x0C04, 0x0C16,
0x0C29, 0x0C3B, 0x0C4E, 0x0C61, 0x0C75, 0x0C88, 0x0C9C, 0x0CB0, 0x0CC5, 0x0CD9, 0x0CEE, 0x0D04, 0x0D19, 0x0D2F, 0x0D46, 0x0D5C,
0x0D73, 0x0D8B, 0x0DA2, 0x0DBB, 0x0DD3, 0x0DEC, 0x0E06, 0x0E1F, 0x0E3A, 0x0E54, 0x0E70, 0x0E8C, 0x0EA8, 0x0EC5, 0x0EE2, 0x0F00,
0x0F1F, 0x0F3F, 0x0F5F, 0x0F7F, 0x0FA1, 0x0FC3, 0x0FE6, 0x100A, 0x102F, 0x1055, 0x107C, 0x10A4, 0x10CD, 0x10F7, 0x1122, 0x114F,
0x117D, 0x11AD, 0x11DE, 0x1211, 0x1246, 0x127C, 0x12B5, 0x12F0, 0x132E, 0x136E, 0x13B1, 0x13F7, 0x1441, 0x148F, 0x14E1, 0x1538,
0x1594, 0x15F7, 0x1660, 0x16D2, 0x174D, 0x17D4, 0x1868, 0x190C, 0x19C5, 0x1A98, 0x1B8F, 0x1CB7, 0x1E2B, 0x201C, 0x230E, 0x2965
};

const uint16_t table_dx_exp_14[BRICK6_PICO_EXP14_SIZE] = {
0x3FF8, 0x3FEC, 0x3FE0, 0x3FD4, 0x3FCC, 0x3FC0, 0x3FB4, 0x3FA8, 0x3FA0, 0x3F94, 0x3F88, 0x3F7C, 0x3F74, 0x3F68, 0x3F5C, 0x3F50,
0x3F48, 0x3F3C, 0x3F30, 0x3F24, 0x3F1C, 0x3F10, 0x3F04, 0x3EF8, 0x3EF0, 0x3EE4, 0x3ED8, 0x3ED0, 0x3EC4, 0x3EB8, 0x3EAC, 0x3EA4,
0x3E98, 0x3E8C, 0x3E84, 0x3E78, 0x3E6C, 0x3E60, 0x3E58, 0x3E4C, 0x3E40, 0x3E38, 0x3E2C, 0x3E20, 0x3E18, 0x3E0C, 0x3E00, 0x3DF8,
0x3DEC, 0x3DE0, 0x3DD8, 0x3DCC, 0x3DC0, 0x3DB4, 0x3DAC, 0x3DA0, 0x3D94, 0x3D8C, 0x3D80, 0x3D74, 0x3D6C, 0x3D60, 0x3D54, 0x3D4C,
0x3D40, 0x3D38, 0x3D2C, 0x3D20, 0x3D18, 0x3D0C, 0x3D00, 0x3CF8, 0x3CEC, 0x3CE0, 0x3CD8, 0x3CCC, 0x3CC0, 0x3CB8, 0x3CAC, 0x3CA4,
0x3C98, 0x3C8C, 0x3C84, 0x3C78, 0x3C6C, 0x3C64, 0x3C58, 0x3C50, 0x3C44, 0x3C38, 0x3C30, 0x3C24, 0x3C1C, 0x3C10, 0x3C04, 0x3BFC,
0x3BF0, 0x3BE8, 0x3BDC, 0x3BD0, 0x3BC8, 0x3BBC, 0x3BB4, 0x3BA8, 0x3B9C, 0x3B94, 0x3B88, 0x3B80, 0x3B74, 0x3B6C, 0x3B60, 0x3B54,
0x3B4C, 0x3B40, 0x3B38, 0x3B2C, 0x3B24, 0x3B18, 0x3B10, 0x3B04, 0x3AF8, 0x3AF0, 0x3AE4, 0x3ADC, 0x3AD0, 0x3AC8, 0x3ABC, 0x3AB4,
0x3AA8, 0x3A9C, 0x3A94, 0x3A88, 0x3A80, 0x3A74, 0x3A6C, 0x3A60, 0x3A58, 0x3A4C, 0x3A44, 0x3A38, 0x3A30, 0x3A24, 0x3A1C, 0x3A10,
0x3A08, 0x39FC, 0x39F4, 0x39E8, 0x39E0, 0x39D4, 0x39CC, 0x39C0, 0x39B8, 0x39AC, 0x39A4, 0x3998, 0x3990, 0x3984, 0x397C, 0x3970,
0x3968, 0x395C, 0x3954, 0x3948, 0x3940, 0x3934, 0x392C, 0x3920, 0x3918, 0x390C, 0x3904, 0x38F8, 0x38F0, 0x38E4, 0x38DC, 0x38D0,
0x38C8, 0x38C0, 0x38B4, 0x38AC, 0x38A0, 0x3898, 0x388C, 0x3884, 0x3878, 0x3870, 0x3864, 0x385C, 0x3854, 0x3848, 0x3840, 0x3834,
0x382C, 0x3820, 0x3818, 0x3810, 0x3804, 0x37FC, 0x37F0, 0x37E8, 0x37DC, 0x37D4, 0x37CC, 0x37C0, 0x37B8, 0x37AC, 0x37A4, 0x379C,
0x3790, 0x3788, 0x377C, 0x3774, 0x376C, 0x3760, 0x3758, 0x374C, 0x3744, 0x373C, 0x3730, 0x3728, 0x371C, 0x3714, 0x370C, 0x3700,
0x36F8, 0x36EC, 0x36E4, 0x36DC, 0x36D0, 0x36C8, 0x36C0, 0x36B4, 0x36AC, 0x36A0, 0x3698, 0x3690, 0x3684, 0x367C, 0x3674, 0x3668,
0x3660, 0x3658, 0x364C, 0x3644, 0x363C, 0x3630, 0x3628, 0x3620, 0x3614, 0x360C, 0x3600, 0x35F8, 0x35F0, 0x35E4, 0x35DC, 0x35D4,
0x35C8, 0x35C0, 0x35B8, 0x35AC, 0x35A4, 0x359C, 0x3594, 0x3588, 0x3580, 0x3578, 0x356C, 0x3564, 0x355C, 0x3550, 0x3548, 0x3540,
0x3534, 0x352C, 0x3524, 0x3518, 0x3510, 0x3508, 0x3500, 0x34F4, 0x34EC, 0x34E4, 0x34D8, 0x34D0, 0x34C8, 0x34C0, 0x34B4, 0x34AC,
0x34A4, 0x3498, 0x3490, 0x3488, 0x3480, 0x3474, 0x346C, 0x3464, 0x345C, 0x3450, 0x3448, 0x3440, 0x3434, 0x342C, 0x3424, 0x341C,
0x3410, 0x3408, 0x3400, 0x33F8, 0x33EC, 0x33E4, 0x33DC, 0x33D4, 0x33C8, 0x33C0, 0x33B8, 0x33B0, 0x33A4, 0x339C, 0x3394, 0x338C,
0x3384, 0x3378, 0x3370, 0x3368, 0x3360, 0x3354, 0x334C, 0x3344, 0x333C, 0x3334, 0x3328, 0x3320, 0x3318, 0x3310, 0x3304, 0x32FC,
0x32F4, 0x32EC, 0x32E4, 0x32D8, 0x32D0, 0x32C8, 0x32C0, 0x32B8, 0x32AC, 0x32A4, 0x329C, 0x3294, 0x328C, 0x3280, 0x3278, 0x3270,
0x3268, 0x3260, 0x3258, 0x324C, 0x3244, 0x323C, 0x3234, 0x322C, 0x3224, 0x3218, 0x3210, 0x3208, 0x3200, 0x31F8, 0x31F0, 0x31E4,
0x31DC, 0x31D4, 0x31CC, 0x31C4, 0x31BC, 0x31B0, 0x31A8, 0x31A0, 0x3198, 0x3190, 0x3188, 0x3180, 0x3174, 0x316C, 0x3164, 0x315C,
0x3154, 0x314C, 0x3144, 0x3138, 0x3130, 0x3128, 0x3120, 0x3118, 0x3110, 0x3108, 0x3100, 0x30F4, 0x30EC, 0x30E4, 0x30DC, 0x30D4,
0x30CC, 0x30C4, 0x30BC, 0x30B0, 0x30A8, 0x30A0, 0x3098, 0x3090, 0x3088, 0x3080, 0x3078, 0x3070, 0x3068, 0x305C, 0x3054, 0x304C,
0x3044, 0x303C, 0x3034, 0x302C, 0x3024, 0x301C, 0x3014, 0x300C, 0x3000, 0x2FF8, 0x2FF0, 0x2FE8, 0x2FE0, 0x2FD8, 0x2FD0, 0x2FC8,
0x2FC0, 0x2FB8, 0x2FB0, 0x2FA8, 0x2FA0, 0x2F98, 0x2F90, 0x2F84, 0x2F7C, 0x2F74, 0x2F6C, 0x2F64, 0x2F5C, 0x2F54, 0x2F4C, 0x2F44,
0x2F3C, 0x2F34, 0x2F2C, 0x2F24, 0x2F1C, 0x2F14, 0x2F0C, 0x2F04, 0x2EFC, 0x2EF4, 0x2EEC, 0x2EE4, 0x2EDC, 0x2ED4, 0x2EC8, 0x2EC0,
0x2EB8, 0x2EB0, 0x2EA8, 0x2EA0, 0x2E98, 0x2E90, 0x2E88, 0x2E80, 0x2E78, 0x2E70, 0x2E68, 0x2E60, 0x2E58, 0x2E50, 0x2E48, 0x2E40,
0x2E38, 0x2E30, 0x2E28, 0x2E20, 0x2E18, 0x2E10, 0x2E08, 0x2E00, 0x2DF8, 0x2DF0, 0x2DE8, 0x2DE0, 0x2DD8, 0x2DD0, 0x2DC8, 0x2DC0,
0x2DB8, 0x2DB0, 0x2DA8, 0x2DA0, 0x2D98, 0x2D90, 0x2D8C, 0x2D84, 0x2D7C, 0x2D74, 0x2D6C, 0x2D64, 0x2D5C, 0x2D54, 0x2D4C, 0x2D44,
0x2D3C, 0x2D34, 0x2D2C, 0x2D24, 0x2D1C, 0x2D14, 0x2D0C, 0x2D04, 0x2CFC, 0x2CF4, 0x2CEC, 0x2CE4, 0x2CDC, 0x2CD4, 0x2CD0, 0x2CC8,
0x2CC0, 0x2CB8, 0x2CB0, 0x2CA8, 0x2CA0, 0x2C98, 0x2C90, 0x2C88, 0x2C80, 0x2C78, 0x2C70, 0x2C68, 0x2C64, 0x2C5C, 0x2C54, 0x2C4C,
0x2C44, 0x2C3C, 0x2C34, 0x2C2C, 0x2C24, 0x2C1C, 0x2C14, 0x2C0C, 0x2C08, 0x2C00, 0x2BF8, 0x2BF0, 0x2BE8, 0x2BE0, 0x2BD8, 0x2BD0,
0x2BC8, 0x2BC0, 0x2BBC, 0x2BB4, 0x2BAC, 0x2BA4, 0x2B9C, 0x2B94, 0x2B8C, 0x2B84, 0x2B7C, 0x2B78, 0x2B70, 0x2B68, 0x2B60, 0x2B58,
0x2B50, 0x2B48, 0x2B40, 0x2B3C, 0x2B34, 0x2B2C, 0x2B24, 0x2B1C, 0x2B14, 0x2B0C, 0x2B04, 0x2B00, 0x2AF8, 0x2AF0, 0x2AE8, 0x2AE0,
0x2AD8, 0x2AD0, 0x2ACC, 0x2AC4, 0x2ABC, 0x2AB4, 0x2AAC, 0x2AA4, 0x2A9C, 0x2A98, 0x2A90, 0x2A88, 0x2A80, 0x2A78, 0x2A70, 0x2A6C,
0x2A64, 0x2A5C, 0x2A54, 0x2A4C, 0x2A44, 0x2A40, 0x2A38, 0x2A30, 0x2A28, 0x2A20, 0x2A18, 0x2A14, 0x2A0C, 0x2A04, 0x29FC, 0x29F4,
0x29F0, 0x29E8, 0x29E0, 0x29D8, 0x29D0, 0x29C8, 0x29C4, 0x29BC, 0x29B4, 0x29AC, 0x29A4, 0x29A0, 0x2998, 0x2990, 0x2988, 0x2980,
0x297C, 0x2974, 0x296C, 0x2964, 0x295C, 0x2958, 0x2950, 0x2948, 0x2940, 0x293C, 0x2934, 0x292C, 0x2924, 0x291C, 0x2918, 0x2910,
0x2908, 0x2900, 0x28F8, 0x28F4, 0x28EC, 0x28E4, 0x28DC, 0x28D8, 0x28D0, 0x28C8, 0x28C0, 0x28BC, 0x28B4, 0x28AC, 0x28A4, 0x28A0,
0x2898, 0x2890, 0x2888, 0x2880, 0x287C, 0x2874, 0x286C, 0x2864, 0x2860, 0x2858, 0x2850, 0x2848, 0x2844, 0x283C, 0x2834, 0x2830,
0x2828, 0x2820, 0x2818, 0x2814, 0x280C, 0x2804, 0x27FC, 0x27F8, 0x27F0, 0x27E8, 0x27E0, 0x27DC, 0x27D4, 0x27CC, 0x27C8, 0x27C0,
0x27B8, 0x27B0, 0x27AC, 0x27A4, 0x279C, 0x2798, 0x2790, 0x2788, 0x2780, 0x277C, 0x2774, 0x276C, 0x2768, 0x2760, 0x2758, 0x2750,
0x274C, 0x2744, 0x273C, 0x2738, 0x2730, 0x2728, 0x2724, 0x271C, 0x2714, 0x270C, 0x2708, 0x2700, 0x26F8, 0x26F4, 0x26EC, 0x26E4,
0x26E0, 0x26D8, 0x26D0, 0x26CC, 0x26C4, 0x26BC, 0x26B8, 0x26B0, 0x26A8, 0x26A4, 0x269C, 0x2694, 0x2690, 0x2688, 0x2680, 0x267C,
0x2674, 0x266C, 0x2668, 0x2660, 0x2658, 0x2654, 0x264C, 0x2644, 0x2640, 0x2638, 0x2630, 0x262C, 0x2624, 0x261C, 0x2618, 0x2610,
0x2608, 0x2604, 0x25FC, 0x25F4, 0x25F0, 0x25E8, 0x25E0, 0x25DC, 0x25D4, 0x25D0, 0x25C8, 0x25C0, 0x25BC, 0x25B4, 0x25AC, 0x25A8,
0x25A0, 0x259C, 0x2594, 0x258C, 0x2588, 0x2580, 0x2578, 0x2574, 0x256C, 0x2568, 0x2560, 0x2558, 0x2554, 0x254C, 0x2544, 0x2540,
0x2538, 0x2534, 0x252C, 0x2524, 0x2520, 0x2518, 0x2514, 0x250C, 0x2504, 0x2500, 0x24F8, 0x24F4, 0x24EC, 0x24E4, 0x24E0, 0x24D8,
0x24D4, 0x24CC, 0x24C4, 0x24C0, 0x24B8, 0x24B4, 0x24AC, 0x24A4, 0x24A0, 0x2498, 0x2494, 0x248C, 0x2484, 0x2480, 0x2478, 0x2474,
0x246C, 0x2468, 0x2460, 0x2458, 0x2454, 0x244C, 0x2448, 0x2440, 0x243C, 0x2434, 0x242C, 0x2428, 0x2420, 0x241C, 0x2414, 0x2410,
0x2408, 0x2400, 0x23FC, 0x23F4, 0x23F0, 0x23E8, 0x23E4, 0x23DC, 0x23D8, 0x23D0, 0x23CC, 0x23C4, 0x23BC, 0x23B8, 0x23B0, 0x23AC,
0x23A4, 0x23A0, 0x2398, 0x2394, 0x238C, 0x2388, 0x2380, 0x2378, 0x2374, 0x236C, 0x2368, 0x2360, 0x235C, 0x2354, 0x2350, 0x2348,
0x2344, 0x233C, 0x2338, 0x2330, 0x232C, 0x2324, 0x2320, 0x2318, 0x2310, 0x230C, 0x2304, 0x2300, 0x22F8, 0x22F4, 0x22EC, 0x22E8,
0x22E0, 0x22DC, 0x22D4, 0x22D0, 0x22C8, 0x22C4, 0x22BC, 0x22B8, 0x22B0, 0x22AC, 0x22A4, 0x22A0, 0x2298, 0x2294, 0x228C, 0x2288,
0x2280, 0x227C, 0x2274, 0x2270, 0x2268, 0x2264, 0x225C, 0x2258, 0x2250, 0x224C, 0x2244, 0x2240, 0x2238, 0x2234, 0x222C, 0x2228,
0x2224, 0x221C, 0x2218, 0x2210, 0x220C, 0x2204, 0x2200, 0x21F8, 0x21F4, 0x21EC, 0x21E8, 0x21E0, 0x21DC, 0x21D4, 0x21D0, 0x21C8,
0x21C4, 0x21C0, 0x21B8, 0x21B4, 0x21AC, 0x21A8, 0x21A0, 0x219C, 0x2194, 0x2190, 0x2188, 0x2184, 0x2180, 0x2178, 0x2174, 0x216C,
0x2168, 0x2160, 0x215C, 0x2154, 0x2150, 0x214C, 0x2144, 0x2140, 0x2138, 0x2134, 0x212C, 0x2128, 0x2120, 0x211C, 0x2118, 0x2110,
0x210C, 0x2104, 0x2100, 0x20F8, 0x20F4, 0x20F0, 0x20E8, 0x20E4, 0x20DC, 0x20D8, 0x20D0, 0x20CC, 0x20C8, 0x20C0, 0x20BC, 0x20B4,
0x20B0, 0x20AC, 0x20A4, 0x20A0, 0x2098, 0x2094, 0x208C, 0x2088, 0x2084, 0x207C, 0x2078, 0x2070, 0x206C, 0x2068, 0x2060, 0x205C,
0x2054, 0x2050, 0x204C, 0x2044, 0x2040, 0x2038, 0x2034, 0x2030, 0x2028, 0x2024, 0x201C, 0x2018, 0x2014, 0x200C, 0x2008, 0x2000,
0x1FFC, 0x1FF6, 0x1FF0, 0x1FEA, 0x1FE6, 0x1FE0, 0x1FDA, 0x1FD4, 0x1FD0, 0x1FCA, 0x1FC4, 0x1FBE, 0x1FBA, 0x1FB4, 0x1FAE, 0x1FA8,
0x1FA4, 0x1F9E, 0x1F98, 0x1F92, 0x1F8E, 0x1F88, 0x1F82, 0x1F7C, 0x1F78, 0x1F72, 0x1F6C, 0x1F68, 0x1F62, 0x1F5C, 0x1F56, 0x1F52,
0x1F4C, 0x1F46, 0x1F42, 0x1F3C, 0x1F36, 0x1F30, 0x1F2C, 0x1F26, 0x1F20, 0x1F1C, 0x1F16, 0x1F10, 0x1F0C, 0x1F06, 0x1F00, 0x1EFC,
0x1EF6, 0x1EF0, 0x1EEC, 0x1EE6, 0x1EE0, 0x1EDA, 0x1ED6, 0x1ED0, 0x1ECA, 0x1EC6, 0x1EC0, 0x1EBA, 0x1EB6, 0x1EB0, 0x1EAA, 0x1EA6,
0x1EA0, 0x1E9C, 0x1E96, 0x1E90, 0x1E8C, 0x1E86, 0x1E80, 0x1E7C, 0x1E76, 0x1E70, 0x1E6C, 0x1E66, 0x1E60, 0x1E5C, 0x1E56, 0x1E52,
0x1E4C, 0x1E46, 0x1E42, 0x1E3C, 0x1E36, 0x1E32, 0x1E2C, 0x1E28, 0x1E22, 0x1E1C, 0x1E18, 0x1E12, 0x1E0E, 0x1E08, 0x1E02, 0x1DFE,
0x1DF8, 0x1DF4, 0x1DEE, 0x1DE8, 0x1DE4, 0x1DDE, 0x1DDA, 0x1DD4, 0x1DCE, 0x1DCA, 0x1DC4, 0x1DC0, 0x1DBA, 0x1DB6, 0x1DB0, 0x1DAA,
0x1DA6, 0x1DA0, 0x1D9C, 0x1D96, 0x1D92, 0x1D8C, 0x1D88, 0x1D82, 0x1D7C, 0x1D78, 0x1D72, 0x1D6E, 0x1D68, 0x1D64, 0x1D5E, 0x1D5A,
0x1D54, 0x1D4E, 0x1D4A, 0x1D44, 0x1D40, 0x1D3A, 0x1D36, 0x1D30, 0x1D2C, 0x1D26, 0x1D22, 0x1D1C, 0x1D18, 0x1D12, 0x1D0E, 0x1D08,
0x1D04, 0x1CFE, 0x1CFA, 0x1CF4, 0x1CF0, 0x1CEA, 0x1CE6, 0x1CE0, 0x1CDC, 0x1CD6, 0x1CD2, 0x1CCC, 0x1CC8, 0x1CC2, 0x1CBE, 0x1CB8,
0x1CB4, 0x1CAE, 0x1CAA, 0x1CA4, 0x1CA0, 0x1C9A, 0x1C96, 0x1C90, 0x1C8C, 0x1C86, 0x1C82, 0x1C7C, 0x1C78, 0x1C72, 0x1C6E, 0x1C68,
0x1C64, 0x1C60, 0x1C5A, 0x1C56, 0x1C50, 0x1C4C, 0x1C46, 0x1C42, 0x1C3C, 0x1C38, 0x1C32, 0x1C2E, 0x1C2A, 0x1C24, 0x1C20, 0x1C1A,
0x1C16, 0x1C10, 0x1C0C, 0x1C08, 0x1C02, 0x1BFE, 0x1BF8, 0x1BF4, 0x1BEE, 0x1BEA, 0x1BE6, 0x1BE0, 0x1BDC, 0x1BD6, 0x1BD2, 0x1BCE,
0x1BC8, 0x1BC4, 0x1BBE, 0x1BBA, 0x1BB6, 0x1BB0, 0x1BAC, 0x1BA6, 0x1BA2, 0x1B9E, 0x1B98, 0x1B94, 0x1B8E, 0x1B8A, 0x1B86, 0x1B80,
0x1B7C, 0x1B76, 0x1B72, 0x1B6E, 0x1B68, 0x1B64, 0x1B60, 0x1B5A, 0x1B56, 0x1B50, 0x1B4C, 0x1B48, 0x1B42, 0x1B3E, 0x1B3A, 0x1B34,
0x1B30, 0x1B2C, 0x1B26, 0x1B22, 0x1B1E, 0x1B18, 0x1B14, 0x1B10, 0x1B0A, 0x1B06, 0x1B00, 0x1AFC, 0x1AF8, 0x1AF2, 0x1AEE, 0x1AEA,
0x1AE4, 0x1AE0, 0x1ADC, 0x1AD6, 0x1AD2, 0x1ACE, 0x1ACA, 0x1AC4, 0x1AC0, 0x1ABC, 0x1AB6, 0x1AB2, 0x1AAE, 0x1AA8, 0x1AA4, 0x1AA0,
0x1A9A, 0x1A96, 0x1A92, 0x1A8C, 0x1A88, 0x1A84, 0x1A80, 0x1A7A, 0x1A76, 0x1A72, 0x1A6C, 0x1A68, 0x1A64, 0x1A60, 0x1A5A, 0x1A56,
0x1A52, 0x1A4C, 0x1A48, 0x1A44, 0x1A40, 0x1A3A, 0x1A36, 0x1A32, 0x1A2E, 0x1A28, 0x1A24, 0x1A20, 0x1A1A, 0x1A16, 0x1A12, 0x1A0E,
0x1A08, 0x1A04, 0x1A00, 0x19FC, 0x19F6, 0x19F2, 0x19EE, 0x19EA, 0x19E4, 0x19E0, 0x19DC, 0x19D8, 0x19D2, 0x19CE, 0x19CA, 0x19C6,
0x19C2, 0x19BC, 0x19B8, 0x19B4, 0x19B0, 0x19AA, 0x19A6, 0x19A2, 0x199E, 0x199A, 0x1994, 0x1990, 0x198C, 0x1988, 0x1982, 0x197E,
0x197A, 0x1976, 0x1972, 0x196C, 0x1968, 0x1964, 0x1960, 0x195C, 0x1956, 0x1952, 0x194E, 0x194A, 0x1946, 0x1940, 0x193C, 0x1938,
0x1934, 0x1930, 0x192C, 0x1926, 0x1922, 0x191E, 0x191A, 0x1916, 0x1912, 0x190C, 0x1908, 0x1904, 0x1900, 0x18FC, 0x18F8, 0x18F2,
0x18EE, 0x18EA, 0x18E6, 0x18E2, 0x18DE, 0x18D8, 0x18D4, 0x18D0, 0x18CC, 0x18C8, 0x18C4, 0x18C0, 0x18BA, 0x18B6, 0x18B2, 0x18AE,
0x18AA, 0x18A6, 0x18A2, 0x189C, 0x1898, 0x1894, 0x1890, 0x188C, 0x1888, 0x1884, 0x1880, 0x187A, 0x1876, 0x1872, 0x186E, 0x186A,
0x1866, 0x1862, 0x185E, 0x1858, 0x1854, 0x1850, 0x184C, 0x1848, 0x1844, 0x1840, 0x183C, 0x1838, 0x1834, 0x182E, 0x182A, 0x1826,
0x1822, 0x181E, 0x181A, 0x1816, 0x1812, 0x180E, 0x180A, 0x1806, 0x1800, 0x17FC, 0x17F8, 0x17F4, 0x17F0, 0x17EC, 0x17E8, 0x17E4,
0x17E0, 0x17DC, 0x17D8, 0x17D4, 0x17D0, 0x17CC, 0x17C8, 0x17C2, 0x17BE, 0x17BA, 0x17B6, 0x17B2, 0x17AE, 0x17AA, 0x17A6, 0x17A2,
0x179E, 0x179A, 0x1796, 0x1792, 0x178E, 0x178A, 0x1786, 0x1782, 0x177E, 0x177A, 0x1776, 0x1772, 0x176E, 0x176A, 0x1764, 0x1760,
0x175C, 0x1758, 0x1754, 0x1750, 0x174C, 0x1748, 0x1744, 0x1740, 0x173C, 0x1738, 0x1734, 0x1730, 0x172C, 0x1728, 0x1724, 0x1720,
0x171C, 0x1718, 0x1714, 0x1710, 0x170C, 0x1708, 0x1704, 0x1700, 0x16FC, 0x16F8, 0x16F4, 0x16F0, 0x16EC, 0x16E8, 0x16E4, 0x16E0,
0x16DC, 0x16D8, 0x16D4, 0x16D0, 0x16CC, 0x16C8, 0x16C6, 0x16C2, 0x16BE, 0x16BA, 0x16B6, 0x16B2, 0x16AE, 0x16AA, 0x16A6, 0x16A2,
0x169E, 0x169A, 0x1696, 0x1692, 0x168E, 0x168A, 0x1686, 0x1682, 0x167E, 0x167A, 0x1676, 0x1672, 0x166E, 0x166A, 0x1668, 0x1664,
0x1660, 0x165C, 0x1658, 0x1654, 0x1650, 0x164C, 0x1648, 0x1644, 0x1640, 0x163C, 0x1638, 0x1634, 0x1632, 0x162E, 0x162A, 0x1626,
0x1622, 0x161E, 0x161A, 0x1616, 0x1612, 0x160E, 0x160A, 0x1606, 0x1604, 0x1600, 0x15FC, 0x15F8, 0x15F4, 0x15F0, 0x15EC, 0x15E8,
0x15E4, 0x15E0, 0x15DE, 0x15DA, 0x15D6, 0x15D2, 0x15CE, 0x15CA, 0x15C6, 0x15C2, 0x15BE, 0x15BC, 0x15B8, 0x15B4, 0x15B0, 0x15AC,
0x15A8, 0x15A4, 0x15A0, 0x159E, 0x159A, 0x1596, 0x1592, 0x158E, 0x158A, 0x1586, 0x1582, 0x1580, 0x157C, 0x1578, 0x1574, 0x1570,
0x156C, 0x1568, 0x1566, 0x1562, 0x155E, 0x155A, 0x1556, 0x1552, 0x154E, 0x154C, 0x1548, 0x1544, 0x1540, 0x153C, 0x1538, 0x1536,
0x1532, 0x152E, 0x152A, 0x1526, 0x1522, 0x1520, 0x151C, 0x1518, 0x1514, 0x1510, 0x150C, 0x150A, 0x1506, 0x1502, 0x14FE, 0x14FA,
0x14F8, 0x14F4, 0x14F0, 0x14EC, 0x14E8, 0x14E4, 0x14E2, 0x14DE, 0x14DA, 0x14D6, 0x14D2, 0x14D0, 0x14CC, 0x14C8, 0x14C4, 0x14C0,
0x14BE, 0x14BA, 0x14B6, 0x14B2, 0x14AE, 0x14AC, 0x14A8, 0x14A4, 0x14A0, 0x149E, 0x149A, 0x1496, 0x1492, 0x148E, 0x148C, 0x1488,
0x1484, 0x1480, 0x147C, 0x147A, 0x1476, 0x1472, 0x146E, 0x146C, 0x1468, 0x1464, 0x1460, 0x145E, 0x145A, 0x1456, 0x1452, 0x1450,
0x144C, 0x1448, 0x1444, 0x1440, 0x143E, 0x143A, 0x1436, 0x1432, 0x1430, 0x142C, 0x1428, 0x1424, 0x1422, 0x141E, 0x141A, 0x1418,
0x1414, 0x1410, 0x140C, 0x140A, 0x1406, 0x1402, 0x13FE, 0x13FC, 0x13F8, 0x13F4, 0x13F0, 0x13EE, 0x13EA, 0x13E6, 0x13E4, 0x13E0,
0x13DC, 0x13D8, 0x13D6, 0x13D2, 0x13CE, 0x13CC, 0x13C8, 0x13C4, 0x13C0, 0x13BE, 0x13BA, 0x13B6, 0x13B4, 0x13B0, 0x13AC, 0x13A8,
0x13A6, 0x13A2, 0x139E, 0x139C, 0x1398, 0x1394, 0x1392, 0x138E, 0x138A, 0x1386, 0x1384, 0x1380, 0x137C, 0x137A, 0x1376, 0x1372,
0x1370, 0x136C, 0x1368, 0x1366, 0x1362, 0x135E, 0x135C, 0x1358, 0x1354, 0x1352, 0x134E, 0x134A, 0x1348, 0x1344, 0x1340, 0x133E,
0x133A, 0x1336, 0x1334, 0x1330, 0x132C, 0x132A, 0x1326, 0x1322, 0x1320, 0x131C, 0x1318, 0x1316, 0x1312, 0x130E, 0x130C, 0x1308,
0x1304, 0x1302, 0x12FE, 0x12FA, 0x12F8, 0x12F4, 0x12F0, 0x12EE, 0x12EA, 0x12E8, 0x12E4, 0x12E0, 0x12DE, 0x12DA, 0x12D6, 0x12D4,
0x12D0, 0x12CE, 0x12CA, 0x12C6, 0x12C4, 0x12C0, 0x12BC, 0x12BA, 0x12B6, 0x12B4, 0x12B0, 0x12AC, 0x12AA, 0x12A6, 0x12A2, 0x12A0,
0x129C, 0x129A, 0x1296, 0x1292, 0x1290, 0x128C, 0x128A, 0x1286, 0x1282, 0x1280, 0x127C, 0x127A, 0x1276, 0x1272, 0x1270, 0x126C,
0x126A, 0x1266, 0x1262, 0x1260, 0x125C, 0x125A, 0x1256, 0x1252, 0x1250, 0x124C, 0x124A, 0x1246, 0x1242, 0x1240, 0x123C, 0x123A,
0x1236, 0x1234, 0x1230, 0x122C, 0x122A, 0x1226, 0x1224, 0x1220, 0x121E, 0x121A, 0x1216, 0x1214, 0x1210, 0x120E, 0x120A, 0x1208,
0x1204, 0x1200, 0x11FE, 0x11FA, 0x11F8, 0x11F4, 0x11F2, 0x11EE, 0x11EC, 0x11E8, 0x11E6, 0x11E2, 0x11DE, 0x11DC, 0x11D8, 0x11D6,
0x11D2, 0x11D0, 0x11CC, 0x11CA, 0x11C6, 0x11C4, 0x11C0, 0x11BC, 0x11BA, 0x11B6, 0x11B4, 0x11B0, 0x11AE, 0x11AA, 0x11A8, 0x11A4,
0x11A2, 0x119E, 0x119C, 0x1198, 0x1196, 0x1192, 0x1190, 0x118C, 0x1188, 0x1186, 0x1182, 0x1180, 0x117C, 0x117A, 0x1176, 0x1174,
0x1170, 0x116E, 0x116A, 0x1168, 0x1164, 0x1162, 0x115E, 0x115C, 0x1158, 0x1156, 0x1152, 0x1150, 0x114C, 0x114A, 0x1146, 0x1144,
0x1140, 0x113E, 0x113A, 0x1138, 0x1134, 0x1132, 0x112E, 0x112C, 0x1128, 0x1126, 0x1122, 0x1120, 0x111C, 0x111A, 0x1116, 0x1114,
0x1112, 0x110E, 0x110C, 0x1108, 0x1106, 0x1102, 0x1100, 0x10FC, 0x10FA, 0x10F6, 0x10F4, 0x10F0, 0x10EE, 0x10EA, 0x10E8, 0x10E4,
0x10E2, 0x10E0, 0x10DC, 0x10DA, 0x10D6, 0x10D4, 0x10D0, 0x10CE, 0x10CA, 0x10C8, 0x10C4, 0x10C2, 0x10C0, 0x10BC, 0x10BA, 0x10B6,
0x10B4, 0x10B0, 0x10AE, 0x10AA, 0x10A8, 0x10A6, 0x10A2, 0x10A0, 0x109C, 0x109A, 0x1096, 0x1094, 0x1090, 0x108E, 0x108C, 0x1088,
0x1086, 0x1082, 0x1080, 0x107C, 0x107A, 0x1078, 0x1074, 0x1072, 0x106E, 0x106C, 0x1068, 0x1066, 0x1064, 0x1060, 0x105E, 0x105A,
0x1058, 0x1056, 0x1052, 0x1050, 0x104C, 0x104A, 0x1046, 0x1044, 0x1042, 0x103E, 0x103C, 0x1038, 0x1036, 0x1034, 0x1030, 0x102E,
0x102A, 0x1028, 0x1026, 0x1022, 0x1020, 0x101C, 0x101A, 0x1018, 0x1014, 0x1012, 0x100E, 0x100C, 0x100A, 0x1006, 0x1004, 0x1000,
0x0FFE, 0x0FFB, 0x0FF8, 0x0FF5, 0x0FF3, 0x0FF0, 0x0FED, 0x0FEA, 0x0FE8, 0x0FE5, 0x0FE2, 0x0FDF, 0x0FDD, 0x0FDA, 0x0FD7, 0x0FD4,
0x0FD2, 0x0FCF, 0x0FCC, 0x0FC9, 0x0FC7, 0x0FC4, 0x0FC1, 0x0FBE, 0x0FBC, 0x0FB9, 0x0FB6, 0x0FB4, 0x0FB1, 0x0FAE, 0x0FAB, 0x0FA9,
0x0FA6, 0x0FA3, 0x0FA1, 0x0F9E, 0x0F9B, 0x0F98, 0x0F96, 0x0F93, 0x0F90, 0x0F8E, 0x0F8B, 0x0F88, 0x0F86, 0x0F83, 0x0F80, 0x0F7E,
0x0F7B, 0x0F78, 0x0F76, 0x0F73, 0x0F70, 0x0F6D, 0x0F6B, 0x0F68, 0x0F65, 0x0F63, 0x0F60, 0x0F5D, 0x0F5B, 0x0F58, 0x0F55, 0x0F53,
0x0F50, 0x0F4E, 0x0F4B, 0x0F48, 0x0F46, 0x0F43, 0x0F40, 0x0F3E, 0x0F3B, 0x0F38, 0x0F36, 0x0F33, 0x0F30, 0x0F2E, 0x0F2B, 0x0F29,
0x0F26, 0x0F23, 0x0F21, 0x0F1E, 0x0F1B, 0x0F19, 0x0F16, 0x0F14, 0x0F11, 0x0F0E, 0x0F0C, 0x0F09, 0x0F07, 0x0F04, 0x0F01, 0x0EFF,
0x0EFC, 0x0EFA, 0x0EF7, 0x0EF4, 0x0EF2, 0x0EEF, 0x0EED, 0x0EEA, 0x0EE7, 0x0EE5, 0x0EE2, 0x0EE0, 0x0EDD, 0x0EDB, 0x0ED8, 0x0ED5,
0x0ED3, 0x0ED0, 0x0ECE, 0x0ECB, 0x0EC9, 0x0EC6, 0x0EC4, 0x0EC1, 0x0EBE, 0x0EBC, 0x0EB9, 0x0EB7, 0x0EB4, 0x0EB2, 0x0EAF, 0x0EAD,
0x0EAA, 0x0EA7, 0x0EA5, 0x0EA2, 0x0EA0, 0x0E9D, 0x0E9B, 0x0E98, 0x0E96, 0x0E93, 0x0E91, 0x0E8E, 0x0E8C, 0x0E89, 0x0E87, 0x0E84,
0x0E82, 0x0E7F, 0x0E7D, 0x0E7A, 0x0E78, 0x0E75, 0x0E73, 0x0E70, 0x0E6E, 0x0E6B, 0x0E69, 0x0E66, 0x0E64, 0x0E61, 0x0E5F, 0x0E5C,
0x0E5A, 0x0E57, 0x0E55, 0x0E52, 0x0E50, 0x0E4D, 0x0E4B, 0x0E48, 0x0E46, 0x0E43, 0x0E41, 0x0E3E, 0x0E3C, 0x0E39, 0x0E37, 0x0E34,
0x0E32, 0x0E30, 0x0E2D, 0x0E2B, 0x0E28, 0x0E26, 0x0E23, 0x0E21, 0x0E1E, 0x0E1C, 0x0E19, 0x0E17, 0x0E15, 0x0E12, 0x0E10, 0x0E0D,
0x0E0B, 0x0E08, 0x0E06, 0x0E04, 0x0E01, 0x0DFF, 0x0DFC, 0x0DFA, 0x0DF7, 0x0DF5, 0x0DF3, 0x0DF0, 0x0DEE, 0x0DEB, 0x0DE9, 0x0DE7,
0x0DE4, 0x0DE2, 0x0DDF, 0x0DDD, 0x0DDB, 0x0DD8, 0x0DD6, 0x0DD3, 0x0DD1, 0x0DCF, 0x0DCC, 0x0DCA, 0x0DC7, 0x0DC5, 0x0DC3, 0x0DC0,
0x0DBE, 0x0DBB, 0x0DB9, 0x0DB7, 0x0DB4, 0x0DB2, 0x0DB0, 0x0DAD, 0x0DAB, 0x0DA8, 0x0DA6, 0x0DA4, 0x0DA1, 0x0D9F, 0x0D9D, 0x0D9A,
0x0D98, 0x0D96, 0x0D93, 0x0D91, 0x0D8F, 0x0D8C, 0x0D8A, 0x0D88, 0x0D85, 0x0D83, 0x0D80, 0x0D7E, 0x0D7C, 0x0D79, 0x0D77, 0x0D75,
0x0D72, 0x0D70, 0x0D6E, 0x0D6B, 0x0D69, 0x0D67, 0x0D65, 0x0D62, 0x0D60, 0x0D5E, 0x0D5B, 0x0D59, 0x0D57, 0x0D54, 0x0D52, 0x0D50,
0x0D4D, 0x0D4B, 0x0D49, 0x0D46, 0x0D44, 0x0D42, 0x0D40, 0x0D3D, 0x0D3B, 0x0D39, 0x0D36, 0x0D34, 0x0D32, 0x0D30, 0x0D2D, 0x0D2B,
0x0D29, 0x0D26, 0x0D24, 0x0D22, 0x0D20, 0x0D1D, 0x0D1B, 0x0D19, 0x0D17, 0x0D14, 0x0D12, 0x0D10, 0x0D0D, 0x0D0B, 0x0D09, 0x0D07,
0x0D04, 0x0D02, 0x0D00, 0x0CFE, 0x0CFB, 0x0CF9, 0x0CF7, 0x0CF5, 0x0CF2, 0x0CF0, 0x0CEE, 0x0CEC, 0x0CE9, 0x0CE7, 0x0CE5, 0x0CE3,
0x0CE1, 0x0CDE, 0x0CDC, 0x0CDA, 0x0CD8, 0x0CD5, 0x0CD3, 0x0CD1, 0x0CCF, 0x0CCD, 0x0CCA, 0x0CC8, 0x0CC6, 0x0CC4, 0x0CC1, 0x0CBF,
0x0CBD, 0x0CBB, 0x0CB9, 0x0CB6, 0x0CB4, 0x0CB2, 0x0CB0, 0x0CAE, 0x0CAB, 0x0CA9, 0x0CA7, 0x0CA5, 0x0CA3, 0x0CA0, 0x0C9E, 0x0C9C,
0x0C9A, 0x0C98, 0x0C96, 0x0C93, 0x0C91, 0x0C8F, 0x0C8D, 0x0C8B, 0x0C89, 0x0C86, 0x0C84, 0x0C82, 0x0C80, 0x0C7E, 0x0C7C, 0x0C79,
0x0C77, 0x0C75, 0x0C73, 0x0C71, 0x0C6F, 0x0C6C, 0x0C6A, 0x0C68, 0x0C66, 0x0C64, 0x0C62, 0x0C60, 0x0C5D, 0x0C5B, 0x0C59, 0x0C57,
0x0C55, 0x0C53, 0x0C51, 0x0C4E, 0x0C4C, 0x0C4A, 0x0C48, 0x0C46, 0x0C44, 0x0C42, 0x0C40, 0x0C3D, 0x0C3B, 0x0C39, 0x0C37, 0x0C35,
0x0C33, 0x0C31, 0x0C2F, 0x0C2C, 0x0C2A, 0x0C28, 0x0C26, 0x0C24, 0x0C22, 0x0C20, 0x0C1E, 0x0C1C, 0x0C1A, 0x0C17, 0x0C15, 0x0C13,
0x0C11, 0x0C0F, 0x0C0D, 0x0C0B, 0x0C09, 0x0C07, 0x0C05, 0x0C03, 0x0C00, 0x0BFE, 0x0BFC, 0x0BFA, 0x0BF8, 0x0BF6, 0x0BF4, 0x0BF2,
0x0BF0, 0x0BEE, 0x0BEC, 0x0BEA, 0x0BE8, 0x0BE6, 0x0BE4, 0x0BE1, 0x0BDF, 0x0BDD, 0x0BDB, 0x0BD9, 0x0BD7, 0x0BD5, 0x0BD3, 0x0BD1,
0x0BCF, 0x0BCD, 0x0BCB, 0x0BC9, 0x0BC7, 0x0BC5, 0x0BC3, 0x0BC1, 0x0BBF, 0x0BBD, 0x0BBB, 0x0BB9, 0x0BB7, 0x0BB5, 0x0BB2, 0x0BB0,
0x0BAE, 0x0BAC, 0x0BAA, 0x0BA8, 0x0BA6, 0x0BA4, 0x0BA2, 0x0BA0, 0x0B9E, 0x0B9C, 0x0B9A, 0x0B98, 0x0B96, 0x0B94, 0x0B92, 0x0B90,
0x0B8E, 0x0B8C, 0x0B8A, 0x0B88, 0x0B86, 0x0B84, 0x0B82, 0x0B80, 0x0B7E, 0x0B7C, 0x0B7A, 0x0B78, 0x0B76, 0x0B74, 0x0B72, 0x0B70,
0x0B6E, 0x0B6C, 0x0B6A, 0x0B68, 0x0B66, 0x0B64, 0x0B63, 0x0B61, 0x0B5F, 0x0B5D, 0x0B5B, 0x0B59, 0x0B57, 0x0B55, 0x0B53, 0x0B51,
0x0B4F, 0x0B4D, 0x0B4B, 0x0B49, 0x0B47, 0x0B45, 0x0B43, 0x0B41, 0x0B3F, 0x0B3D, 0x0B3B, 0x0B39, 0x0B37, 0x0B35, 0x0B34, 0x0B32,
0x0B30, 0x0B2E, 0x0B2C, 0x0B2A, 0x0B28, 0x0B26, 0x0B24, 0x0B22, 0x0B20, 0x0B1E, 0x0B1C, 0x0B1A, 0x0B19, 0x0B17, 0x0B15, 0x0B13,
0x0B11, 0x0B0F, 0x0B0D, 0x0B0B, 0x0B09, 0x0B07, 0x0B05, 0x0B03, 0x0B02, 0x0B00, 0x0AFE, 0x0AFC, 0x0AFA, 0x0AF8, 0x0AF6, 0x0AF4,
0x0AF2, 0x0AF0, 0x0AEF, 0x0AED, 0x0AEB, 0x0AE9, 0x0AE7, 0x0AE5, 0x0AE3, 0x0AE1, 0x0ADF, 0x0ADE, 0x0ADC, 0x0ADA, 0x0AD8, 0x0AD6,
0x0AD4, 0x0AD2, 0x0AD0, 0x0ACF, 0x0ACD, 0x0ACB, 0x0AC9, 0x0AC7, 0x0AC5, 0x0AC3, 0x0AC1, 0x0AC0, 0x0ABE, 0x0ABC, 0x0ABA, 0x0AB8,
0x0AB6, 0x0AB4, 0x0AB3, 0x0AB1, 0x0AAF, 0x0AAD, 0x0AAB, 0x0AA9, 0x0AA7, 0x0AA6, 0x0AA4, 0x0AA2, 0x0AA0, 0x0A9E, 0x0A9C, 0x0A9B,
0x0A99, 0x0A97, 0x0A95, 0x0A93, 0x0A91, 0x0A90, 0x0A8E, 0x0A8C, 0x0A8A, 0x0A88, 0x0A86, 0x0A85, 0x0A83, 0x0A81, 0x0A7F, 0x0A7D,
0x0A7C, 0x0A7A, 0x0A78, 0x0A76, 0x0A74, 0x0A72, 0x0A71, 0x0A6F, 0x0A6D, 0x0A6B, 0x0A69, 0x0A68, 0x0A66, 0x0A64, 0x0A62, 0x0A60,
0x0A5F, 0x0A5D, 0x0A5B, 0x0A59, 0x0A57, 0x0A56, 0x0A54, 0x0A52, 0x0A50, 0x0A4F, 0x0A4D, 0x0A4B, 0x0A49, 0x0A47, 0x0A46, 0x0A44,
0x0A42, 0x0A40, 0x0A3E, 0x0A3D, 0x0A3B, 0x0A39, 0x0A37, 0x0A36, 0x0A34, 0x0A32, 0x0A30, 0x0A2F, 0x0A2D, 0x0A2B, 0x0A29, 0x0A28,
0x0A26, 0x0A24, 0x0A22, 0x0A20, 0x0A1F, 0x0A1D, 0x0A1B, 0x0A19, 0x0A18, 0x0A16, 0x0A14, 0x0A12, 0x0A11, 0x0A0F, 0x0A0D, 0x0A0C,
0x0A0A, 0x0A08, 0x0A06, 0x0A05, 0x0A03, 0x0A01, 0x09FF, 0x09FE, 0x09FC, 0x09FA, 0x09F8, 0x09F7, 0x09F5, 0x09F3, 0x09F2, 0x09F0,
0x09EE, 0x09EC, 0x09EB, 0x09E9, 0x09E7, 0x09E6, 0x09E4, 0x09E2, 0x09E0, 0x09DF, 0x09DD, 0x09DB, 0x09DA, 0x09D8, 0x09D6, 0x09D4,
0x09D3, 0x09D1, 0x09CF, 0x09CE, 0x09CC, 0x09CA, 0x09C9, 0x09C7, 0x09C5, 0x09C3, 0x09C2, 0x09C0, 0x09BE, 0x09BD, 0x09BB, 0x09B9,
0x09B8, 0x09B6, 0x09B4, 0x09B3, 0x09B1, 0x09AF, 0x09AE, 0x09AC, 0x09AA, 0x09A9, 0x09A7, 0x09A5, 0x09A4, 0x09A2, 0x09A0, 0x099F,
0x099D, 0x099B, 0x099A, 0x0998, 0x0996, 0x0995, 0x0993, 0x0991, 0x0990, 0x098E, 0x098C, 0x098B, 0x0989, 0x0987, 0x0986, 0x0984,
0x0982, 0x0981, 0x097F, 0x097D, 0x097C, 0x097A, 0x0978, 0x0977, 0x0975, 0x0974, 0x0972, 0x0970, 0x096F, 0x096D, 0x096B, 0x096A,
0x0968, 0x0967, 0x0965, 0x0963, 0x0962, 0x0960, 0x095E, 0x095D, 0x095B, 0x095A, 0x0958, 0x0956, 0x0955, 0x0953, 0x0951, 0x0950,
0x094E, 0x094D, 0x094B, 0x0949, 0x0948, 0x0946, 0x0945, 0x0943, 0x0941, 0x0940, 0x093E, 0x093D, 0x093B, 0x0939, 0x0938, 0x0936,
0x0935, 0x0933, 0x0931, 0x0930, 0x092E, 0x092D, 0x092B, 0x0929, 0x0928, 0x0926, 0x0925, 0x0923, 0x0921, 0x0920, 0x091E, 0x091D,
0x091B, 0x091A, 0x0918, 0x0916, 0x0915, 0x0913, 0x0912, 0x0910, 0x090F, 0x090D, 0x090B, 0x090A, 0x0908, 0x0907, 0x0905, 0x0904,
0x0902, 0x0900, 0x08FF, 0x08FD, 0x08FC, 0x08FA, 0x08F9, 0x08F7, 0x08F6, 0x08F4, 0x08F3, 0x08F1, 0x08EF, 0x08EE, 0x08EC, 0x08EB,
0x08E9, 0x08E8, 0x08E6, 0x08E5, 0x08E3, 0x08E2, 0x08E0, 0x08DE, 0x08DD, 0x08DB, 0x08DA, 0x08D8, 0x08D7, 0x08D5, 0x08D4, 0x08D2,
0x08D1, 0x08CF, 0x08CE, 0x08CC, 0x08CB, 0x08C9, 0x08C8, 0x08C6, 0x08C4, 0x08C3, 0x08C1, 0x08C0, 0x08BE, 0x08BD, 0x08BB, 0x08BA,
0x08B8, 0x08B7, 0x08B5, 0x08B4, 0x08B2, 0x08B1, 0x08AF, 0x08AE, 0x08AC, 0x08AB, 0x08A9, 0x08A8, 0x08A6, 0x08A5, 0x08A3, 0x08A2,
0x08A0, 0x089F, 0x089D, 0x089C, 0x089A, 0x0899, 0x0897, 0x0896, 0x0894, 0x0893, 0x0891, 0x0890, 0x088E, 0x088D, 0x088B, 0x088A,
0x0889, 0x0887, 0x0886, 0x0884, 0x0883, 0x0881, 0x0880, 0x087E, 0x087D, 0x087B, 0x087A, 0x0878, 0x0877, 0x0875, 0x0874, 0x0872,
0x0871, 0x0870, 0x086E, 0x086D, 0x086B, 0x086A, 0x0868, 0x0867, 0x0865, 0x0864, 0x0862, 0x0861, 0x0860, 0x085E, 0x085D, 0x085B,
0x085A, 0x0858, 0x0857, 0x0855, 0x0854, 0x0853, 0x0851, 0x0850, 0x084E, 0x084D, 0x084B, 0x084A, 0x0848, 0x0847, 0x0846, 0x0844,
0x0843, 0x0841, 0x0840, 0x083E, 0x083D, 0x083C, 0x083A, 0x0839, 0x0837, 0x0836, 0x0834, 0x0833, 0x0832, 0x0830, 0x082F, 0x082D,
0x082C, 0x082B, 0x0829, 0x0828, 0x0826, 0x0825, 0x0823, 0x0822, 0x0821, 0x081F, 0x081E, 0x081C, 0x081B, 0x081A, 0x0818, 0x0817,
0x0815, 0x0814, 0x0813, 0x0811, 0x0810, 0x080E, 0x080D, 0x080C, 0x080A, 0x0809, 0x0807, 0x0806, 0x0805, 0x0803, 0x0802, 0x0800,
0x07FF, 0x07FD, 0x07FC, 0x07FA, 0x07F9, 0x07F8, 0x07F6, 0x07F5, 0x07F4, 0x07F2, 0x07F1, 0x07EF, 0x07EE, 0x07ED, 0x07EB, 0x07EA,
0x07E9, 0x07E7, 0x07E6, 0x07E4, 0x07E3, 0x07E2, 0x07E0, 0x07DF, 0x07DE, 0x07DC, 0x07DB, 0x07DA, 0x07D8, 0x07D7, 0x07D5, 0x07D4,
0x07D3, 0x07D1, 0x07D0, 0x07CF, 0x07CD, 0x07CC, 0x07CB, 0x07C9, 0x07C8, 0x07C7, 0x07C5, 0x07C4, 0x07C3, 0x07C1, 0x07C0, 0x07BF,
0x07BD, 0x07BC, 0x07BB, 0x07B9, 0x07B8, 0x07B6, 0x07B5, 0x07B4, 0x07B2, 0x07B1, 0x07B0, 0x07AE, 0x07AD, 0x07AC, 0x07AA, 0x07A9,
0x07A8, 0x07A7, 0x07A5, 0x07A4, 0x07A3, 0x07A1, 0x07A0, 0x079F, 0x079D, 0x079C, 0x079B, 0x0799, 0x0798, 0x0797, 0x0795, 0x0794,
0x0793, 0x0791, 0x0790, 0x078F, 0x078D, 0x078C, 0x078B, 0x078A, 0x0788, 0x0787, 0x0786, 0x0784, 0x0783, 0x0782, 0x0780, 0x077F,
0x077E, 0x077D, 0x077B, 0x077A, 0x0779, 0x0777, 0x0776, 0x0775, 0x0773, 0x0772, 0x0771, 0x0770, 0x076E, 0x076D, 0x076C, 0x076A,
0x0769, 0x0768, 0x0767, 0x0765, 0x0764, 0x0763, 0x0762, 0x0760, 0x075F, 0x075E, 0x075C, 0x075B, 0x075A, 0x0759, 0x0757, 0x0756,
0x0755, 0x0753, 0x0752, 0x0751, 0x0750, 0x074E, 0x074D, 0x074C, 0x074B, 0x0749, 0x0748, 0x0747, 0x0746, 0x0744, 0x0743, 0x0742,
0x0741, 0x073F, 0x073E, 0x073D, 0x073C, 0x073A, 0x0739, 0x0738, 0x0737, 0x0735, 0x0734, 0x0733, 0x0732, 0x0730, 0x072F, 0x072E,
0x072D, 0x072B, 0x072A, 0x0729, 0x0728, 0x0726, 0x0725, 0x0724, 0x0723, 0x0721, 0x0720, 0x071F, 0x071E, 0x071C, 0x071B, 0x071A,
0x0719, 0x0718, 0x0716, 0x0715, 0x0714, 0x0713, 0x0711, 0x0710, 0x070F, 0x070E, 0x070C, 0x070B, 0x070A, 0x0709, 0x0708, 0x0706,
0x0705, 0x0704, 0x0703, 0x0702, 0x0700, 0x06FF, 0x06FE, 0x06FD, 0x06FB, 0x06FA, 0x06F9, 0x06F8, 0x06F7, 0x06F5, 0x06F4, 0x06F3,
0x06F2, 0x06F1, 0x06EF, 0x06EE, 0x06ED, 0x06EC, 0x06EB, 0x06E9, 0x06E8, 0x06E7, 0x06E6, 0x06E5, 0x06E3, 0x06E2, 0x06E1, 0x06E0,
0x06DF, 0x06DD, 0x06DC, 0x06DB, 0x06DA, 0x06D9, 0x06D8, 0x06D6, 0x06D5, 0x06D4, 0x06D3, 0x06D2, 0x06D0, 0x06CF, 0x06CE, 0x06CD,
0x06CC, 0x06CB, 0x06C9, 0x06C8, 0x06C7, 0x06C6, 0x06C5, 0x06C4, 0x06C2, 0x06C1, 0x06C0, 0x06BF, 0x06BE, 0x06BC, 0x06BB, 0x06BA,
0x06B9, 0x06B8, 0x06B7, 0x06B5, 0x06B4, 0x06B3, 0x06B2, 0x06B1, 0x06B0, 0x06AF, 0x06AD, 0x06AC, 0x06AB, 0x06AA, 0x06A9, 0x06A8,
0x06A6, 0x06A5, 0x06A4, 0x06A3, 0x06A2, 0x06A1, 0x06A0, 0x069E, 0x069D, 0x069C, 0x069B, 0x069A, 0x0699, 0x0698, 0x0696, 0x0695,
0x0694, 0x0693, 0x0692, 0x0691, 0x0690, 0x068E, 0x068D, 0x068C, 0x068B, 0x068A, 0x0689, 0x0688, 0x0686, 0x0685, 0x0684, 0x0683,
0x0682, 0x0681, 0x0680, 0x067F, 0x067D, 0x067C, 0x067B, 0x067A, 0x0679, 0x0678, 0x0677, 0x0676, 0x0674, 0x0673, 0x0672, 0x0671,
0x0670, 0x066F, 0x066E, 0x066D, 0x066C, 0x066A, 0x0669, 0x0668, 0x0667, 0x0666, 0x0665, 0x0664, 0x0663, 0x0662, 0x0660, 0x065F,
0x065E, 0x065D, 0x065C, 0x065B, 0x065A, 0x0659, 0x0658, 0x0657, 0x0655, 0x0654, 0x0653, 0x0652, 0x0651, 0x0650, 0x064F, 0x064E,
0x064D, 0x064C, 0x064B, 0x0649, 0x0648, 0x0647, 0x0646, 0x0645, 0x0644, 0x0643, 0x0642, 0x0641, 0x0640, 0x063F, 0x063E, 0x063C,
0x063B, 0x063A, 0x0639, 0x0638, 0x0637, 0x0636, 0x0635, 0x0634, 0x0633, 0x0632, 0x0631, 0x0630, 0x062E, 0x062D, 0x062C, 0x062B,
0x062A, 0x0629, 0x0628, 0x0627, 0x0626, 0x0625, 0x0624, 0x0623, 0x0622, 0x0621, 0x0620, 0x061E, 0x061D, 0x061C, 0x061B, 0x061A,
0x0619, 0x0618, 0x0617, 0x0616, 0x0615, 0x0614, 0x0613, 0x0612, 0x0611, 0x0610, 0x060F, 0x060E, 0x060D, 0x060B, 0x060A, 0x0609,
0x0608, 0x0607, 0x0606, 0x0605, 0x0604, 0x0603, 0x0602, 0x0601, 0x0600, 0x05FF, 0x05FE, 0x05FD, 0x05FC, 0x05FB, 0x05FA, 0x05F9,
0x05F8, 0x05F7, 0x05F6, 0x05F5, 0x05F4, 0x05F3, 0x05F2, 0x05F0, 0x05EF, 0x05EE, 0x05ED, 0x05EC, 0x05EB, 0x05EA, 0x05E9, 0x05E8,
0x05E7, 0x05E6, 0x05E5, 0x05E4, 0x05E3, 0x05E2, 0x05E1, 0x05E0, 0x05DF, 0x05DE, 0x05DD, 0x05DC, 0x05DB, 0x05DA, 0x05D9, 0x05D8,
0x05D7, 0x05D6, 0x05D5, 0x05D4, 0x05D3, 0x05D2, 0x05D1, 0x05D0, 0x05CF, 0x05CE, 0x05CD, 0x05CC, 0x05CB, 0x05CA, 0x05C9, 0x05C8,
0x05C7, 0x05C6, 0x05C5, 0x05C4, 0x05C3, 0x05C2, 0x05C1, 0x05C0, 0x05BF, 0x05BE, 0x05BD, 0x05BC, 0x05BB, 0x05BA, 0x05B9, 0x05B8,
0x05B7, 0x05B6, 0x05B5, 0x05B4, 0x05B3, 0x05B2, 0x05B1, 0x05B0, 0x05AF, 0x05AE, 0x05AD, 0x05AC, 0x05AB, 0x05AA, 0x05A9, 0x05A8,
0x05A7, 0x05A6, 0x05A5, 0x05A4, 0x05A3, 0x05A2, 0x05A1, 0x05A0, 0x059F, 0x059E, 0x059D, 0x059C, 0x059B, 0x059A, 0x059A, 0x0599,
0x0598, 0x0597, 0x0596, 0x0595, 0x0594, 0x0593, 0x0592, 0x0591, 0x0590, 0x058F, 0x058E, 0x058D, 0x058C, 0x058B, 0x058A, 0x0589,
0x0588, 0x0587, 0x0586, 0x0585, 0x0584, 0x0583, 0x0582, 0x0581, 0x0581, 0x0580, 0x057F, 0x057E, 0x057D, 0x057C, 0x057B, 0x057A,
0x0579, 0x0578, 0x0577, 0x0576, 0x0575, 0x0574, 0x0573, 0x0572, 0x0571, 0x0570, 0x056F, 0x056F, 0x056E, 0x056D, 0x056C, 0x056B,
0x056A, 0x0569, 0x0568, 0x0567, 0x0566, 0x0565, 0x0564, 0x0563, 0x0562, 0x0561, 0x0560, 0x0560, 0x055F, 0x055E, 0x055D, 0x055C,
0x055B, 0x055A, 0x0559, 0x0558, 0x0557, 0x0556, 0x0555, 0x0554, 0x0553, 0x0553, 0x0552, 0x0551, 0x0550, 0x054F, 0x054E, 0x054D,
0x054C, 0x054B, 0x054A, 0x0549, 0x0548, 0x0548, 0x0547, 0x0546, 0x0545, 0x0544, 0x0543, 0x0542, 0x0541, 0x0540, 0x053F, 0x053E,
0x053E, 0x053D, 0x053C, 0x053B, 0x053A, 0x0539, 0x0538, 0x0537, 0x0536, 0x0535, 0x0534, 0x0534, 0x0533, 0x0532, 0x0531, 0x0530,
0x052F, 0x052E, 0x052D, 0x052C, 0x052B, 0x052B, 0x052A, 0x0529, 0x0528, 0x0527, 0x0526, 0x0525, 0x0524, 0x0523, 0x0523, 0x0522,
0x0521, 0x0520, 0x051F, 0x051E, 0x051D, 0x051C, 0x051B, 0x051B, 0x051A, 0x0519, 0x0518, 0x0517, 0x0516, 0x0515, 0x0514, 0x0514,
0x0513, 0x0512, 0x0511, 0x0510, 0x050F, 0x050E, 0x050D, 0x050C, 0x050C, 0x050B, 0x050A, 0x0509, 0x0508, 0x0507, 0x0506, 0x0506,
0x0505, 0x0504, 0x0503, 0x0502, 0x0501, 0x0500, 0x04FF, 0x04FF, 0x04FE, 0x04FD, 0x04FC, 0x04FB, 0x04FA, 0x04F9, 0x04F9, 0x04F8,
0x04F7, 0x04F6, 0x04F5, 0x04F4, 0x04F3, 0x04F3, 0x04F2, 0x04F1, 0x04F0, 0x04EF, 0x04EE, 0x04ED, 0x04ED, 0x04EC, 0x04EB, 0x04EA,
0x04E9, 0x04E8, 0x04E7, 0x04E7, 0x04E6, 0x04E5, 0x04E4, 0x04E3, 0x04E2, 0x04E1, 0x04E1, 0x04E0, 0x04DF, 0x04DE, 0x04DD, 0x04DC,
0x04DC, 0x04DB, 0x04DA, 0x04D9, 0x04D8, 0x04D7, 0x04D7, 0x04D6, 0x04D5, 0x04D4, 0x04D3, 0x04D2, 0x04D2, 0x04D1, 0x04D0, 0x04CF,
0x04CE, 0x04CD, 0x04CD, 0x04CC, 0x04CB, 0x04CA, 0x04C9, 0x04C8, 0x04C8, 0x04C7, 0x04C6, 0x04C5, 0x04C4, 0x04C3, 0x04C3, 0x04C2,
0x04C1, 0x04C0, 0x04BF, 0x04BE, 0x04BE, 0x04BD, 0x04BC, 0x04BB, 0x04BA, 0x04BA, 0x04B9, 0x04B8, 0x04B7, 0x04B6, 0x04B5, 0x04B5,
0x04B4, 0x04B3, 0x04B2, 0x04B1, 0x04B1, 0x04B0, 0x04AF, 0x04AE, 0x04AD, 0x04AD, 0x04AC, 0x04AB, 0x04AA, 0x04A9, 0x04A8, 0x04A8,
0x04A7, 0x04A6, 0x04A5, 0x04A4, 0x04A4, 0x04A3, 0x04A2, 0x04A1, 0x04A0, 0x04A0, 0x049F, 0x049E, 0x049D, 0x049C, 0x049C, 0x049B,
0x049A, 0x0499, 0x0498, 0x0498, 0x0497, 0x0496, 0x0495, 0x0494, 0x0494, 0x0493, 0x0492, 0x0491, 0x0490, 0x0490, 0x048F, 0x048E,
0x048D, 0x048D, 0x048C, 0x048B, 0x048A, 0x0489, 0x0489, 0x0488, 0x0487, 0x0486, 0x0485, 0x0485, 0x0484, 0x0483, 0x0482, 0x0482,
0x0481, 0x0480, 0x047F, 0x047E, 0x047E, 0x047D, 0x047C, 0x047B, 0x047B, 0x047A, 0x0479, 0x0478, 0x0477, 0x0477, 0x0476, 0x0475,
0x0474, 0x0474, 0x0473, 0x0472, 0x0471, 0x0471, 0x0470, 0x046F, 0x046E, 0x046D, 0x046D, 0x046C, 0x046B, 0x046A, 0x046A, 0x0469,
0x0468, 0x0467, 0x0467, 0x0466, 0x0465, 0x0464, 0x0464, 0x0463, 0x0462, 0x0461, 0x0460, 0x0460, 0x045F, 0x045E, 0x045D, 0x045D,
0x045C, 0x045B, 0x045A, 0x045A, 0x0459, 0x0458, 0x0457, 0x0457, 0x0456, 0x0455, 0x0454, 0x0454, 0x0453, 0x0452, 0x0451, 0x0451,
0x0450, 0x044F, 0x044E, 0x044E, 0x044D, 0x044C, 0x044B, 0x044B, 0x044A, 0x0449, 0x0448, 0x0448, 0x0447, 0x0446, 0x0445, 0x0445,
0x0444, 0x0443, 0x0443, 0x0442, 0x0441, 0x0440, 0x0440, 0x043F, 0x043E, 0x043D, 0x043D, 0x043C, 0x043B, 0x043A, 0x043A, 0x0439,
0x0438, 0x0438, 0x0437, 0x0436, 0x0435, 0x0435, 0x0434, 0x0433, 0x0432, 0x0432, 0x0431, 0x0430, 0x0430, 0x042F, 0x042E, 0x042D,
0x042D, 0x042C, 0x042B, 0x042A, 0x042A, 0x0429, 0x0428, 0x0428, 0x0427, 0x0426, 0x0425, 0x0425, 0x0424, 0x0423, 0x0423, 0x0422,
0x0421, 0x0420, 0x0420, 0x041F, 0x041E, 0x041E, 0x041D, 0x041C, 0x041B, 0x041B, 0x041A, 0x0419, 0x0419, 0x0418, 0x0417, 0x0416,
0x0416, 0x0415, 0x0414, 0x0414, 0x0413, 0x0412, 0x0411, 0x0411, 0x0410, 0x040F, 0x040F, 0x040E, 0x040D, 0x040D, 0x040C, 0x040B,
0x040A, 0x040A, 0x0409, 0x0408, 0x0408, 0x0407, 0x0406, 0x0406, 0x0405, 0x0404, 0x0403, 0x0403, 0x0402, 0x0401, 0x0401, 0x0400,
0x03FF, 0x03FE, 0x03FE, 0x03FD, 0x03FC, 0x03FC, 0x03FB, 0x03FA, 0x03FA, 0x03F9, 0x03F8, 0x03F7, 0x03F7, 0x03F6, 0x03F5, 0x03F5,
0x03F4, 0x03F3, 0x03F3, 0x03F2, 0x03F1, 0x03F1, 0x03F0, 0x03EF, 0x03EF, 0x03EE, 0x03ED, 0x03ED, 0x03EC, 0x03EB, 0x03EA, 0x03EA,
0x03E9, 0x03E8, 0x03E8, 0x03E7, 0x03E6, 0x03E6, 0x03E5, 0x03E4, 0x03E4, 0x03E3, 0x03E2, 0x03E2, 0x03E1, 0x03E0, 0x03E0, 0x03DF,
0x03DE, 0x03DE, 0x03DD, 0x03DC, 0x03DC, 0x03DB, 0x03DA, 0x03DA, 0x03D9, 0x03D8, 0x03D8, 0x03D7, 0x03D6, 0x03D6, 0x03D5, 0x03D4,
0x03D4, 0x03D3, 0x03D2, 0x03D2, 0x03D1, 0x03D0, 0x03D0, 0x03CF, 0x03CE, 0x03CE, 0x03CD, 0x03CC, 0x03CC, 0x03CB, 0x03CA, 0x03CA,
0x03C9, 0x03C8, 0x03C8, 0x03C7, 0x03C6, 0x03C6, 0x03C5, 0x03C5, 0x03C4, 0x03C3, 0x03C3, 0x03C2, 0x03C1, 0x03C1, 0x03C0, 0x03BF,
0x03BF, 0x03BE, 0x03BD, 0x03BD, 0x03BC, 0x03BB, 0x03BB, 0x03BA, 0x03B9, 0x03B9, 0x03B8, 0x03B8, 0x03B7, 0x03B6, 0x03B6, 0x03B5,
0x03B4, 0x03B4, 0x03B3, 0x03B2, 0x03B2, 0x03B1, 0x03B1, 0x03B0, 0x03AF, 0x03AF, 0x03AE, 0x03AD, 0x03AD, 0x03AC, 0x03AB, 0x03AB,
0x03AA, 0x03A9, 0x03A9, 0x03A8, 0x03A8, 0x03A7, 0x03A6, 0x03A6, 0x03A5, 0x03A4, 0x03A4, 0x03A3, 0x03A3, 0x03A2, 0x03A1, 0x03A1,
0x03A0, 0x039F, 0x039F, 0x039E, 0x039E, 0x039D, 0x039C, 0x039C, 0x039B, 0x039A, 0x039A, 0x0399, 0x0399, 0x0398, 0x0397, 0x0397,
0x0396, 0x0395, 0x0395, 0x0394, 0x0394, 0x0393, 0x0392, 0x0392, 0x0391, 0x0390, 0x0390, 0x038F, 0x038F, 0x038E, 0x038D, 0x038D,
0x038C, 0x038C, 0x038B, 0x038A, 0x038A, 0x0389, 0x0388, 0x0388, 0x0387, 0x0387, 0x0386, 0x0385, 0x0385, 0x0384, 0x0384, 0x0383,
0x0382, 0x0382, 0x0381, 0x0381, 0x0380, 0x037F, 0x037F, 0x037E, 0x037D, 0x037D, 0x037C, 0x037C, 0x037B, 0x037A, 0x037A, 0x0379,
0x0379, 0x0378, 0x0377, 0x0377, 0x0376, 0x0376, 0x0375, 0x0374, 0x0374, 0x0373, 0x0373, 0x0372, 0x0371, 0x0371, 0x0370, 0x0370,
0x036F, 0x036E, 0x036E, 0x036D, 0x036D, 0x036C, 0x036C, 0x036B, 0x036A, 0x036A, 0x0369, 0x0369, 0x0368, 0x0367, 0x0367, 0x0366,
0x0366, 0x0365, 0x0364, 0x0364, 0x0363, 0x0363, 0x0362, 0x0362, 0x0361, 0x0360, 0x0360, 0x035F, 0x035F, 0x035E, 0x035D, 0x035D,
0x035C, 0x035C, 0x035B, 0x035A, 0x035A, 0x0359, 0x0359, 0x0358, 0x0358, 0x0357, 0x0356, 0x0356, 0x0355, 0x0355, 0x0354, 0x0354,
0x0353, 0x0352, 0x0352, 0x0351, 0x0351, 0x0350, 0x0350, 0x034F, 0x034E, 0x034E, 0x034D, 0x034D, 0x034C, 0x034C, 0x034B, 0x034A,
0x034A, 0x0349, 0x0349, 0x0348, 0x0348, 0x0347, 0x0346, 0x0346, 0x0345, 0x0345, 0x0344, 0x0344, 0x0343, 0x0342, 0x0342, 0x0341,
0x0341, 0x0340, 0x0340, 0x033F, 0x033E, 0x033E, 0x033D, 0x033D, 0x033C, 0x033C, 0x033B, 0x033B, 0x033A, 0x0339, 0x0339, 0x0338,
0x0338, 0x0337, 0x0337, 0x0336, 0x0336, 0x0335, 0x0334, 0x0334, 0x0333, 0x0333, 0x0332, 0x0332, 0x0331, 0x0331, 0x0330, 0x032F,
0x032F, 0x032E, 0x032E, 0x032D, 0x032D, 0x032C, 0x032C, 0x032B, 0x032A, 0x032A, 0x0329, 0x0329, 0x0328, 0x0328, 0x0327, 0x0327,
0x0326, 0x0326, 0x0325, 0x0324, 0x0324, 0x0323, 0x0323, 0x0322, 0x0322, 0x0321, 0x0321, 0x0320, 0x0320, 0x031F, 0x031F, 0x031E,
0x031D, 0x031D, 0x031C, 0x031C, 0x031B, 0x031B, 0x031A, 0x031A, 0x0319, 0x0319, 0x0318, 0x0318, 0x0317, 0x0316, 0x0316, 0x0315,
0x0315, 0x0314, 0x0314, 0x0313, 0x0313, 0x0312, 0x0312, 0x0311, 0x0311, 0x0310, 0x0310, 0x030F, 0x030E, 0x030E, 0x030D, 0x030D,
0x030C, 0x030C, 0x030B, 0x030B, 0x030A, 0x030A, 0x0309, 0x0309, 0x0308, 0x0308, 0x0307, 0x0307, 0x0306, 0x0305, 0x0305, 0x0304,
0x0304, 0x0303, 0x0303, 0x0302, 0x0302, 0x0301, 0x0301, 0x0300, 0x0300, 0x02FF, 0x02FF, 0x02FE, 0x02FE, 0x02FD, 0x02FD, 0x02FC,
0x02FC, 0x02FB, 0x02FB, 0x02FA, 0x02FA, 0x02F9, 0x02F9, 0x02F8, 0x02F7, 0x02F7, 0x02F6, 0x02F6, 0x02F5, 0x02F5, 0x02F4, 0x02F4,
0x02F3, 0x02F3, 0x02F2, 0x02F2, 0x02F1, 0x02F1, 0x02F0, 0x02F0, 0x02EF, 0x02EF, 0x02EE, 0x02EE, 0x02ED, 0x02ED, 0x02EC, 0x02EC,
0x02EB, 0x02EB, 0x02EA, 0x02EA, 0x02E9, 0x02E9, 0x02E8, 0x02E8, 0x02E7, 0x02E7, 0x02E6, 0x02E6, 0x02E5, 0x02E5, 0x02E4, 0x02E4,
0x02E3, 0x02E3, 0x02E2, 0x02E2, 0x02E1, 0x02E1, 0x02E0, 0x02E0, 0x02DF, 0x02DF, 0x02DE, 0x02DE, 0x02DD, 0x02DD, 0x02DC, 0x02DC,
0x02DB, 0x02DB, 0x02DA, 0x02DA, 0x02D9, 0x02D9, 0x02D8, 0x02D8, 0x02D7, 0x02D7, 0x02D6, 0x02D6, 0x02D5, 0x02D5, 0x02D4, 0x02D4,
0x02D3, 0x02D3, 0x02D2, 0x02D2, 0x02D1, 0x02D1, 0x02D0, 0x02D0, 0x02CF, 0x02CF, 0x02CE, 0x02CE, 0x02CD, 0x02CD, 0x02CD, 0x02CC,
0x02CC, 0x02CB, 0x02CB, 0x02CA, 0x02CA, 0x02C9, 0x02C9, 0x02C8, 0x02C8, 0x02C7, 0x02C7, 0x02C6, 0x02C6, 0x02C5, 0x02C5, 0x02C4,
0x02C4, 0x02C3, 0x02C3, 0x02C2, 0x02C2, 0x02C1, 0x02C1, 0x02C0, 0x02C0, 0x02C0, 0x02BF, 0x02BF, 0x02BE, 0x02BE, 0x02BD, 0x02BD,
0x02BC, 0x02BC, 0x02BB, 0x02BB, 0x02BA, 0x02BA, 0x02B9, 0x02B9, 0x02B8, 0x02B8, 0x02B7, 0x02B7, 0x02B7, 0x02B6, 0x02B6, 0x02B5,
0x02B5, 0x02B4, 0x02B4, 0x02B3, 0x02B3, 0x02B2, 0x02B2, 0x02B1, 0x02B1, 0x02B0, 0x02B0, 0x02B0, 0x02AF, 0x02AF, 0x02AE, 0x02AE,
0x02AD, 0x02AD, 0x02AC, 0x02AC, 0x02AB, 0x02AB, 0x02AA, 0x02AA, 0x02A9, 0x02A9, 0x02A9, 0x02A8, 0x02A8, 0x02A7, 0x02A7, 0x02A6,
0x02A6, 0x02A5, 0x02A5, 0x02A4, 0x02A4, 0x02A4, 0x02A3, 0x02A3, 0x02A2, 0x02A2, 0x02A1, 0x02A1, 0x02A0, 0x02A0, 0x029F, 0x029F,
0x029F, 0x029E, 0x029E, 0x029D, 0x029D, 0x029C, 0x029C, 0x029B, 0x029B, 0x029A, 0x029A, 0x029A, 0x0299, 0x0299, 0x0298, 0x0298,
0x0297, 0x0297, 0x0296, 0x0296, 0x0295, 0x0295, 0x0295, 0x0294, 0x0294, 0x0293, 0x0293, 0x0292, 0x0292, 0x0291, 0x0291, 0x0291,
0x0290, 0x0290, 0x028F, 0x028F, 0x028E, 0x028E, 0x028D, 0x028D, 0x028D, 0x028C, 0x028C, 0x028B, 0x028B, 0x028A, 0x028A, 0x028A,
0x0289, 0x0289, 0x0288, 0x0288, 0x0287, 0x0287, 0x0286, 0x0286, 0x0286, 0x0285, 0x0285, 0x0284, 0x0284, 0x0283, 0x0283, 0x0283,
0x0282, 0x0282, 0x0281, 0x0281, 0x0280, 0x0280, 0x027F, 0x027F, 0x027F, 0x027E, 0x027E, 0x027D, 0x027D, 0x027C, 0x027C, 0x027C,
0x027B, 0x027B, 0x027A, 0x027A, 0x0279, 0x0279, 0x0279, 0x0278, 0x0278, 0x0277, 0x0277, 0x0276, 0x0276, 0x0276, 0x0275, 0x0275,
0x0274, 0x0274, 0x0273, 0x0273, 0x0273, 0x0272, 0x0272, 0x0271, 0x0271, 0x0270, 0x0270, 0x0270, 0x026F, 0x026F, 0x026E, 0x026E,
0x026E, 0x026D, 0x026D, 0x026C, 0x026C, 0x026B, 0x026B, 0x026B, 0x026A, 0x026A, 0x0269, 0x0269, 0x0269, 0x0268, 0x0268, 0x0267,
0x0267, 0x0266, 0x0266, 0x0266, 0x0265, 0x0265, 0x0264, 0x0264, 0x0264, 0x0263, 0x0263, 0x0262, 0x0262, 0x0261, 0x0261, 0x0261,
0x0260, 0x0260, 0x025F, 0x025F, 0x025F, 0x025E, 0x025E, 0x025D, 0x025D, 0x025D, 0x025C, 0x025C, 0x025B, 0x025B, 0x025A, 0x025A,
0x025A, 0x0259, 0x0259, 0x0258, 0x0258, 0x0258, 0x0257, 0x0257, 0x0256, 0x0256, 0x0256, 0x0255, 0x0255, 0x0254, 0x0254, 0x0254,
0x0253, 0x0253, 0x0252, 0x0252, 0x0252, 0x0251, 0x0251, 0x0250, 0x0250, 0x0250, 0x024F, 0x024F, 0x024E, 0x024E, 0x024E, 0x024D,
0x024D, 0x024C, 0x024C, 0x024C, 0x024B, 0x024B, 0x024A, 0x024A, 0x024A, 0x0249, 0x0249, 0x0248, 0x0248, 0x0248, 0x0247, 0x0247,
0x0246, 0x0246, 0x0246, 0x0245, 0x0245, 0x0244, 0x0244, 0x0244, 0x0243, 0x0243, 0x0242, 0x0242, 0x0242, 0x0241, 0x0241, 0x0241,
0x0240, 0x0240, 0x023F, 0x023F, 0x023F, 0x023E, 0x023E, 0x023D, 0x023D, 0x023D, 0x023C, 0x023C, 0x023B, 0x023B, 0x023B, 0x023A,
0x023A, 0x023A, 0x0239, 0x0239, 0x0238, 0x0238, 0x0238, 0x0237, 0x0237, 0x0236, 0x0236, 0x0236, 0x0235, 0x0235, 0x0235, 0x0234,
0x0234, 0x0233, 0x0233, 0x0233, 0x0232, 0x0232, 0x0232, 0x0231, 0x0231, 0x0230, 0x0230, 0x0230, 0x022F, 0x022F, 0x022E, 0x022E,
0x022E, 0x022D, 0x022D, 0x022D, 0x022C, 0x022C, 0x022B, 0x022B, 0x022B, 0x022A, 0x022A, 0x022A, 0x0229, 0x0229, 0x0228, 0x0228,
0x0228, 0x0227, 0x0227, 0x0227, 0x0226, 0x0226, 0x0225, 0x0225, 0x0225, 0x0224, 0x0224, 0x0224, 0x0223, 0x0223, 0x0222, 0x0222,
0x0222, 0x0221, 0x0221, 0x0221, 0x0220, 0x0220, 0x0220, 0x021F, 0x021F, 0x021E, 0x021E, 0x021E, 0x021D, 0x021D, 0x021D, 0x021C,
0x021C, 0x021C, 0x021B, 0x021B, 0x021A, 0x021A, 0x021A, 0x0219, 0x0219, 0x0219, 0x0218, 0x0218, 0x0218, 0x0217, 0x0217, 0x0216,
0x0216, 0x0216, 0x0215, 0x0215, 0x0215, 0x0214, 0x0214, 0x0214, 0x0213, 0x0213, 0x0212, 0x0212, 0x0212, 0x0211, 0x0211, 0x0211,
0x0210, 0x0210, 0x0210, 0x020F, 0x020F, 0x020F, 0x020E, 0x020E, 0x020D, 0x020D, 0x020D, 0x020C, 0x020C, 0x020C, 0x020B, 0x020B,
0x020B, 0x020A, 0x020A, 0x020A, 0x0209, 0x0209, 0x0208, 0x0208, 0x0208, 0x0207, 0x0207, 0x0207, 0x0206, 0x0206, 0x0206, 0x0205,
0x0205, 0x0205, 0x0204, 0x0204, 0x0204, 0x0203, 0x0203, 0x0203, 0x0202, 0x0202, 0x0201, 0x0201, 0x0201, 0x0200, 0x0200, 0x0200,
0x01FF, 0x01FF, 0x01FF, 0x01FE, 0x01FE, 0x01FE, 0x01FD, 0x01FD, 0x01FD, 0x01FC, 0x01FC, 0x01FB, 0x01FB, 0x01FB, 0x01FA, 0x01FA,
0x01FA, 0x01F9, 0x01F9, 0x01F9, 0x01F8, 0x01F8, 0x01F8, 0x01F7, 0x01F7, 0x01F7, 0x01F6, 0x01F6, 0x01F6, 0x01F5, 0x01F5, 0x01F5,
0x01F4, 0x01F4, 0x01F4, 0x01F3, 0x01F3, 0x01F3, 0x01F2, 0x01F2, 0x01F2, 0x01F1, 0x01F1, 0x01F1, 0x01F0, 0x01F0, 0x01F0, 0x01EF,
0x01EF, 0x01EF, 0x01EE, 0x01EE, 0x01EE, 0x01ED, 0x01ED, 0x01ED, 0x01EC, 0x01EC, 0x01EC, 0x01EB, 0x01EB, 0x01EB, 0x01EA, 0x01EA,
0x01EA, 0x01E9, 0x01E9, 0x01E9, 0x01E8, 0x01E8, 0x01E8, 0x01E7, 0x01E7, 0x01E7, 0x01E6, 0x01E6, 0x01E6, 0x01E5, 0x01E5, 0x01E5,
0x01E4, 0x01E4, 0x01E4, 0x01E3, 0x01E3, 0x01E3, 0x01E2, 0x01E2, 0x01E2, 0x01E1, 0x01E1, 0x01E1, 0x01E0, 0x01E0, 0x01E0, 0x01DF,
0x01DF, 0x01DF, 0x01DE, 0x01DE, 0x01DE, 0x01DD, 0x01DD, 0x01DD, 0x01DC, 0x01DC, 0x01DC, 0x01DC, 0x01DB, 0x01DB, 0x01DB, 0x01DA,
0x01DA, 0x01DA, 0x01D9, 0x01D9, 0x01D9, 0x01D8, 0x01D8, 0x01D8, 0x01D7, 0x01D7, 0x01D7, 0x01D6, 0x01D6, 0x01D6, 0x01D5, 0x01D5,
0x01D5, 0x01D4, 0x01D4, 0x01D4, 0x01D4, 0x01D3, 0x01D3, 0x01D3, 0x01D2, 0x01D2, 0x01D2, 0x01D1, 0x01D1, 0x01D1, 0x01D0, 0x01D0,
0x01D0, 0x01CF, 0x01CF, 0x01CF, 0x01CF, 0x01CE, 0x01CE, 0x01CE, 0x01CD, 0x01CD, 0x01CD, 0x01CC, 0x01CC, 0x01CC, 0x01CB, 0x01CB,
0x01CB, 0x01CA, 0x01CA, 0x01CA, 0x01CA, 0x01C9, 0x01C9, 0x01C9, 0x01C8, 0x01C8, 0x01C8, 0x01C7, 0x01C7, 0x01C7, 0x01C6, 0x01C6,
0x01C6, 0x01C6, 0x01C5, 0x01C5, 0x01C5, 0x01C4, 0x01C4, 0x01C4, 0x01C3, 0x01C3, 0x01C3, 0x01C2, 0x01C2, 0x01C2, 0x01C2, 0x01C1,
0x01C1, 0x01C1, 0x01C0, 0x01C0, 0x01C0, 0x01BF, 0x01BF, 0x01BF, 0x01BE, 0x01BE, 0x01BE, 0x01BE, 0x01BD, 0x01BD, 0x01BD, 0x01BC,
0x01BC, 0x01BC, 0x01BB, 0x01BB, 0x01BB, 0x01BB, 0x01BA, 0x01BA, 0x01BA, 0x01B9, 0x01B9, 0x01B9, 0x01B8, 0x01B8, 0x01B8, 0x01B8,
0x01B7, 0x01B7, 0x01B7, 0x01B6, 0x01B6, 0x01B6, 0x01B6, 0x01B5, 0x01B5, 0x01B5, 0x01B4, 0x01B4, 0x01B4, 0x01B3, 0x01B3, 0x01B3,
0x01B3, 0x01B2, 0x01B2, 0x01B2, 0x01B1, 0x01B1, 0x01B1, 0x01B1, 0x01B0, 0x01B0, 0x01B0, 0x01AF, 0x01AF, 0x01AF, 0x01AE, 0x01AE,
0x01AE, 0x01AE, 0x01AD, 0x01AD, 0x01AD, 0x01AC, 0x01AC, 0x01AC, 0x01AC, 0x01AB, 0x01AB, 0x01AB, 0x01AA, 0x01AA, 0x01AA, 0x01AA,
0x01A9, 0x01A9, 0x01A9, 0x01A8, 0x01A8, 0x01A8, 0x01A8, 0x01A7, 0x01A7, 0x01A7, 0x01A6, 0x01A6, 0x01A6, 0x01A6, 0x01A5, 0x01A5,
0x01A5, 0x01A4, 0x01A4, 0x01A4, 0x01A4, 0x01A3, 0x01A3, 0x01A3, 0x01A2, 0x01A2, 0x01A2, 0x01A2, 0x01A1, 0x01A1, 0x01A1, 0x01A0,
0x01A0, 0x01A0, 0x01A0, 0x019F, 0x019F, 0x019F, 0x019E, 0x019E, 0x019E, 0x019E, 0x019D, 0x019D, 0x019D, 0x019C, 0x019C, 0x019C,
0x019C, 0x019B, 0x019B, 0x019B, 0x019B, 0x019A, 0x019A, 0x019A, 0x0199, 0x0199, 0x0199, 0x0199, 0x0198, 0x0198, 0x0198, 0x0197,
0x0197, 0x0197, 0x0197, 0x0196, 0x0196, 0x0196, 0x0196, 0x0195, 0x0195, 0x0195, 0x0194, 0x0194, 0x0194, 0x0194, 0x0193, 0x0193,
0x0193, 0x0193, 0x0192, 0x0192, 0x0192, 0x0191, 0x0191, 0x0191, 0x0191, 0x0190, 0x0190, 0x0190, 0x0190, 0x018F, 0x018F, 0x018F,
0x018E, 0x018E, 0x018E, 0x018E, 0x018D, 0x018D, 0x018D, 0x018D, 0x018C, 0x018C, 0x018C, 0x018C, 0x018B, 0x018B, 0x018B, 0x018A,
0x018A, 0x018A, 0x018A, 0x0189, 0x0189, 0x0189, 0x0189, 0x0188, 0x0188, 0x0188, 0x0188, 0x0187, 0x0187, 0x0187, 0x0186, 0x0186,
0x0186, 0x0186, 0x0185, 0x0185, 0x0185, 0x0185, 0x0184, 0x0184, 0x0184, 0x0184, 0x0183, 0x0183, 0x0183, 0x0182, 0x0182, 0x0182,
0x0182, 0x0181, 0x0181, 0x0181, 0x0181, 0x0180, 0x0180, 0x0180, 0x0180, 0x017F, 0x017F, 0x017F, 0x017F, 0x017E, 0x017E, 0x017E,
0x017E, 0x017D, 0x017D, 0x017D, 0x017D, 0x017C, 0x017C, 0x017C, 0x017B, 0x017B, 0x017B, 0x017B, 0x017A, 0x017A, 0x017A, 0x017A,
0x0179, 0x0179, 0x0179, 0x0179, 0x0178, 0x0178, 0x0178, 0x0178, 0x0177, 0x0177, 0x0177, 0x0177, 0x0176, 0x0176, 0x0176, 0x0176,
0x0175, 0x0175, 0x0175, 0x0175, 0x0174, 0x0174, 0x0174, 0x0174, 0x0173, 0x0173, 0x0173, 0x0173, 0x0172, 0x0172, 0x0172, 0x0172,
0x0171, 0x0171, 0x0171, 0x0171, 0x0170, 0x0170, 0x0170, 0x0170, 0x016F, 0x016F, 0x016F, 0x016F, 0x016E, 0x016E, 0x016E, 0x016E,
0x016D, 0x016D, 0x016D, 0x016D, 0x016C, 0x016C, 0x016C, 0x016C, 0x016B, 0x016B, 0x016B, 0x016B, 0x016A, 0x016A, 0x016A, 0x016A,
0x0169, 0x0169, 0x0169, 0x0169, 0x0168, 0x0168, 0x0168, 0x0168, 0x0167, 0x0167, 0x0167, 0x0167, 0x0166, 0x0166, 0x0166, 0x0166,
0x0166, 0x0165, 0x0165, 0x0165, 0x0165, 0x0164, 0x0164, 0x0164, 0x0164, 0x0163, 0x0163, 0x0163, 0x0163, 0x0162, 0x0162, 0x0162,
0x0162, 0x0161, 0x0161, 0x0161, 0x0161, 0x0160, 0x0160, 0x0160, 0x0160, 0x0160, 0x015F, 0x015F, 0x015F, 0x015F, 0x015E, 0x015E,
0x015E, 0x015E, 0x015D, 0x015D, 0x015D, 0x015D, 0x015C, 0x015C, 0x015C, 0x015C, 0x015B, 0x015B, 0x015B, 0x015B, 0x015B, 0x015A,
0x015A, 0x015A, 0x015A, 0x0159, 0x0159, 0x0159, 0x0159, 0x0158, 0x0158, 0x0158, 0x0158, 0x0158, 0x0157, 0x0157, 0x0157, 0x0157,
0x0156, 0x0156, 0x0156, 0x0156, 0x0155, 0x0155, 0x0155, 0x0155, 0x0154, 0x0154, 0x0154, 0x0154, 0x0154, 0x0153, 0x0153, 0x0153,
0x0153, 0x0152, 0x0152, 0x0152, 0x0152, 0x0152, 0x0151, 0x0151, 0x0151, 0x0151, 0x0150, 0x0150, 0x0150, 0x0150, 0x014F, 0x014F,
0x014F, 0x014F, 0x014F, 0x014E, 0x014E, 0x014E, 0x014E, 0x014D, 0x014D, 0x014D, 0x014D, 0x014D, 0x014C, 0x014C, 0x014C, 0x014C,
0x014B, 0x014B, 0x014B, 0x014B, 0x014A, 0x014A, 0x014A, 0x014A, 0x014A, 0x0149, 0x0149, 0x0149, 0x0149, 0x0148, 0x0148, 0x0148,
0x0148, 0x0148, 0x0147, 0x0147, 0x0147, 0x0147, 0x0146, 0x0146, 0x0146, 0x0146, 0x0146, 0x0145, 0x0145, 0x0145, 0x0145, 0x0145,
0x0144, 0x0144, 0x0144, 0x0144, 0x0143, 0x0143, 0x0143, 0x0143, 0x0143, 0x0142, 0x0142, 0x0142, 0x0142, 0x0141, 0x0141, 0x0141,
0x0141, 0x0141, 0x0140, 0x0140, 0x0140, 0x0140, 0x013F, 0x013F, 0x013F, 0x013F, 0x013F, 0x013E, 0x013E, 0x013E, 0x013E, 0x013E,
0x013D, 0x013D, 0x013D, 0x013D, 0x013C, 0x013C, 0x013C, 0x013C, 0x013C, 0x013B, 0x013B, 0x013B, 0x013B, 0x013B, 0x013A, 0x013A,
0x013A, 0x013A, 0x0139, 0x0139, 0x0139, 0x0139, 0x0139, 0x0138, 0x0138, 0x0138, 0x0138, 0x0138, 0x0137, 0x0137, 0x0137, 0x0137,
0x0137, 0x0136, 0x0136, 0x0136, 0x0136, 0x0135, 0x0135, 0x0135, 0x0135, 0x0135, 0x0134, 0x0134, 0x0134, 0x0134, 0x0134, 0x0133,
0x0133, 0x0133, 0x0133, 0x0133, 0x0132, 0x0132, 0x0132, 0x0132, 0x0132, 0x0131, 0x0131, 0x0131, 0x0131, 0x0130, 0x0130, 0x0130,
0x0130, 0x0130, 0x012F, 0x012F, 0x012F, 0x012F, 0x012F, 0x012E, 0x012E, 0x012E, 0x012E, 0x012E, 0x012D, 0x012D, 0x012D, 0x012D,
0x012D, 0x012C, 0x012C, 0x012C, 0x012C, 0x012C, 0x012B, 0x012B, 0x012B, 0x012B, 0x012B, 0x012A, 0x012A, 0x012A, 0x012A, 0x012A,
0x0129, 0x0129, 0x0129, 0x0129, 0x0129, 0x0128, 0x0128, 0x0128, 0x0128, 0x0128, 0x0127, 0x0127, 0x0127, 0x0127, 0x0127, 0x0126,
0x0126, 0x0126, 0x0126, 0x0126, 0x0125, 0x0125, 0x0125, 0x0125, 0x0125, 0x0124, 0x0124, 0x0124, 0x0124, 0x0124, 0x0123, 0x0123,
0x0123, 0x0123, 0x0123, 0x0122, 0x0122, 0x0122, 0x0122, 0x0122, 0x0121, 0x0121, 0x0121, 0x0121, 0x0121, 0x0120, 0x0120, 0x0120,
0x0120, 0x0120, 0x011F, 0x011F, 0x011F, 0x011F, 0x011F, 0x011E, 0x011E, 0x011E, 0x011E, 0x011E, 0x011D, 0x011D, 0x011D, 0x011D,
0x011D, 0x011D, 0x011C, 0x011C, 0x011C, 0x011C, 0x011C, 0x011B, 0x011B, 0x011B, 0x011B, 0x011B, 0x011A, 0x011A, 0x011A, 0x011A,
0x011A, 0x0119, 0x0119, 0x0119, 0x0119, 0x0119, 0x0119, 0x0118, 0x0118, 0x0118, 0x0118, 0x0118, 0x0117, 0x0117, 0x0117, 0x0117,
0x0117, 0x0116, 0x0116, 0x0116, 0x0116, 0x0116, 0x0115, 0x0115, 0x0115, 0x0115, 0x0115, 0x0115, 0x0114, 0x0114, 0x0114, 0x0114,
0x0114, 0x0113, 0x0113, 0x0113, 0x0113, 0x0113, 0x0112, 0x0112, 0x0112, 0x0112, 0x0112, 0x0112, 0x0111, 0x0111, 0x0111, 0x0111,
0x0111, 0x0110, 0x0110, 0x0110, 0x0110, 0x0110, 0x0110, 0x010F, 0x010F, 0x010F, 0x010F, 0x010F, 0x010E, 0x010E, 0x010E, 0x010E,
0x010E, 0x010E, 0x010D, 0x010D, 0x010D, 0x010D, 0x010D, 0x010C, 0x010C, 0x010C, 0x010C, 0x010C, 0x010C, 0x010B, 0x010B, 0x010B,
0x010B, 0x010B, 0x010A, 0x010A, 0x010A, 0x010A, 0x010A, 0x010A, 0x0109, 0x0109, 0x0109, 0x0109, 0x0109, 0x0108, 0x0108, 0x0108,
0x0108, 0x0108, 0x0108, 0x0107, 0x0107, 0x0107, 0x0107, 0x0107, 0x0106, 0x0106, 0x0106, 0x0106, 0x0106, 0x0106, 0x0105, 0x0105,
0x0105, 0x0105, 0x0105, 0x0105, 0x0104, 0x0104, 0x0104, 0x0104, 0x0104, 0x0103, 0x0103, 0x0103, 0x0103, 0x0103, 0x0103, 0x0102,
0x0102, 0x0102, 0x0102, 0x0102, 0x0102, 0x0101, 0x0101, 0x0101, 0x0101, 0x0101, 0x0100, 0x0100, 0x0100, 0x0100, 0x0100, 0x0100,
0x00FF, 0x00FF, 0x00FF, 0x00FF, 0x00FF, 0x00FF, 0x00FE, 0x00FE, 0x00FE, 0x00FE, 0x00FE, 0x00FD, 0x00FD, 0x00FD, 0x00FD, 0x00FD,
0x00FD, 0x00FC, 0x00FC, 0x00FC, 0x00FC, 0x00FC, 0x00FC, 0x00FB, 0x00FB, 0x00FB, 0x00FB, 0x00FB, 0x00FB, 0x00FA, 0x00FA, 0x00FA,
0x00FA, 0x00FA, 0x00FA, 0x00F9, 0x00F9, 0x00F9, 0x00F9, 0x00F9, 0x00F9, 0x00F8, 0x00F8, 0x00F8, 0x00F8, 0x00F8, 0x00F8, 0x00F7,
0x00F7, 0x00F7, 0x00F7, 0x00F7, 0x00F7, 0x00F6, 0x00F6, 0x00F6, 0x00F6, 0x00F6, 0x00F6, 0x00F5, 0x00F5, 0x00F5, 0x00F5, 0x00F5,
0x00F5, 0x00F4, 0x00F4, 0x00F4, 0x00F4, 0x00F4, 0x00F4, 0x00F3, 0x00F3, 0x00F3, 0x00F3, 0x00F3, 0x00F3, 0x00F2, 0x00F2, 0x00F2,
0x00F2, 0x00F2, 0x00F2, 0x00F1, 0x00F1, 0x00F1, 0x00F1, 0x00F1, 0x00F1, 0x00F0, 0x00F0, 0x00F0, 0x00F0, 0x00F0, 0x00F0, 0x00EF,
0x00EF, 0x00EF, 0x00EF, 0x00EF, 0x00EF, 0x00EE, 0x00EE, 0x00EE, 0x00EE, 0x00EE, 0x00EE, 0x00EE, 0x00ED, 0x00ED, 0x00ED, 0x00ED,
0x00ED, 0x00ED, 0x00EC, 0x00EC, 0x00EC, 0x00EC, 0x00EC, 0x00EC, 0x00EB, 0x00EB, 0x00EB, 0x00EB, 0x00EB, 0x00EB, 0x00EA, 0x00EA,
0x00EA, 0x00EA, 0x00EA, 0x00EA, 0x00EA, 0x00E9, 0x00E9, 0x00E9, 0x00E9, 0x00E9, 0x00E9, 0x00E8, 0x00E8, 0x00E8, 0x00E8, 0x00E8,
0x00E8, 0x00E7, 0x00E7, 0x00E7, 0x00E7, 0x00E7, 0x00E7, 0x00E7, 0x00E6, 0x00E6, 0x00E6, 0x00E6, 0x00E6, 0x00E6, 0x00E5, 0x00E5,
0x00E5, 0x00E5, 0x00E5, 0x00E5, 0x00E5, 0x00E4, 0x00E4, 0x00E4, 0x00E4, 0x00E4, 0x00E4, 0x00E3, 0x00E3, 0x00E3, 0x00E3, 0x00E3,
0x00E3, 0x00E3, 0x00E2, 0x00E2, 0x00E2, 0x00E2, 0x00E2, 0x00E2, 0x00E1, 0x00E1, 0x00E1, 0x00E1, 0x00E1, 0x00E1, 0x00E1, 0x00E0,
0x00E0, 0x00E0, 0x00E0, 0x00E0, 0x00E0, 0x00DF, 0x00DF, 0x00DF, 0x00DF, 0x00DF, 0x00DF, 0x00DF, 0x00DE, 0x00DE, 0x00DE, 0x00DE,
0x00DE, 0x00DE, 0x00DD, 0x00DD, 0x00DD, 0x00DD, 0x00DD, 0x00DD, 0x00DD, 0x00DC, 0x00DC, 0x00DC, 0x00DC, 0x00DC, 0x00DC, 0x00DC,
0x00DB, 0x00DB, 0x00DB, 0x00DB, 0x00DB, 0x00DB, 0x00DB, 0x00DA, 0x00DA, 0x00DA, 0x00DA, 0x00DA, 0x00DA, 0x00D9, 0x00D9, 0x00D9,
0x00D9, 0x00D9, 0x00D9, 0x00D9, 0x00D8, 0x00D8, 0x00D8, 0x00D8, 0x00D8, 0x00D8, 0x00D8, 0x00D7, 0x00D7, 0x00D7, 0x00D7, 0x00D7,
0x00D7, 0x00D7, 0x00D6, 0x00D6, 0x00D6, 0x00D6, 0x00D6, 0x00D6, 0x00D6, 0x00D5, 0x00D5, 0x00D5, 0x00D5, 0x00D5, 0x00D5, 0x00D5,
0x00D4, 0x00D4, 0x00D4, 0x00D4, 0x00D4, 0x00D4, 0x00D4, 0x00D3, 0x00D3, 0x00D3, 0x00D3, 0x00D3, 0x00D3, 0x00D3, 0x00D2, 0x00D2,
0x00D2, 0x00D2, 0x00D2, 0x00D2, 0x00D2, 0x00D1, 0x00D1, 0x00D1, 0x00D1, 0x00D1, 0x00D1, 0x00D1, 0x00D0, 0x00D0, 0x00D0, 0x00D0,
0x00D0, 0x00D0, 0x00D0, 0x00CF, 0x00CF, 0x00CF, 0x00CF, 0x00CF, 0x00CF, 0x00CF, 0x00CE, 0x00CE, 0x00CE, 0x00CE, 0x00CE, 0x00CE,
0x00CE, 0x00CD, 0x00CD, 0x00CD, 0x00CD, 0x00CD, 0x00CD, 0x00CD, 0x00CC, 0x00CC, 0x00CC, 0x00CC, 0x00CC, 0x00CC, 0x00CC, 0x00CB,
0x00CB, 0x00CB, 0x00CB, 0x00CB, 0x00CB, 0x00CB, 0x00CB, 0x00CA, 0x00CA, 0x00CA, 0x00CA, 0x00CA, 0x00CA, 0x00CA, 0x00C9, 0x00C9,
0x00C9, 0x00C9, 0x00C9, 0x00C9, 0x00C9, 0x00C8, 0x00C8, 0x00C8, 0x00C8, 0x00C8, 0x00C8, 0x00C8, 0x00C8, 0x00C7, 0x00C7, 0x00C7,
0x00C7, 0x00C7, 0x00C7, 0x00C7, 0x00C6, 0x00C6, 0x00C6, 0x00C6, 0x00C6, 0x00C6, 0x00C6, 0x00C6, 0x00C5, 0x00C5, 0x00C5, 0x00C5,
0x00C5, 0x00C5, 0x00C5, 0x00C4, 0x00C4, 0x00C4, 0x00C4, 0x00C4, 0x00C4, 0x00C4, 0x00C4, 0x00C3, 0x00C3, 0x00C3, 0x00C3, 0x00C3,
0x00C3, 0x00C3, 0x00C2, 0x00C2, 0x00C2, 0x00C2, 0x00C2, 0x00C2, 0x00C2, 0x00C2, 0x00C1, 0x00C1, 0x00C1, 0x00C1, 0x00C1, 0x00C1,
0x00C1, 0x00C0, 0x00C0, 0x00C0, 0x00C0, 0x00C0, 0x00C0, 0x00C0, 0x00C0, 0x00BF, 0x00BF, 0x00BF, 0x00BF, 0x00BF, 0x00BF, 0x00BF,
0x00BF, 0x00BE, 0x00BE, 0x00BE, 0x00BE, 0x00BE, 0x00BE, 0x00BE, 0x00BD, 0x00BD, 0x00BD, 0x00BD, 0x00BD, 0x00BD, 0x00BD, 0x00BD,
0x00BC, 0x00BC, 0x00BC, 0x00BC, 0x00BC, 0x00BC, 0x00BC, 0x00BC, 0x00BB, 0x00BB, 0x00BB, 0x00BB, 0x00BB, 0x00BB, 0x00BB, 0x00BB,
0x00BA, 0x00BA, 0x00BA, 0x00BA, 0x00BA, 0x00BA, 0x00BA, 0x00BA, 0x00B9, 0x00B9, 0x00B9, 0x00B9, 0x00B9, 0x00B9, 0x00B9, 0x00B9,
0x00B8, 0x00B8, 0x00B8, 0x00B8, 0x00B8, 0x00B8, 0x00B8, 0x00B8, 0x00B7, 0x00B7, 0x00B7, 0x00B7, 0x00B7, 0x00B7, 0x00B7, 0x00B7,
0x00B6, 0x00B6, 0x00B6, 0x00B6, 0x00B6, 0x00B6, 0x00B6, 0x00B6, 0x00B5, 0x00B5, 0x00B5, 0x00B5, 0x00B5, 0x00B5, 0x00B5, 0x00B5,
0x00B4, 0x00B4, 0x00B4, 0x00B4, 0x00B4, 0x00B4, 0x00B4, 0x00B4, 0x00B3, 0x00B3, 0x00B3, 0x00B3, 0x00B3, 0x00B3, 0x00B3, 0x00B3,
0x00B3, 0x00B2, 0x00B2, 0x00B2, 0x00B2, 0x00B2, 0x00B2, 0x00B2, 0x00B2, 0x00B1, 0x00B1, 0x00B1, 0x00B1, 0x00B1, 0x00B1, 0x00B1,
0x00B1, 0x00B0, 0x00B0, 0x00B0, 0x00B0, 0x00B0, 0x00B0, 0x00B0, 0x00B0, 0x00B0, 0x00AF, 0x00AF, 0x00AF, 0x00AF, 0x00AF, 0x00AF,
0x00AF, 0x00AF, 0x00AE, 0x00AE, 0x00AE, 0x00AE, 0x00AE, 0x00AE, 0x00AE, 0x00AE, 0x00AD, 0x00AD, 0x00AD, 0x00AD, 0x00AD, 0x00AD,
0x00AD, 0x00AD, 0x00AD, 0x00AC, 0x00AC, 0x00AC, 0x00AC, 0x00AC, 0x00AC, 0x00AC, 0x00AC, 0x00AC, 0x00AB, 0x00AB, 0x00AB, 0x00AB,
0x00AB, 0x00AB, 0x00AB, 0x00AB, 0x00AA, 0x00AA, 0x00AA, 0x00AA, 0x00AA, 0x00AA, 0x00AA, 0x00AA, 0x00AA, 0x00A9, 0x00A9, 0x00A9,
0x00A9, 0x00A9, 0x00A9, 0x00A9, 0x00A9, 0x00A9, 0x00A8, 0x00A8, 0x00A8, 0x00A8, 0x00A8, 0x00A8, 0x00A8, 0x00A8, 0x00A7, 0x00A7,
0x00A7, 0x00A7, 0x00A7, 0x00A7, 0x00A7, 0x00A7, 0x00A7, 0x00A6, 0x00A6, 0x00A6, 0x00A6, 0x00A6, 0x00A6, 0x00A6, 0x00A6, 0x00A6,
0x00A5, 0x00A5, 0x00A5, 0x00A5, 0x00A5, 0x00A5, 0x00A5, 0x00A5, 0x00A5, 0x00A4, 0x00A4, 0x00A4, 0x00A4, 0x00A4, 0x00A4, 0x00A4,
0x00A4, 0x00A4, 0x00A3, 0x00A3, 0x00A3, 0x00A3, 0x00A3, 0x00A3, 0x00A3, 0x00A3, 0x00A3, 0x00A2, 0x00A2, 0x00A2, 0x00A2, 0x00A2,
0x00A2, 0x00A2, 0x00A2, 0x00A2, 0x00A1, 0x00A1, 0x00A1, 0x00A1, 0x00A1, 0x00A1, 0x00A1, 0x00A1, 0x00A1, 0x00A0, 0x00A0, 0x00A0,
0x00A0, 0x00A0, 0x00A0, 0x00A0, 0x00A0, 0x00A0, 0x009F, 0x009F, 0x009F, 0x009F, 0x009F, 0x009F, 0x009F, 0x009F, 0x009F, 0x009F,
0x009E, 0x009E, 0x009E, 0x009E, 0x009E, 0x009E, 0x009E, 0x009E, 0x009E, 0x009D, 0x009D, 0x009D, 0x009D, 0x009D, 0x009D, 0x009D,
0x009D, 0x009D, 0x009C, 0x009C, 0x009C, 0x009C, 0x009C, 0x009C, 0x009C, 0x009C, 0x009C, 0x009C, 0x009B, 0x009B, 0x009B, 0x009B,
0x009B, 0x009B, 0x009B, 0x009B, 0x009B, 0x009A, 0x009A, 0x009A, 0x009A, 0x009A, 0x009A, 0x009A, 0x009A, 0x009A, 0x009A, 0x0099,
0x0099, 0x0099, 0x0099, 0x0099, 0x0099, 0x0099, 0x0099, 0x0099, 0x0099, 0x0098, 0x0098, 0x0098, 0x0098, 0x0098, 0x0098, 0x0098,
0x0098, 0x0098, 0x0097, 0x0097, 0x0097, 0x0097, 0x0097, 0x0097, 0x0097, 0x0097, 0x0097, 0x0097, 0x0096, 0x0096, 0x0096, 0x0096,
0x0096, 0x0096, 0x0096, 0x0096, 0x0096, 0x0096, 0x0095, 0x0095, 0x0095, 0x0095, 0x0095, 0x0095, 0x0095, 0x0095, 0x0095, 0x0095,
0x0094, 0x0094, 0x0094, 0x0094, 0x0094, 0x0094, 0x0094, 0x0094, 0x0094, 0x0094, 0x0093, 0x0093, 0x0093, 0x0093, 0x0093, 0x0093,
0x0093, 0x0093, 0x0093, 0x0093, 0x0092, 0x0092, 0x0092, 0x0092, 0x0092, 0x0092, 0x0092, 0x0092, 0x0092, 0x0092, 0x0091, 0x0091,
0x0091, 0x0091, 0x0091, 0x0091, 0x0091, 0x0091, 0x0091, 0x0091, 0x0090, 0x0090, 0x0090, 0x0090, 0x0090, 0x0090, 0x0090, 0x0090,
0x0090, 0x0090, 0x008F, 0x008F, 0x008F, 0x008F, 0x008F, 0x008F, 0x008F, 0x008F, 0x008F, 0x008F, 0x008E, 0x008E, 0x008E, 0x008E,
0x008E, 0x008E, 0x008E, 0x008E, 0x008E, 0x008E, 0x008E, 0x008D, 0x008D, 0x008D, 0x008D, 0x008D, 0x008D, 0x008D, 0x008D, 0x008D,
0x008D, 0x008C, 0x008C, 0x008C, 0x008C, 0x008C, 0x008C, 0x008C, 0x008C, 0x008C, 0x008C, 0x008C, 0x008B, 0x008B, 0x008B, 0x008B,
0x008B, 0x008B, 0x008B, 0x008B, 0x008B, 0x008B, 0x008A, 0x008A, 0x008A, 0x008A, 0x008A, 0x008A, 0x008A, 0x008A, 0x008A, 0x008A,
0x008A, 0x0089, 0x0089, 0x0089, 0x0089, 0x0089, 0x0089, 0x0089, 0x0089, 0x0089, 0x0089, 0x0089, 0x0088, 0x0088, 0x0088, 0x0088,
0x0088, 0x0088, 0x0088, 0x0088, 0x0088, 0x0088, 0x0088, 0x0087, 0x0087, 0x0087, 0x0087, 0x0087, 0x0087, 0x0087, 0x0087, 0x0087,
0x0087, 0x0087, 0x0086, 0x0086, 0x0086, 0x0086, 0x0086, 0x0086, 0x0086, 0x0086, 0x0086, 0x0086, 0x0086, 0x0085, 0x0085, 0x0085,
0x0085, 0x0085, 0x0085, 0x0085, 0x0085, 0x0085, 0x0085, 0x0085, 0x0084, 0x0084, 0x0084, 0x0084, 0x0084, 0x0084, 0x0084, 0x0084,
0x0084, 0x0084, 0x0084, 0x0083, 0x0083, 0x0083, 0x0083, 0x0083, 0x0083, 0x0083, 0x0083, 0x0083, 0x0083, 0x0083, 0x0082, 0x0082,
0x0082, 0x0082, 0x0082, 0x0082, 0x0082, 0x0082, 0x0082, 0x0082, 0x0082, 0x0081, 0x0081, 0x0081, 0x0081, 0x0081, 0x0081, 0x0081,
0x0081, 0x0081, 0x0081, 0x0081, 0x0081, 0x0080, 0x0080, 0x0080, 0x0080, 0x0080, 0x0080, 0x0080, 0x0080, 0x0080, 0x0080, 0x0080,
0x007F, 0x007F, 0x007F, 0x007F, 0x007F, 0x007F, 0x007F, 0x007F, 0x007F, 0x007F, 0x007F, 0x007E, 0x007E, 0x007E, 0x007E, 0x007E,
0x007E, 0x007E, 0x007E, 0x007E, 0x007E, 0x007E, 0x007E, 0x007D, 0x007D, 0x007D, 0x007D, 0x007D, 0x007D, 0x007D, 0x007D, 0x007D,
0x007D, 0x007D, 0x007D, 0x007C, 0x007C, 0x007C, 0x007C, 0x007C, 0x007C, 0x007C, 0x007C, 0x007C, 0x007C, 0x007C, 0x007C, 0x007B,
0x007B, 0x007B, 0x007B, 0x007B, 0x007B, 0x007B, 0x007B, 0x007B, 0x007B, 0x007B, 0x007B, 0x007A, 0x007A, 0x007A, 0x007A, 0x007A,
0x007A, 0x007A, 0x007A, 0x007A, 0x007A, 0x007A, 0x007A, 0x0079, 0x0079, 0x0079, 0x0079, 0x0079, 0x0079, 0x0079, 0x0079, 0x0079,
0x0079, 0x0079, 0x0079, 0x0078, 0x0078, 0x0078, 0x0078, 0x0078, 0x0078, 0x0078, 0x0078, 0x0078, 0x0078, 0x0078, 0x0078, 0x0077,
0x0077, 0x0077, 0x0077, 0x0077, 0x0077, 0x0077, 0x0077, 0x0077, 0x0077, 0x0077, 0x0077, 0x0077, 0x0076, 0x0076, 0x0076, 0x0076,
0x0076, 0x0076, 0x0076, 0x0076, 0x0076, 0x0076, 0x0076, 0x0076, 0x0075, 0x0075, 0x0075, 0x0075, 0x0075, 0x0075, 0x0075, 0x0075,
0x0075, 0x0075, 0x0075, 0x0075, 0x0075, 0x0074, 0x0074, 0x0074, 0x0074, 0x0074, 0x0074, 0x0074, 0x0074, 0x0074, 0x0074, 0x0074,
0x0074, 0x0073, 0x0073, 0x0073, 0x0073, 0x0073, 0x0073, 0x0073, 0x0073, 0x0073, 0x0073, 0x0073, 0x0073, 0x0073, 0x0072, 0x0072,
0x0072, 0x0072, 0x0072, 0x0072, 0x0072, 0x0072, 0x0072, 0x0072, 0x0072, 0x0072, 0x0072, 0x0071, 0x0071, 0x0071, 0x0071, 0x0071,
0x0071, 0x0071, 0x0071, 0x0071, 0x0071, 0x0071, 0x0071, 0x0071, 0x0070, 0x0070, 0x0070, 0x0070, 0x0070, 0x0070, 0x0070, 0x0070,
0x0070, 0x0070, 0x0070, 0x0070, 0x0070, 0x006F, 0x006F, 0x006F, 0x006F, 0x006F, 0x006F, 0x006F, 0x006F, 0x006F, 0x006F, 0x006F,
0x006F, 0x006F, 0x006E, 0x006E, 0x006E, 0x006E, 0x006E, 0x006E, 0x006E, 0x006E, 0x006E, 0x006E, 0x006E, 0x006E, 0x006E, 0x006E,
0x006D, 0x006D, 0x006D, 0x006D, 0x006D, 0x006D, 0x006D, 0x006D, 0x006D, 0x006D, 0x006D, 0x006D, 0x006D, 0x006C, 0x006C, 0x006C,
0x006C, 0x006C, 0x006C, 0x006C, 0x006C, 0x006C, 0x006C, 0x006C, 0x006C, 0x006C, 0x006C, 0x006B, 0x006B, 0x006B, 0x006B, 0x006B,
0x006B, 0x006B, 0x006B, 0x006B, 0x006B, 0x006B, 0x006B, 0x006B, 0x006B, 0x006A, 0x006A, 0x006A, 0x006A, 0x006A, 0x006A, 0x006A,
0x006A, 0x006A, 0x006A, 0x006A, 0x006A, 0x006A, 0x006A, 0x0069, 0x0069, 0x0069, 0x0069, 0x0069, 0x0069, 0x0069, 0x0069, 0x0069,
0x0069, 0x0069, 0x0069, 0x0069, 0x0069, 0x0068, 0x0068, 0x0068, 0x0068, 0x0068, 0x0068, 0x0068, 0x0068, 0x0068, 0x0068, 0x0068,
0x0068, 0x0068, 0x0068, 0x0067, 0x0067, 0x0067, 0x0067, 0x0067, 0x0067, 0x0067, 0x0067, 0x0067, 0x0067, 0x0067, 0x0067, 0x0067,
0x0067, 0x0066, 0x0066, 0x0066, 0x0066, 0x0066, 0x0066, 0x0066, 0x0066, 0x0066, 0x0066, 0x0066, 0x0066, 0x0066, 0x0066, 0x0065,
0x0065, 0x0065, 0x0065, 0x0065, 0x0065, 0x0065, 0x0065, 0x0065, 0x0065, 0x0065, 0x0065, 0x0065, 0x0065, 0x0065, 0x0064, 0x0064,
0x0064, 0x0064, 0x0064, 0x0064, 0x0064, 0x0064, 0x0064, 0x0064, 0x0064, 0x0064, 0x0064, 0x0064, 0x0064, 0x0063, 0x0063, 0x0063,
0x0063, 0x0063, 0x0063, 0x0063, 0x0063, 0x0063, 0x0063, 0x0063, 0x0063, 0x0063, 0x0063, 0x0063, 0x0062, 0x0062, 0x0062, 0x0062,
0x0062, 0x0062, 0x0062, 0x0062, 0x0062, 0x0062, 0x0062, 0x0062, 0x0062, 0x0062, 0x0062, 0x0061, 0x0061, 0x0061, 0x0061, 0x0061,
0x0061, 0x0061, 0x0061, 0x0061, 0x0061, 0x0061, 0x0061, 0x0061, 0x0061, 0x0061, 0x0060, 0x0060, 0x0060, 0x0060, 0x0060, 0x0060,
0x0060, 0x0060, 0x0060, 0x0060, 0x0060, 0x0060, 0x0060, 0x0060, 0x0060, 0x005F, 0x005F, 0x005F, 0x005F, 0x005F, 0x005F, 0x005F,
0x005F, 0x005F, 0x005F, 0x005F, 0x005F, 0x005F, 0x005F, 0x005F, 0x005E, 0x005E, 0x005E, 0x005E, 0x005E, 0x005E, 0x005E, 0x005E,
0x005E, 0x005E, 0x005E, 0x005E, 0x005E, 0x005E, 0x005E, 0x005E, 0x005D, 0x005D, 0x005D, 0x005D, 0x005D, 0x005D, 0x005D, 0x005D,
0x005D, 0x005D, 0x005D, 0x005D, 0x005D, 0x005D, 0x005D, 0x005D, 0x005C, 0x005C, 0x005C, 0x005C, 0x005C, 0x005C, 0x005C, 0x005C,
0x005C, 0x005C, 0x005C, 0x005C, 0x005C, 0x005C, 0x005C, 0x005C, 0x005B, 0x005B, 0x005B, 0x005B, 0x005B, 0x005B, 0x005B, 0x005B,
0x005B, 0x005B, 0x005B, 0x005B, 0x005B, 0x005B, 0x005B, 0x005B, 0x005A, 0x005A, 0x005A, 0x005A, 0x005A, 0x005A, 0x005A, 0x005A,
0x005A, 0x005A, 0x005A, 0x005A, 0x005A, 0x005A, 0x005A, 0x005A, 0x0059, 0x0059, 0x0059, 0x0059, 0x0059, 0x0059, 0x0059, 0x0059,
0x0059, 0x0059, 0x0059, 0x0059, 0x0059, 0x0059, 0x0059, 0x0059, 0x0059, 0x0058, 0x0058, 0x0058, 0x0058, 0x0058, 0x0058, 0x0058,
0x0058, 0x0058, 0x0058, 0x0058, 0x0058, 0x0058, 0x0058, 0x0058, 0x0058, 0x0058, 0x0057, 0x0057, 0x0057, 0x0057, 0x0057, 0x0057,
0x0057, 0x0057, 0x0057, 0x0057, 0x0057, 0x0057, 0x0057, 0x0057, 0x0057, 0x0057, 0x0056, 0x0056, 0x0056, 0x0056, 0x0056, 0x0056,
0x0056, 0x0056, 0x0056, 0x0056, 0x0056, 0x0056, 0x0056, 0x0056, 0x0056, 0x0056, 0x0056, 0x0056, 0x0055, 0x0055, 0x0055, 0x0055,
0x0055, 0x0055, 0x0055, 0x0055, 0x0055, 0x0055, 0x0055, 0x0055, 0x0055, 0x0055, 0x0055, 0x0055, 0x0055, 0x0054, 0x0054, 0x0054,
0x0054, 0x0054, 0x0054, 0x0054, 0x0054, 0x0054, 0x0054, 0x0054, 0x0054, 0x0054, 0x0054, 0x0054, 0x0054, 0x0054, 0x0053, 0x0053,
0x0053, 0x0053, 0x0053, 0x0053, 0x0053, 0x0053, 0x0053, 0x0053, 0x0053, 0x0053, 0x0053, 0x0053, 0x0053, 0x0053, 0x0053, 0x0053,
0x0052, 0x0052, 0x0052, 0x0052, 0x0052, 0x0052, 0x0052, 0x0052, 0x0052, 0x0052, 0x0052, 0x0052, 0x0052, 0x0052, 0x0052, 0x0052,
0x0052, 0x0052, 0x0051, 0x0051, 0x0051, 0x0051, 0x0051, 0x0051, 0x0051, 0x0051, 0x0051, 0x0051, 0x0051, 0x0051, 0x0051, 0x0051,
0x0051, 0x0051, 0x0051, 0x0051, 0x0050, 0x0050, 0x0050, 0x0050, 0x0050, 0x0050, 0x0050, 0x0050, 0x0050, 0x0050, 0x0050, 0x0050,
0x0050, 0x0050, 0x0050, 0x0050, 0x0050, 0x0050, 0x004F, 0x004F, 0x004F, 0x004F, 0x004F, 0x004F, 0x004F, 0x004F, 0x004F, 0x004F,
0x004F, 0x004F, 0x004F, 0x004F, 0x004F, 0x004F, 0x004F, 0x004F, 0x004F, 0x004E, 0x004E, 0x004E, 0x004E, 0x004E, 0x004E, 0x004E,
0x004E, 0x004E, 0x004E, 0x004E, 0x004E, 0x004E, 0x004E, 0x004E, 0x004E, 0x004E, 0x004E, 0x004E, 0x004D, 0x004D, 0x004D, 0x004D,
0x004D, 0x004D, 0x004D, 0x004D, 0x004D, 0x004D, 0x004D, 0x004D, 0x004D, 0x004D, 0x004D, 0x004D, 0x004D, 0x004D, 0x004D, 0x004C,
0x004C, 0x004C, 0x004C, 0x004C, 0x004C, 0x004C, 0x004C, 0x004C, 0x004C, 0x004C, 0x004C, 0x004C, 0x004C, 0x004C, 0x004C, 0x004C,
0x004C, 0x004C, 0x004B, 0x004B, 0x004B, 0x004B, 0x004B, 0x004B, 0x004B, 0x004B, 0x004B, 0x004B, 0x004B, 0x004B, 0x004B, 0x004B,
0x004B, 0x004B, 0x004B, 0x004B, 0x004B, 0x004B, 0x004A, 0x004A, 0x004A, 0x004A, 0x004A, 0x004A, 0x004A, 0x004A, 0x004A, 0x004A,
0x004A, 0x004A, 0x004A, 0x004A, 0x004A, 0x004A, 0x004A, 0x004A, 0x004A, 0x004A, 0x0049, 0x0049, 0x0049, 0x0049, 0x0049, 0x0049,
0x0049, 0x0049, 0x0049, 0x0049, 0x0049, 0x0049, 0x0049, 0x0049, 0x0049, 0x0049, 0x0049, 0x0049, 0x0049, 0x0049, 0x0048, 0x0048,
0x0048, 0x0048, 0x0048, 0x0048, 0x0048, 0x0048, 0x0048, 0x0048, 0x0048, 0x0048, 0x0048, 0x0048, 0x0048, 0x0048, 0x0048, 0x0048,
0x0048, 0x0048, 0x0047, 0x0047, 0x0047, 0x0047, 0x0047, 0x0047, 0x0047, 0x0047, 0x0047, 0x0047, 0x0047, 0x0047, 0x0047, 0x0047,
0x0047, 0x0047, 0x0047, 0x0047, 0x0047, 0x0047, 0x0047, 0x0046, 0x0046, 0x0046, 0x0046, 0x0046, 0x0046, 0x0046, 0x0046, 0x0046,
0x0046, 0x0046, 0x0046, 0x0046, 0x0046, 0x0046, 0x0046, 0x0046, 0x0046, 0x0046, 0x0046, 0x0046, 0x0045, 0x0045, 0x0045, 0x0045,
0x0045, 0x0045, 0x0045, 0x0045, 0x0045, 0x0045, 0x0045, 0x0045, 0x0045, 0x0045, 0x0045, 0x0045, 0x0045, 0x0045, 0x0045, 0x0045,
0x0045, 0x0044, 0x0044, 0x0044, 0x0044, 0x0044, 0x0044, 0x0044, 0x0044, 0x0044, 0x0044, 0x0044, 0x0044, 0x0044, 0x0044, 0x0044,
0x0044, 0x0044, 0x0044, 0x0044, 0x0044, 0x0044, 0x0044, 0x0043, 0x0043, 0x0043, 0x0043, 0x0043, 0x0043, 0x0043, 0x0043, 0x0043,
0x0043, 0x0043, 0x0043, 0x0043, 0x0043, 0x0043, 0x0043, 0x0043, 0x0043, 0x0043, 0x0043, 0x0043, 0x0043, 0x0042, 0x0042, 0x0042,
0x0042, 0x0042, 0x0042, 0x0042, 0x0042, 0x0042, 0x0042, 0x0042, 0x0042, 0x0042, 0x0042, 0x0042, 0x0042, 0x0042, 0x0042, 0x0042,
0x0042, 0x0042, 0x0042, 0x0041, 0x0041, 0x0041, 0x0041, 0x0041, 0x0041, 0x0041, 0x0041, 0x0041, 0x0041, 0x0041, 0x0041, 0x0041,
0x0041, 0x0041, 0x0041, 0x0041, 0x0041, 0x0041, 0x0041, 0x0041, 0x0041, 0x0040, 0x0040, 0x0040, 0x0040, 0x0040, 0x0040, 0x0040,
0x0040, 0x0040, 0x0040, 0x0040, 0x0040, 0x0040, 0x0040, 0x0040, 0x0040, 0x0040, 0x0040, 0x0040, 0x0040, 0x0040, 0x0040, 0x0040,
0x003F, 0x003F, 0x003F, 0x003F, 0x003F, 0x003F, 0x003F, 0x003F, 0x003F, 0x003F, 0x003F, 0x003F, 0x003F, 0x003F, 0x003F, 0x003F,
0x003F, 0x003F, 0x003F, 0x003F, 0x003F, 0x003F, 0x003F, 0x003E, 0x003E, 0x003E, 0x003E, 0x003E, 0x003E, 0x003E, 0x003E, 0x003E,
0x003E, 0x003E, 0x003E, 0x003E, 0x003E, 0x003E, 0x003E, 0x003E, 0x003E, 0x003E, 0x003E, 0x003E, 0x003E, 0x003E, 0x003E, 0x003D,
0x003D, 0x003D, 0x003D, 0x003D, 0x003D, 0x003D, 0x003D, 0x003D, 0x003D, 0x003D, 0x003D, 0x003D, 0x003D, 0x003D, 0x003D, 0x003D,
0x003D, 0x003D, 0x003D, 0x003D, 0x003D, 0x003D, 0x003D, 0x003C, 0x003C, 0x003C, 0x003C, 0x003C, 0x003C, 0x003C, 0x003C, 0x003C,
0x003C, 0x003C, 0x003C, 0x003C, 0x003C, 0x003C, 0x003C, 0x003C, 0x003C, 0x003C, 0x003C, 0x003C, 0x003C, 0x003C, 0x003C, 0x003B,
0x003B, 0x003B, 0x003B, 0x003B, 0x003B, 0x003B, 0x003B, 0x003B, 0x003B, 0x003B, 0x003B, 0x003B, 0x003B, 0x003B, 0x003B, 0x003B,
0x003B, 0x003B, 0x003B, 0x003B, 0x003B, 0x003B, 0x003B, 0x003B, 0x003A, 0x003A, 0x003A, 0x003A, 0x003A, 0x003A, 0x003A, 0x003A,
0x003A, 0x003A, 0x003A, 0x003A, 0x003A, 0x003A, 0x003A, 0x003A, 0x003A, 0x003A, 0x003A, 0x003A, 0x003A, 0x003A, 0x003A, 0x003A,
0x003A, 0x0039, 0x0039, 0x0039, 0x0039, 0x0039, 0x0039, 0x0039, 0x0039, 0x0039, 0x0039, 0x0039, 0x0039, 0x0039, 0x0039, 0x0039,
0x0039, 0x0039, 0x0039, 0x0039, 0x0039, 0x0039, 0x0039, 0x0039, 0x0039, 0x0039, 0x0039, 0x0038, 0x0038, 0x0038, 0x0038, 0x0038,
0x0038, 0x0038, 0x0038, 0x0038, 0x0038, 0x0038, 0x0038, 0x0038, 0x0038, 0x0038, 0x0038, 0x0038, 0x0038, 0x0038, 0x0038, 0x0038,
0x0038, 0x0038, 0x0038, 0x0038, 0x0038, 0x0037, 0x0037, 0x0037, 0x0037, 0x0037, 0x0037, 0x0037, 0x0037, 0x0037, 0x0037, 0x0037,
0x0037, 0x0037, 0x0037, 0x0037, 0x0037, 0x0037, 0x0037, 0x0037, 0x0037, 0x0037, 0x0037, 0x0037, 0x0037, 0x0037, 0x0037, 0x0037,
0x0036, 0x0036, 0x0036, 0x0036, 0x0036, 0x0036, 0x0036, 0x0036, 0x0036, 0x0036, 0x0036, 0x0036, 0x0036, 0x0036, 0x0036, 0x0036,
0x0036, 0x0036, 0x0036, 0x0036, 0x0036, 0x0036, 0x0036, 0x0036, 0x0036, 0x0036, 0x0036, 0x0035, 0x0035, 0x0035, 0x0035, 0x0035,
0x0035, 0x0035, 0x0035, 0x0035, 0x0035, 0x0035, 0x0035, 0x0035, 0x0035, 0x0035, 0x0035, 0x0035, 0x0035, 0x0035, 0x0035, 0x0035,
0x0035, 0x0035, 0x0035, 0x0035, 0x0035, 0x0035, 0x0035, 0x0034, 0x0034, 0x0034, 0x0034, 0x0034, 0x0034, 0x0034, 0x0034, 0x0034,
0x0034, 0x0034, 0x0034, 0x0034, 0x0034, 0x0034, 0x0034, 0x0034, 0x0034, 0x0034, 0x0034, 0x0034, 0x0034, 0x0034, 0x0034, 0x0034,
0x0034, 0x0034, 0x0034, 0x0033, 0x0033, 0x0033, 0x0033, 0x0033, 0x0033, 0x0033, 0x0033, 0x0033, 0x0033, 0x0033, 0x0033, 0x0033,
0x0033, 0x0033, 0x0033, 0x0033, 0x0033, 0x0033, 0x0033, 0x0033, 0x0033, 0x0033, 0x0033, 0x0033, 0x0033, 0x0033, 0x0033, 0x0032,
0x0032, 0x0032, 0x0032, 0x0032, 0x0032, 0x0032, 0x0032, 0x0032, 0x0032, 0x0032, 0x0032, 0x0032, 0x0032, 0x0032, 0x0032, 0x0032,
0x0032, 0x0032, 0x0032, 0x0032, 0x0032, 0x0032, 0x0032, 0x0032, 0x0032, 0x0032, 0x0032, 0x0032, 0x0032, 0x0031, 0x0031, 0x0031,
0x0031, 0x0031, 0x0031, 0x0031, 0x0031, 0x0031, 0x0031, 0x0031, 0x0031, 0x0031, 0x0031, 0x0031, 0x0031, 0x0031, 0x0031, 0x0031,
0x0031, 0x0031, 0x0031, 0x0031, 0x0031, 0x0031, 0x0031, 0x0031, 0x0031, 0x0031, 0x0031, 0x0030, 0x0030, 0x0030, 0x0030, 0x0030,
0x0030, 0x0030, 0x0030, 0x0030, 0x0030, 0x0030, 0x0030, 0x0030, 0x0030, 0x0030, 0x0030, 0x0030, 0x0030, 0x0030, 0x0030, 0x0030,
0x0030, 0x0030, 0x0030, 0x0030, 0x0030, 0x0030, 0x0030, 0x0030, 0x0030, 0x002F, 0x002F, 0x002F, 0x002F, 0x002F, 0x002F, 0x002F,
0x002F, 0x002F, 0x002F, 0x002F, 0x002F, 0x002F, 0x002F, 0x002F, 0x002F, 0x002F, 0x002F, 0x002F, 0x002F, 0x002F, 0x002F, 0x002F,
0x002F, 0x002F, 0x002F, 0x002F, 0x002F, 0x002F, 0x002F, 0x002F, 0x002E, 0x002E, 0x002E, 0x002E, 0x002E, 0x002E, 0x002E, 0x002E,
0x002E, 0x002E, 0x002E, 0x002E, 0x002E, 0x002E, 0x002E, 0x002E, 0x002E, 0x002E, 0x002E, 0x002E, 0x002E, 0x002E, 0x002E, 0x002E,
0x002E, 0x002E, 0x002E, 0x002E, 0x002E, 0x002E, 0x002E, 0x002E, 0x002D, 0x002D, 0x002D, 0x002D, 0x002D, 0x002D, 0x002D, 0x002D,
0x002D, 0x002D, 0x002D, 0x002D, 0x002D, 0x002D, 0x002D, 0x002D, 0x002D, 0x002D, 0x002D, 0x002D, 0x002D, 0x002D, 0x002D, 0x002D,
0x002D, 0x002D, 0x002D, 0x002D, 0x002D, 0x002D, 0x002D, 0x002D, 0x002C, 0x002C, 0x002C, 0x002C, 0x002C, 0x002C, 0x002C, 0x002C,
0x002C, 0x002C, 0x002C, 0x002C, 0x002C, 0x002C, 0x002C, 0x002C, 0x002C, 0x002C, 0x002C, 0x002C, 0x002C, 0x002C, 0x002C, 0x002C,
0x002C, 0x002C, 0x002C, 0x002C, 0x002C, 0x002C, 0x002C, 0x002C, 0x002C, 0x002C, 0x002B, 0x002B, 0x002B, 0x002B, 0x002B, 0x002B,
0x002B, 0x002B, 0x002B, 0x002B, 0x002B, 0x002B, 0x002B, 0x002B, 0x002B, 0x002B, 0x002B, 0x002B, 0x002B, 0x002B, 0x002B, 0x002B,
0x002B, 0x002B, 0x002B, 0x002B, 0x002B, 0x002B, 0x002B, 0x002B, 0x002B, 0x002B, 0x002B, 0x002B, 0x002A, 0x002A, 0x002A, 0x002A,
0x002A, 0x002A, 0x002A, 0x002A, 0x002A, 0x002A, 0x002A, 0x002A, 0x002A, 0x002A, 0x002A, 0x002A, 0x002A, 0x002A, 0x002A, 0x002A,
0x002A, 0x002A, 0x002A, 0x002A, 0x002A, 0x002A, 0x002A, 0x002A, 0x002A, 0x002A, 0x002A, 0x002A, 0x002A, 0x002A, 0x0029, 0x0029,
0x0029, 0x0029, 0x0029, 0x0029, 0x0029, 0x0029, 0x0029, 0x0029, 0x0029, 0x0029, 0x0029, 0x0029, 0x0029, 0x0029, 0x0029, 0x0029,
0x0029, 0x0029, 0x0029, 0x0029, 0x0029, 0x0029, 0x0029, 0x0029, 0x0029, 0x0029, 0x0029, 0x0029, 0x0029, 0x0029, 0x0029, 0x0029,
0x0029, 0x0029, 0x0028, 0x0028, 0x0028, 0x0028, 0x0028, 0x0028, 0x0028, 0x0028, 0x0028, 0x0028, 0x0028, 0x0028, 0x0028, 0x0028,
0x0028, 0x0028, 0x0028, 0x0028, 0x0028, 0x0028, 0x0028, 0x0028, 0x0028, 0x0028, 0x0028, 0x0028, 0x0028, 0x0028, 0x0028, 0x0028,
0x0028, 0x0028, 0x0028, 0x0028, 0x0028, 0x0028, 0x0027, 0x0027, 0x0027, 0x0027, 0x0027, 0x0027, 0x0027, 0x0027, 0x0027, 0x0027,
0x0027, 0x0027, 0x0027, 0x0027, 0x0027, 0x0027, 0x0027, 0x0027, 0x0027, 0x0027, 0x0027, 0x0027, 0x0027, 0x0027, 0x0027, 0x0027,
0x0027, 0x0027, 0x0027, 0x0027, 0x0027, 0x0027, 0x0027, 0x0027, 0x0027, 0x0027, 0x0027, 0x0027, 0x0026, 0x0026, 0x0026, 0x0026,
0x0026, 0x0026, 0x0026, 0x0026, 0x0026, 0x0026, 0x0026, 0x0026, 0x0026, 0x0026, 0x0026, 0x0026, 0x0026, 0x0026, 0x0026, 0x0026,
0x0026, 0x0026, 0x0026, 0x0026, 0x0026, 0x0026, 0x0026, 0x0026, 0x0026, 0x0026, 0x0026, 0x0026, 0x0026, 0x0026, 0x0026, 0x0026,
0x0026, 0x0026, 0x0025, 0x0025, 0x0025, 0x0025, 0x0025, 0x0025, 0x0025, 0x0025, 0x0025, 0x0025, 0x0025, 0x0025, 0x0025, 0x0025,
0x0025, 0x0025, 0x0025, 0x0025, 0x0025, 0x0025, 0x0025, 0x0025, 0x0025, 0x0025, 0x0025, 0x0025, 0x0025, 0x0025, 0x0025, 0x0025,
0x0025, 0x0025, 0x0025, 0x0025, 0x0025, 0x0025, 0x0025, 0x0025, 0x0025, 0x0025, 0x0024, 0x0024, 0x0024, 0x0024, 0x0024, 0x0024,
0x0024, 0x0024, 0x0024, 0x0024, 0x0024, 0x0024, 0x0024, 0x0024, 0x0024, 0x0024, 0x0024, 0x0024, 0x0024, 0x0024, 0x0024, 0x0024,
0x0024, 0x0024, 0x0024, 0x0024, 0x0024, 0x0024, 0x0024, 0x0024, 0x0024, 0x0024, 0x0024, 0x0024, 0x0024, 0x0024, 0x0024, 0x0024,
0x0024, 0x0024, 0x0023, 0x0023, 0x0023, 0x0023, 0x0023, 0x0023, 0x0023, 0x0023, 0x0023, 0x0023, 0x0023, 0x0023, 0x0023, 0x0023,
0x0023, 0x0023, 0x0023, 0x0023, 0x0023, 0x0023, 0x0023, 0x0023, 0x0023, 0x0023, 0x0023, 0x0023, 0x0023, 0x0023, 0x0023, 0x0023,
0x0023, 0x0023, 0x0023, 0x0023, 0x0023, 0x0023, 0x0023, 0x0023, 0x0023, 0x0023, 0x0023, 0x0023, 0x0022, 0x0022, 0x0022, 0x0022,
0x0022, 0x0022, 0x0022, 0x0022, 0x0022, 0x0022, 0x0022, 0x0022, 0x0022, 0x0022, 0x0022, 0x0022, 0x0022, 0x0022, 0x0022, 0x0022,
0x0022, 0x0022, 0x0022, 0x0022, 0x0022, 0x0022, 0x0022, 0x0022, 0x0022, 0x0022, 0x0022, 0x0022, 0x0022, 0x0022, 0x0022, 0x0022,
0x0022, 0x0022, 0x0022, 0x0022, 0x0022, 0x0022, 0x0022, 0x0021, 0x0021, 0x0021, 0x0021, 0x0021, 0x0021, 0x0021, 0x0021, 0x0021,
0x0021, 0x0021, 0x0021, 0x0021, 0x0021, 0x0021, 0x0021, 0x0021, 0x0021, 0x0021, 0x0021, 0x0021, 0x0021, 0x0021, 0x0021, 0x0021,
0x0021, 0x0021, 0x0021, 0x0021, 0x0021, 0x0021, 0x0021, 0x0021, 0x0021, 0x0021, 0x0021, 0x0021, 0x0021, 0x0021, 0x0021, 0x0021,
0x0021, 0x0021, 0x0021, 0x0020, 0x0020, 0x0020, 0x0020, 0x0020, 0x0020, 0x0020, 0x0020, 0x0020, 0x0020, 0x0020, 0x0020, 0x0020,
0x0020, 0x0020, 0x0020, 0x0020, 0x0020, 0x0020, 0x0020, 0x0020, 0x0020, 0x0020, 0x0020, 0x0020, 0x0020, 0x0020, 0x0020, 0x0020,
0x0020, 0x0020, 0x0020, 0x0020, 0x0020, 0x0020, 0x0020, 0x0020, 0x0020, 0x0020, 0x0020, 0x0020, 0x0020, 0x0020, 0x0020, 0x0020,
0x001F, 0x001F, 0x001F, 0x001F, 0x001F, 0x001F, 0x001F, 0x001F, 0x001F, 0x001F, 0x001F, 0x001F, 0x001F, 0x001F, 0x001F, 0x001F,
0x001F, 0x001F, 0x001F, 0x001F, 0x001F, 0x001F, 0x001F, 0x001F, 0x001F, 0x001F, 0x001F, 0x001F, 0x001F, 0x001F, 0x001F, 0x001F,
0x001F, 0x001F, 0x001F, 0x001F, 0x001F, 0x001F, 0x001F, 0x001F, 0x001F, 0x001F, 0x001F, 0x001F, 0x001F, 0x001F, 0x001F, 0x001E,
0x001E, 0x001E, 0x001E, 0x001E, 0x001E, 0x001E, 0x001E, 0x001E, 0x001E, 0x001E, 0x001E, 0x001E, 0x001E, 0x001E, 0x001E, 0x001E,
0x001E, 0x001E, 0x001E, 0x001E, 0x001E, 0x001E, 0x001E, 0x001E, 0x001E, 0x001E, 0x001E, 0x001E, 0x001E, 0x001E, 0x001E, 0x001E,
0x001E, 0x001E, 0x001E, 0x001E, 0x001E, 0x001E, 0x001E, 0x001E, 0x001E, 0x001E, 0x001E, 0x001E, 0x001E, 0x001E, 0x001E, 0x001D,
0x001D, 0x001D, 0x001D, 0x001D, 0x001D, 0x001D, 0x001D, 0x001D, 0x001D, 0x001D, 0x001D, 0x001D, 0x001D, 0x001D, 0x001D, 0x001D,
0x001D, 0x001D, 0x001D, 0x001D, 0x001D, 0x001D, 0x001D, 0x001D, 0x001D, 0x001D, 0x001D, 0x001D, 0x001D, 0x001D, 0x001D, 0x001D,
0x001D, 0x001D, 0x001D, 0x001D, 0x001D, 0x001D, 0x001D, 0x001D, 0x001D, 0x001D, 0x001D, 0x001D, 0x001D, 0x001D, 0x001D, 0x001D,
0x001D, 0x001C, 0x001C, 0x001C, 0x001C, 0x001C, 0x001C, 0x001C, 0x001C, 0x001C, 0x001C, 0x001C, 0x001C, 0x001C, 0x001C, 0x001C,
0x001C, 0x001C, 0x001C, 0x001C, 0x001C, 0x001C, 0x001C, 0x001C, 0x001C, 0x001C, 0x001C, 0x001C, 0x001C, 0x001C, 0x001C, 0x001C,
0x001C, 0x001C, 0x001C, 0x001C, 0x001C, 0x001C, 0x001C, 0x001C, 0x001C, 0x001C, 0x001C, 0x001C, 0x001C, 0x001C, 0x001C, 0x001C,
0x001C, 0x001C, 0x001C, 0x001C, 0x001C, 0x001B, 0x001B, 0x001B, 0x001B, 0x001B, 0x001B, 0x001B, 0x001B, 0x001B, 0x001B, 0x001B,
0x001B, 0x001B, 0x001B, 0x001B, 0x001B, 0x001B, 0x001B, 0x001B, 0x001B, 0x001B, 0x001B, 0x001B, 0x001B, 0x001B, 0x001B, 0x001B,
0x001B, 0x001B, 0x001B, 0x001B, 0x001B, 0x001B, 0x001B, 0x001B, 0x001B, 0x001B, 0x001B, 0x001B, 0x001B, 0x001B, 0x001B, 0x001B,
0x001B, 0x001B, 0x001B, 0x001B, 0x001B, 0x001B, 0x001B, 0x001B, 0x001B, 0x001B, 0x001B, 0x001A, 0x001A, 0x001A, 0x001A, 0x001A,
0x001A, 0x001A, 0x001A, 0x001A, 0x001A, 0x001A, 0x001A, 0x001A, 0x001A, 0x001A, 0x001A, 0x001A, 0x001A, 0x001A, 0x001A, 0x001A,
0x001A, 0x001A, 0x001A, 0x001A, 0x001A, 0x001A, 0x001A, 0x001A, 0x001A, 0x001A, 0x001A, 0x001A, 0x001A, 0x001A, 0x001A, 0x001A,
0x001A, 0x001A, 0x001A, 0x001A, 0x001A, 0x001A, 0x001A, 0x001A, 0x001A, 0x001A, 0x001A, 0x001A, 0x001A, 0x001A, 0x001A, 0x001A,
0x001A, 0x001A, 0x001A, 0x0019, 0x0019, 0x0019, 0x0019, 0x0019, 0x0019, 0x0019, 0x0019, 0x0019, 0x0019, 0x0019, 0x0019, 0x0019,
0x0019, 0x0019, 0x0019, 0x0019, 0x0019, 0x0019, 0x0019, 0x0019, 0x0019, 0x0019, 0x0019, 0x0019, 0x0019, 0x0019, 0x0019, 0x0019,
0x0019, 0x0019, 0x0019, 0x0019, 0x0019, 0x0019, 0x0019, 0x0019, 0x0019, 0x0019, 0x0019, 0x0019, 0x0019, 0x0019, 0x0019, 0x0019,
0x0019, 0x0019, 0x0019, 0x0019, 0x0019, 0x0019, 0x0019, 0x0019, 0x0019, 0x0019, 0x0019, 0x0019, 0x0019, 0x0018, 0x0018, 0x0018,
0x0018, 0x0018, 0x0018, 0x0018, 0x0018, 0x0018, 0x0018, 0x0018, 0x0018, 0x0018, 0x0018, 0x0018, 0x0018, 0x0018, 0x0018, 0x0018,
0x0018, 0x0018, 0x0018, 0x0018, 0x0018, 0x0018, 0x0018, 0x0018, 0x0018, 0x0018, 0x0018, 0x0018, 0x0018, 0x0018, 0x0018, 0x0018,
0x0018, 0x0018, 0x0018, 0x0018, 0x0018, 0x0018, 0x0018, 0x0018, 0x0018, 0x0018, 0x0018, 0x0018, 0x0018, 0x0018, 0x0018, 0x0018,
0x0018, 0x0018, 0x0018, 0x0018, 0x0018, 0x0018, 0x0018, 0x0018, 0x0018, 0x0017, 0x0017, 0x0017, 0x0017, 0x0017, 0x0017, 0x0017,
0x0017, 0x0017, 0x0017, 0x0017, 0x0017, 0x0017, 0x0017, 0x0017, 0x0017, 0x0017, 0x0017, 0x0017, 0x0017, 0x0017, 0x0017, 0x0017,
0x0017, 0x0017, 0x0017, 0x0017, 0x0017, 0x0017, 0x0017, 0x0017, 0x0017, 0x0017, 0x0017, 0x0017, 0x0017, 0x0017, 0x0017, 0x0017,
0x0017, 0x0017, 0x0017, 0x0017, 0x0017, 0x0017, 0x0017, 0x0017, 0x0017, 0x0017, 0x0017, 0x0017, 0x0017, 0x0017, 0x0017, 0x0017,
0x0017, 0x0017, 0x0017, 0x0017, 0x0017, 0x0017, 0x0017, 0x0017, 0x0016, 0x0016, 0x0016, 0x0016, 0x0016, 0x0016, 0x0016, 0x0016,
0x0016, 0x0016, 0x0016, 0x0016, 0x0016, 0x0016, 0x0016, 0x0016, 0x0016, 0x0016, 0x0016, 0x0016, 0x0016, 0x0016, 0x0016, 0x0016,
0x0016, 0x0016, 0x0016, 0x0016, 0x0016, 0x0016, 0x0016, 0x0016, 0x0016, 0x0016, 0x0016, 0x0016, 0x0016, 0x0016, 0x0016, 0x0016,
0x0016, 0x0016, 0x0016, 0x0016, 0x0016, 0x0016, 0x0016, 0x0016, 0x0016, 0x0016, 0x0016, 0x0016, 0x0016, 0x0016, 0x0016, 0x0016,
0x0016, 0x0016, 0x0016, 0x0016, 0x0016, 0x0016, 0x0016, 0x0016, 0x0016, 0x0016, 0x0015, 0x0015, 0x0015, 0x0015, 0x0015, 0x0015,
0x0015, 0x0015, 0x0015, 0x0015, 0x0015, 0x0015, 0x0015, 0x0015, 0x0015, 0x0015, 0x0015, 0x0015, 0x0015, 0x0015, 0x0015, 0x0015,
0x0015, 0x0015, 0x0015, 0x0015, 0x0015, 0x0015, 0x0015, 0x0015, 0x0015, 0x0015, 0x0015, 0x0015, 0x0015, 0x0015, 0x0015, 0x0015,
0x0015, 0x0015, 0x0015, 0x0015, 0x0015, 0x0015, 0x0015, 0x0015, 0x0015, 0x0015, 0x0015, 0x0015, 0x0015, 0x0015, 0x0015, 0x0015,
0x0015, 0x0015, 0x0015, 0x0015, 0x0015, 0x0015, 0x0015, 0x0015, 0x0015, 0x0015, 0x0015, 0x0015, 0x0015, 0x0015, 0x0014, 0x0014,
0x0014, 0x0014, 0x0014, 0x0014, 0x0014, 0x0014, 0x0014, 0x0014, 0x0014, 0x0014, 0x0014, 0x0014, 0x0014, 0x0014, 0x0014, 0x0014,
0x0014, 0x0014, 0x0014, 0x0014, 0x0014, 0x0014, 0x0014, 0x0014, 0x0014, 0x0014, 0x0014, 0x0014, 0x0014, 0x0014, 0x0014, 0x0014,
0x0014, 0x0014, 0x0014, 0x0014, 0x0014, 0x0014, 0x0014, 0x0014, 0x0014, 0x0014, 0x0014, 0x0014, 0x0014, 0x0014, 0x0014, 0x0014,
0x0014, 0x0014, 0x0014, 0x0014, 0x0014, 0x0014, 0x0014, 0x0014, 0x0014, 0x0014, 0x0014, 0x0014, 0x0014, 0x0014, 0x0014, 0x0014,
0x0014, 0x0014, 0x0014, 0x0014, 0x0014, 0x0014, 0x0013, 0x0013, 0x0013, 0x0013, 0x0013, 0x0013, 0x0013, 0x0013, 0x0013, 0x0013,
0x0013, 0x0013, 0x0013, 0x0013, 0x0013, 0x0013, 0x0013, 0x0013, 0x0013, 0x0013, 0x0013, 0x0013, 0x0013, 0x0013, 0x0013, 0x0013,
0x0013, 0x0013, 0x0013, 0x0013, 0x0013, 0x0013, 0x0013, 0x0013, 0x0013, 0x0013, 0x0013, 0x0013, 0x0013, 0x0013, 0x0013, 0x0013,
0x0013, 0x0013, 0x0013, 0x0013, 0x0013, 0x0013, 0x0013, 0x0013, 0x0013, 0x0013, 0x0013, 0x0013, 0x0013, 0x0013, 0x0013, 0x0013,
0x0013, 0x0013, 0x0013, 0x0013, 0x0013, 0x0013, 0x0013, 0x0013, 0x0013, 0x0013, 0x0013, 0x0013, 0x0013, 0x0013, 0x0013, 0x0013,
0x0013, 0x0013, 0x0012, 0x0012, 0x0012, 0x0012, 0x0012, 0x0012, 0x0012, 0x0012, 0x0012, 0x0012, 0x0012, 0x0012, 0x0012, 0x0012,
0x0012, 0x0012, 0x0012, 0x0012, 0x0012, 0x0012, 0x0012, 0x0012, 0x0012, 0x0012, 0x0012, 0x0012, 0x0012, 0x0012, 0x0012, 0x0012,
0x0012, 0x0012, 0x0012, 0x0012, 0x0012, 0x0012, 0x0012, 0x0012, 0x0012, 0x0012, 0x0012, 0x0012, 0x0012, 0x0012, 0x0012, 0x0012,
0x0012, 0x0012, 0x0012, 0x0012, 0x0012, 0x0012, 0x0012, 0x0012, 0x0012, 0x0012, 0x0012, 0x0012, 0x0012, 0x0012, 0x0012, 0x0012,
0x0012, 0x0012, 0x0012, 0x0012, 0x0012, 0x0012, 0x0012, 0x0012, 0x0012, 0x0012, 0x0012, 0x0012, 0x0012, 0x0012, 0x0012, 0x0012,
0x0012, 0x0012, 0x0011, 0x0011, 0x0011, 0x0011, 0x0011, 0x0011, 0x0011, 0x0011, 0x0011, 0x0011, 0x0011, 0x0011, 0x0011, 0x0011,
0x0011, 0x0011, 0x0011, 0x0011, 0x0011, 0x0011, 0x0011, 0x0011, 0x0011, 0x0011, 0x0011, 0x0011, 0x0011, 0x0011, 0x0011, 0x0011,
0x0011, 0x0011, 0x0011, 0x0011, 0x0011, 0x0011, 0x0011, 0x0011, 0x0011, 0x0011, 0x0011, 0x0011, 0x0011, 0x0011, 0x0011, 0x0011,
0x0011, 0x0011, 0x0011, 0x0011, 0x0011, 0x0011, 0x0011, 0x0011, 0x0011, 0x0011, 0x0011, 0x0011, 0x0011, 0x0011, 0x0011, 0x0011,
0x0011, 0x0011, 0x0011, 0x0011, 0x0011, 0x0011, 0x0011, 0x0011, 0x0011, 0x0011, 0x0011, 0x0011, 0x0011, 0x0011, 0x0011, 0x0011,
0x0011, 0x0011, 0x0011, 0x0011, 0x0011, 0x0011, 0x0011, 0x0010, 0x0010, 0x0010, 0x0010, 0x0010, 0x0010, 0x0010, 0x0010, 0x0010,
0x0010, 0x0010, 0x0010, 0x0010, 0x0010, 0x0010, 0x0010, 0x0010, 0x0010, 0x0010, 0x0010, 0x0010, 0x0010, 0x0010, 0x0010, 0x0010,
0x0010, 0x0010, 0x0010, 0x0010, 0x0010, 0x0010, 0x0010, 0x0010, 0x0010, 0x0010, 0x0010, 0x0010, 0x0010, 0x0010, 0x0010, 0x0010,
0x0010, 0x0010, 0x0010, 0x0010, 0x0010, 0x0010, 0x0010, 0x0010, 0x0010, 0x0010, 0x0010, 0x0010, 0x0010, 0x0010, 0x0010, 0x0010,
0x0010, 0x0010, 0x0010, 0x0010, 0x0010, 0x0010, 0x0010, 0x0010, 0x0010, 0x0010, 0x0010, 0x0010, 0x0010, 0x0010, 0x0010, 0x0010,
0x0010, 0x0010, 0x0010, 0x0010, 0x0010, 0x0010, 0x0010, 0x0010, 0x0010, 0x0010, 0x0010, 0x0010, 0x0010, 0x0010, 0x0010, 0x0010,
0x000F, 0x000F, 0x000F, 0x000F, 0x000F, 0x000F, 0x000F, 0x000F, 0x000F, 0x000F, 0x000F, 0x000F, 0x000F, 0x000F, 0x000F, 0x000F,
0x000F, 0x000F, 0x000F, 0x000F, 0x000F, 0x000F, 0x000F, 0x000F, 0x000F, 0x000F, 0x000F, 0x000F, 0x000F, 0x000F, 0x000F, 0x000F,
0x000F, 0x000F, 0x000F, 0x000F, 0x000F, 0x000F, 0x000F, 0x000F, 0x000F, 0x000F, 0x000F, 0x000F, 0x000F, 0x000F, 0x000F, 0x000F,
0x000F, 0x000F, 0x000F, 0x000F, 0x000F, 0x000F, 0x000F, 0x000F, 0x000F, 0x000F, 0x000F, 0x000F, 0x000F, 0x000F, 0x000F, 0x000F,
0x000F, 0x000F, 0x000F, 0x000F, 0x000F, 0x000F, 0x000F, 0x000F, 0x000F, 0x000F, 0x000F, 0x000F, 0x000F, 0x000F, 0x000F, 0x000F,
0x000F, 0x000F, 0x000F, 0x000F, 0x000F, 0x000F, 0x000F, 0x000F, 0x000F, 0x000F, 0x000F, 0x000F, 0x000F, 0x000F, 0x000F, 0x000E,
0x000E, 0x000E, 0x000E, 0x000E, 0x000E, 0x000E, 0x000E, 0x000E, 0x000E, 0x000E, 0x000E, 0x000E, 0x000E, 0x000E, 0x000E, 0x000E,
0x000E, 0x000E, 0x000E, 0x000E, 0x000E, 0x000E, 0x000E, 0x000E, 0x000E, 0x000E, 0x000E, 0x000E, 0x000E, 0x000E, 0x000E, 0x000E,
0x000E, 0x000E, 0x000E, 0x000E, 0x000E, 0x000E, 0x000E, 0x000E, 0x000E, 0x000E, 0x000E, 0x000E, 0x000E, 0x000E, 0x000E, 0x000E,
0x000E, 0x000E, 0x000E, 0x000E, 0x000E, 0x000E, 0x000E, 0x000E, 0x000E, 0x000E, 0x000E, 0x000E, 0x000E, 0x000E, 0x000E, 0x000E,
0x000E, 0x000E, 0x000E, 0x000E, 0x000E, 0x000E, 0x000E, 0x000E, 0x000E, 0x000E, 0x000E, 0x000E, 0x000E, 0x000E, 0x000E, 0x000E,
0x000E, 0x000E, 0x000E, 0x000E, 0x000E, 0x000E, 0x000E, 0x000E, 0x000E, 0x000E, 0x000E, 0x000E, 0x000E, 0x000E, 0x000E, 0x000E,
0x000E, 0x000E, 0x000E, 0x000E, 0x000E, 0x000D, 0x000D, 0x000D, 0x000D, 0x000D, 0x000D, 0x000D, 0x000D, 0x000D, 0x000D, 0x000D,
0x000D, 0x000D, 0x000D, 0x000D, 0x000D, 0x000D, 0x000D, 0x000D, 0x000D, 0x000D, 0x000D, 0x000D, 0x000D, 0x000D, 0x000D, 0x000D,
0x000D, 0x000D, 0x000D, 0x000D, 0x000D, 0x000D, 0x000D, 0x000D, 0x000D, 0x000D, 0x000D, 0x000D, 0x000D, 0x000D, 0x000D, 0x000D,
0x000D, 0x000D, 0x000D, 0x000D, 0x000D, 0x000D, 0x000D, 0x000D, 0x000D, 0x000D, 0x000D, 0x000D, 0x000D, 0x000D, 0x000D, 0x000D,
0x000D, 0x000D, 0x000D, 0x000D, 0x000D, 0x000D, 0x000D, 0x000D, 0x000D, 0x000D, 0x000D, 0x000D, 0x000D, 0x000D, 0x000D, 0x000D,
0x000D, 0x000D, 0x000D, 0x000D, 0x000D, 0x000D, 0x000D, 0x000D, 0x000D, 0x000D, 0x000D, 0x000D, 0x000D, 0x000D, 0x000D, 0x000D,
0x000D, 0x000D, 0x000D, 0x000D, 0x000D, 0x000D, 0x000D, 0x000D, 0x000D, 0x000D, 0x000D, 0x000D, 0x000D, 0x000D, 0x000D, 0x000D,
0x000D, 0x000D, 0x000D, 0x000C, 0x000C, 0x000C, 0x000C, 0x000C, 0x000C, 0x000C, 0x000C, 0x000C, 0x000C, 0x000C, 0x000C, 0x000C,
0x000C, 0x000C, 0x000C, 0x000C, 0x000C, 0x000C, 0x000C, 0x000C, 0x000C, 0x000C, 0x000C, 0x000C, 0x000C, 0x000C, 0x000C, 0x000C,
0x000C, 0x000C, 0x000C, 0x000C, 0x000C, 0x000C, 0x000C, 0x000C, 0x000C, 0x000C, 0x000C, 0x000C, 0x000C, 0x000C, 0x000C, 0x000C,
0x000C, 0x000C, 0x000C, 0x000C, 0x000C, 0x000C, 0x000C, 0x000C, 0x000C, 0x000C, 0x000C, 0x000C, 0x000C, 0x000C, 0x000C, 0x000C,
0x000C, 0x000C, 0x000C, 0x000C, 0x000C, 0x000C, 0x000C, 0x000C, 0x000C, 0x000C, 0x000C, 0x000C, 0x000C, 0x000C, 0x000C, 0x000C,
0x000C, 0x000C, 0x000C, 0x000C, 0x000C, 0x000C, 0x000C, 0x000C, 0x000C, 0x000C, 0x000C, 0x000C, 0x000C, 0x000C, 0x000C, 0x000C,
0x000C, 0x000C, 0x000C, 0x000C, 0x000C, 0x000C, 0x000C, 0x000C, 0x000C, 0x000C, 0x000C, 0x000C, 0x000C, 0x000C, 0x000C, 0x000C,
0x000C, 0x000C, 0x000C, 0x000C, 0x000C, 0x000C, 0x000C, 0x000C, 0x000C, 0x000B, 0x000B, 0x000B, 0x000B, 0x000B, 0x000B, 0x000B,
0x000B, 0x000B, 0x000B, 0x000B, 0x000B, 0x000B, 0x000B, 0x000B, 0x000B, 0x000B, 0x000B, 0x000B, 0x000B, 0x000B, 0x000B, 0x000B,
0x000B, 0x000B, 0x000B, 0x000B, 0x000B, 0x000B, 0x000B, 0x000B, 0x000B, 0x000B, 0x000B, 0x000B, 0x000B, 0x000B, 0x000B, 0x000B,
0x000B, 0x000B, 0x000B, 0x000B, 0x000B, 0x000B, 0x000B, 0x000B, 0x000B, 0x000B, 0x000B, 0x000B, 0x000B, 0x000B, 0x000B, 0x000B,
0x000B, 0x000B, 0x000B, 0x000B, 0x000B, 0x000B, 0x000B, 0x000B, 0x000B, 0x000B, 0x000B, 0x000B, 0x000B, 0x000B, 0x000B, 0x000B,
0x000B, 0x000B, 0x000B, 0x000B, 0x000B, 0x000B, 0x000B, 0x000B, 0x000B, 0x000B, 0x000B, 0x000B, 0x000B, 0x000B, 0x000B, 0x000B,
0x000B, 0x000B, 0x000B, 0x000B, 0x000B, 0x000B, 0x000B, 0x000B, 0x000B, 0x000B, 0x000B, 0x000B, 0x000B, 0x000B, 0x000B, 0x000B,
0x000B, 0x000B, 0x000B, 0x000B, 0x000B, 0x000B, 0x000B, 0x000B, 0x000B, 0x000B, 0x000B, 0x000B, 0x000B, 0x000B, 0x000B, 0x000B,
0x000B, 0x000B, 0x000B, 0x000B, 0x000B, 0x000B, 0x000B, 0x000B, 0x000B, 0x000B, 0x000A, 0x000A, 0x000A, 0x000A, 0x000A, 0x000A,
0x000A, 0x000A, 0x000A, 0x000A, 0x000A, 0x000A, 0x000A, 0x000A, 0x000A, 0x000A, 0x000A, 0x000A, 0x000A, 0x000A, 0x000A, 0x000A,
0x000A, 0x000A, 0x000A, 0x000A, 0x000A, 0x000A, 0x000A, 0x000A, 0x000A, 0x000A, 0x000A, 0x000A, 0x000A, 0x000A, 0x000A, 0x000A,
0x000A, 0x000A, 0x000A, 0x000A, 0x000A, 0x000A, 0x000A, 0x000A, 0x000A, 0x000A, 0x000A, 0x000A, 0x000A, 0x000A, 0x000A, 0x000A,
0x000A, 0x000A, 0x000A, 0x000A, 0x000A, 0x000A, 0x000A, 0x000A, 0x000A, 0x000A, 0x000A, 0x000A, 0x000A, 0x000A, 0x000A, 0x000A,
0x000A, 0x000A, 0x000A, 0x000A, 0x000A, 0x000A, 0x000A, 0x000A, 0x000A, 0x000A, 0x000A, 0x000A, 0x000A, 0x000A, 0x000A, 0x000A,
0x000A, 0x000A, 0x000A, 0x000A, 0x000A, 0x000A, 0x000A, 0x000A, 0x000A, 0x000A, 0x000A, 0x000A, 0x000A, 0x000A, 0x000A, 0x000A,
0x000A, 0x000A, 0x000A, 0x000A, 0x000A, 0x000A, 0x000A, 0x000A, 0x000A, 0x000A, 0x000A, 0x000A, 0x000A, 0x000A, 0x000A, 0x000A,
0x000A, 0x000A, 0x000A, 0x000A, 0x000A, 0x000A, 0x000A, 0x000A, 0x000A, 0x000A, 0x000A, 0x000A, 0x000A, 0x000A, 0x000A, 0x000A,
0x000A, 0x000A, 0x000A, 0x000A, 0x000A, 0x000A, 0x0009, 0x0009, 0x0009, 0x0009, 0x0009, 0x0009, 0x0009, 0x0009, 0x0009, 0x0009,
0x0009, 0x0009, 0x0009, 0x0009, 0x0009, 0x0009, 0x0009, 0x0009, 0x0009, 0x0009, 0x0009, 0x0009, 0x0009, 0x0009, 0x0009, 0x0009,
0x0009, 0x0009, 0x0009, 0x0009, 0x0009, 0x0009, 0x0009, 0x0009, 0x0009, 0x0009, 0x0009, 0x0009, 0x0009, 0x0009, 0x0009, 0x0009,
0x0009, 0x0009, 0x0009, 0x0009, 0x0009, 0x0009, 0x0009, 0x0009, 0x0009, 0x0009, 0x0009, 0x0009, 0x0009, 0x0009, 0x0009, 0x0009,
0x0009, 0x0009, 0x0009, 0x0009, 0x0009, 0x0009, 0x0009, 0x0009, 0x0009, 0x0009, 0x0009, 0x0009, 0x0009, 0x0009, 0x0009, 0x0009,
0x0009, 0x0009, 0x0009, 0x0009, 0x0009, 0x0009, 0x0009, 0x0009, 0x0009, 0x0009, 0x0009, 0x0009, 0x0009, 0x0009, 0x0009, 0x0009,
0x0009, 0x0009, 0x0009, 0x0009, 0x0009, 0x0009, 0x0009, 0x0009, 0x0009, 0x0009, 0x0009, 0x0009, 0x0009, 0x0009, 0x0009, 0x0009,
0x0009, 0x0009, 0x0009, 0x0009, 0x0009, 0x0009, 0x0009, 0x0009, 0x0009, 0x0009, 0x0009, 0x0009, 0x0009, 0x0009, 0x0009, 0x0009,
0x0009, 0x0009, 0x0009, 0x0009, 0x0009, 0x0009, 0x0009, 0x0009, 0x0009, 0x0009, 0x0009, 0x0009, 0x0009, 0x0009, 0x0009, 0x0009,
0x0009, 0x0009, 0x0009, 0x0009, 0x0009, 0x0009, 0x0009, 0x0009, 0x0009, 0x0009, 0x0009, 0x0009, 0x0009, 0x0009, 0x0009, 0x0009,
0x0009, 0x0009, 0x0008, 0x0008, 0x0008, 0x0008, 0x0008, 0x0008, 0x0008, 0x0008, 0x0008, 0x0008, 0x0008, 0x0008, 0x0008, 0x0008,
0x0008, 0x0008, 0x0008, 0x0008, 0x0008, 0x0008, 0x0008, 0x0008, 0x0008, 0x0008, 0x0008, 0x0008, 0x0008, 0x0008, 0x0008, 0x0008,
0x0008, 0x0008, 0x0008, 0x0008, 0x0008, 0x0008, 0x0008, 0x0008, 0x0008, 0x0008, 0x0008, 0x0008, 0x0008, 0x0008, 0x0008, 0x0008,
0x0008, 0x0008, 0x0008, 0x0008, 0x0008, 0x0008, 0x0008, 0x0008, 0x0008, 0x0008, 0x0008, 0x0008, 0x0008, 0x0008, 0x0008, 0x0008,
0x0008, 0x0008, 0x0008, 0x0008, 0x0008, 0x0008, 0x0008, 0x0008, 0x0008, 0x0008, 0x0008, 0x0008, 0x0008, 0x0008, 0x0008, 0x0008,
0x0008, 0x0008, 0x0008, 0x0008, 0x0008, 0x0008, 0x0008, 0x0008, 0x0008, 0x0008, 0x0008, 0x0008, 0x0008, 0x0008, 0x0008, 0x0008,
0x0008, 0x0008, 0x0008, 0x0008, 0x0008, 0x0008, 0x0008, 0x0008, 0x0008, 0x0008, 0x0008, 0x0008, 0x0008, 0x0008, 0x0008, 0x0008,
0x0008, 0x0008, 0x0008, 0x0008, 0x0008, 0x0008, 0x0008, 0x0008, 0x0008, 0x0008, 0x0008, 0x0008, 0x0008, 0x0008, 0x0008, 0x0008,
0x0008, 0x0008, 0x0008, 0x0008, 0x0008, 0x0008, 0x0008, 0x0008, 0x0008, 0x0008, 0x0008, 0x0008, 0x0008, 0x0008, 0x0008, 0x0008,
0x0008, 0x0008, 0x0008, 0x0008, 0x0008, 0x0008, 0x0008, 0x0008, 0x0008, 0x0008, 0x0008, 0x0008, 0x0008, 0x0008, 0x0008, 0x0008,
0x0008, 0x0008, 0x0008, 0x0008, 0x0008, 0x0008, 0x0008, 0x0008, 0x0008, 0x0008, 0x0008, 0x0008, 0x0008, 0x0008, 0x0008, 0x0008,
0x0007, 0x0007, 0x0007, 0x0007, 0x0007, 0x0007, 0x0007, 0x0007, 0x0007, 0x0007, 0x0007, 0x0007, 0x0007, 0x0007, 0x0007, 0x0007,
0x0007, 0x0007, 0x0007, 0x0007, 0x0007, 0x0007, 0x0007, 0x0007, 0x0007, 0x0007, 0x0007, 0x0007, 0x0007, 0x0007, 0x0007, 0x0007,
0x0007, 0x0007, 0x0007, 0x0007, 0x0007, 0x0007, 0x0007, 0x0007, 0x0007, 0x0007, 0x0007, 0x0007, 0x0007, 0x0007, 0x0007, 0x0007,
0x0007, 0x0007, 0x0007, 0x0007, 0x0007, 0x0007, 0x0007, 0x0007, 0x0007, 0x0007, 0x0007, 0x0007, 0x0007, 0x0007, 0x0007, 0x0007,
0x0007, 0x0007, 0x0007, 0x0007, 0x0007, 0x0007, 0x0007, 0x0007, 0x0007, 0x0007, 0x0007, 0x0007, 0x0007, 0x0007, 0x0007, 0x0007,
0x0007, 0x0007, 0x0007, 0x0007, 0x0007, 0x0007, 0x0007, 0x0007, 0x0007, 0x0007, 0x0007, 0x0007, 0x0007, 0x0007, 0x0007, 0x0007,
0x0007, 0x0007, 0x0007, 0x0007, 0x0007, 0x0007, 0x0007, 0x0007, 0x0007, 0x0007, 0x0007, 0x0007, 0x0007, 0x0007, 0x0007, 0x0007,
0x0007, 0x0007, 0x0007, 0x0007, 0x0007, 0x0007, 0x0007, 0x0007, 0x0007, 0x0007, 0x0007, 0x0007, 0x0007, 0x0007, 0x0007, 0x0007,
0x0007, 0x0007, 0x0007, 0x0007, 0x0007, 0x0007, 0x0007, 0x0007, 0x0007, 0x0007, 0x0007, 0x0007, 0x0007, 0x0007, 0x0007, 0x0007,
0x0007, 0x0007, 0x0007, 0x0007, 0x0007, 0x0007, 0x0007, 0x0007, 0x0007, 0x0007, 0x0007, 0x0007, 0x0007, 0x0007, 0x0007, 0x0007,
0x0007, 0x0007, 0x0007, 0x0007, 0x0007, 0x0007, 0x0007, 0x0007, 0x0007, 0x0007, 0x0007, 0x0007, 0x0007, 0x0007, 0x0007, 0x0007,
0x0007, 0x0007, 0x0007, 0x0007, 0x0007, 0x0007, 0x0007, 0x0007, 0x0007, 0x0007, 0x0007, 0x0007, 0x0007, 0x0007, 0x0007, 0x0007,
0x0007, 0x0007, 0x0007, 0x0007, 0x0007, 0x0006, 0x0006, 0x0006, 0x0006, 0x0006, 0x0006, 0x0006, 0x0006, 0x0006, 0x0006, 0x0006,
0x0006, 0x0006, 0x0006, 0x0006, 0x0006, 0x0006, 0x0006, 0x0006, 0x0006, 0x0006, 0x0006, 0x0006, 0x0006, 0x0006, 0x0006, 0x0006,
0x0006, 0x0006, 0x0006, 0x0006, 0x0006, 0x0006, 0x0006, 0x0006, 0x0006, 0x0006, 0x0006, 0x0006, 0x0006, 0x0006, 0x0006, 0x0006,
0x0006, 0x0006, 0x0006, 0x0006, 0x0006, 0x0006, 0x0006, 0x0006, 0x0006, 0x0006, 0x0006, 0x0006, 0x0006, 0x0006, 0x0006, 0x0006,
0x0006, 0x0006, 0x0006, 0x0006, 0x0006, 0x0006, 0x0006, 0x0006, 0x0006, 0x0006, 0x0006, 0x0006, 0x0006, 0x0006, 0x0006, 0x0006,
0x0006, 0x0006, 0x0006, 0x0006, 0x0006, 0x0006, 0x0006, 0x0006, 0x0006, 0x0006, 0x0006, 0x0006, 0x0006, 0x0006, 0x0006, 0x0006,
0x0006, 0x0006, 0x0006, 0x0006, 0x0006, 0x0006, 0x0006, 0x0006, 0x0006, 0x0006, 0x0006, 0x0006, 0x0006, 0x0006, 0x0006, 0x0006,
0x0006, 0x0006, 0x0006, 0x0006, 0x0006, 0x0006, 0x0006, 0x0006, 0x0006, 0x0006, 0x0006, 0x0006, 0x0006, 0x0006, 0x0006, 0x0006,
0x0006, 0x0006, 0x0006, 0x0006, 0x0006, 0x0006, 0x0006, 0x0006, 0x0006, 0x0006, 0x0006, 0x0006, 0x0006, 0x0006, 0x0006, 0x0006,
0x0006, 0x0006, 0x0006, 0x0006, 0x0006, 0x0006, 0x0006, 0x0006, 0x0006, 0x0006, 0x0006, 0x0006, 0x0006, 0x0006, 0x0006, 0x0006,
0x0006, 0x0006, 0x0006, 0x0006, 0x0006, 0x0006, 0x0006, 0x0006, 0x0006, 0x0006, 0x0006, 0x0006, 0x0006, 0x0006, 0x0006, 0x0006,
0x0006, 0x0006, 0x0006, 0x0006, 0x0006, 0x0006, 0x0006, 0x0006, 0x0006, 0x0006, 0x0006, 0x0006, 0x0006, 0x0006, 0x0006, 0x0006,
0x0006, 0x0006, 0x0006, 0x0006, 0x0006, 0x0006, 0x0006, 0x0006, 0x0006, 0x0006, 0x0006, 0x0006, 0x0006, 0x0006, 0x0006, 0x0006,
0x0006, 0x0006, 0x0006, 0x0006, 0x0006, 0x0006, 0x0006, 0x0006, 0x0006, 0x0006, 0x0006, 0x0006, 0x0006, 0x0006, 0x0006, 0x0006,
0x0006, 0x0006, 0x0006, 0x0006, 0x0006, 0x0006, 0x0006, 0x0006, 0x0006, 0x0005, 0x0005, 0x0005, 0x0005, 0x0005, 0x0005, 0x0005,
0x0005, 0x0005, 0x0005, 0x0005, 0x0005, 0x0005, 0x0005, 0x0005, 0x0005, 0x0005, 0x0005, 0x0005, 0x0005, 0x0005, 0x0005, 0x0005,
0x0005, 0x0005, 0x0005, 0x0005, 0x0005, 0x0005, 0x0005, 0x0005, 0x0005, 0x0005, 0x0005, 0x0005, 0x0005, 0x0005, 0x0005, 0x0005,
0x0005, 0x0005, 0x0005, 0x0005, 0x0005, 0x0005, 0x0005, 0x0005, 0x0005, 0x0005, 0x0005, 0x0005, 0x0005, 0x0005, 0x0005, 0x0005,
0x0005, 0x0005, 0x0005, 0x0005, 0x0005, 0x0005, 0x0005, 0x0005, 0x0005, 0x0005, 0x0005, 0x0005, 0x0005, 0x0005, 0x0005, 0x0005,
0x0005, 0x0005, 0x0005, 0x0005, 0x0005, 0x0005, 0x0005, 0x0005, 0x0005, 0x0005, 0x0005, 0x0005, 0x0005, 0x0005, 0x0005, 0x0005,
0x0005, 0x0005, 0x0005, 0x0005, 0x0005, 0x0005, 0x0005, 0x0005, 0x0005, 0x0005, 0x0005, 0x0005, 0x0005, 0x0005, 0x0005, 0x0005,
0x0005, 0x0005, 0x0005, 0x0005, 0x0005, 0x0005, 0x0005, 0x0005, 0x0005, 0x0005, 0x0005, 0x0005, 0x0005, 0x0005, 0x0005, 0x0005,
0x0005, 0x0005, 0x0005, 0x0005, 0x0005, 0x0005, 0x0005, 0x0005, 0x0005, 0x0005, 0x0005, 0x0005, 0x0005, 0x0005, 0x0005, 0x0005,
0x0005, 0x0005, 0x0005, 0x0005, 0x0005, 0x0005, 0x0005, 0x0005, 0x0005, 0x0005, 0x0005, 0x0005, 0x0005, 0x0005, 0x0005, 0x0005,
0x0005, 0x0005, 0x0005, 0x0005, 0x0005, 0x0005, 0x0005, 0x0005, 0x0005, 0x0005, 0x0005, 0x0005, 0x0005, 0x0005, 0x0005, 0x0005,
0x0005, 0x0005, 0x0005, 0x0005, 0x0005, 0x0005, 0x0005, 0x0005, 0x0005, 0x0005, 0x0005, 0x0005, 0x0005, 0x0005, 0x0005, 0x0005,
0x0005, 0x0005, 0x0005, 0x0005, 0x0005, 0x0005, 0x0005, 0x0005, 0x0005, 0x0005, 0x0005, 0x0005, 0x0005, 0x0005, 0x0005, 0x0005,
0x0005, 0x0005, 0x0005, 0x0005, 0x0005, 0x0005, 0x0005, 0x0005, 0x0005, 0x0005, 0x0005, 0x0005, 0x0005, 0x0005, 0x0005, 0x0005,
0x0005, 0x0005, 0x0005, 0x0005, 0x0005, 0x0005, 0x0005, 0x0005, 0x0005, 0x0005, 0x0005, 0x0005, 0x0005, 0x0005, 0x0005, 0x0005,
0x0005, 0x0005, 0x0005, 0x0005, 0x0005, 0x0005, 0x0005, 0x0005, 0x0005, 0x0005, 0x0005, 0x0005, 0x0005, 0x0005, 0x0005, 0x0005,
0x0005, 0x0005, 0x0005, 0x0005, 0x0005, 0x0005, 0x0005, 0x0005, 0x0005, 0x0005, 0x0005, 0x0005, 0x0005, 0x0005, 0x0005, 0x0005,
0x0005, 0x0005, 0x0005, 0x0005, 0x0005, 0x0005, 0x0004, 0x0004, 0x0004, 0x0004, 0x0004, 0x0004, 0x0004, 0x0004, 0x0004, 0x0004,
0x0004, 0x0004, 0x0004, 0x0004, 0x0004, 0x0004, 0x0004, 0x0004, 0x0004, 0x0004, 0x0004, 0x0004, 0x0004, 0x0004, 0x0004, 0x0004,
0x0004, 0x0004, 0x0004, 0x0004, 0x0004, 0x0004, 0x0004, 0x0004, 0x0004, 0x0004, 0x0004, 0x0004, 0x0004, 0x0004, 0x0004, 0x0004,
0x0004, 0x0004, 0x0004, 0x0004, 0x0004, 0x0004, 0x0004, 0x0004, 0x0004, 0x0004, 0x0004, 0x0004, 0x0004, 0x0004, 0x0004, 0x0004,
0x0004, 0x0004, 0x0004, 0x0004, 0x0004, 0x0004, 0x0004, 0x0004, 0x0004, 0x0004, 0x0004, 0x0004, 0x0004, 0x0004, 0x0004, 0x0004,
0x0004, 0x0004, 0x0004, 0x0004, 0x0004, 0x0004, 0x0004, 0x0004, 0x0004, 0x0004, 0x0004, 0x0004, 0x0004, 0x0004, 0x0004, 0x0004,
0x0004, 0x0004, 0x0004, 0x0004, 0x0004, 0x0004, 0x0004, 0x0004, 0x0004, 0x0004, 0x0004, 0x0004, 0x0004, 0x0004, 0x0004, 0x0004,
0x0004, 0x0004, 0x0004, 0x0004, 0x0004, 0x0004, 0x0004, 0x0004, 0x0004, 0x0004, 0x0004, 0x0004, 0x0004, 0x0004, 0x0004, 0x0004,
0x0004, 0x0004, 0x0004, 0x0004, 0x0004, 0x0004, 0x0004, 0x0004, 0x0004, 0x0004, 0x0004, 0x0004, 0x0004, 0x0004, 0x0004, 0x0004,
0x0004, 0x0004, 0x0004, 0x0004, 0x0004, 0x0004, 0x0004, 0x0004, 0x0004, 0x0004, 0x0004, 0x0004, 0x0004, 0x0004, 0x0004, 0x0004,
0x0004, 0x0004, 0x0004, 0x0004, 0x0004, 0x0004, 0x0004, 0x0004, 0x0004, 0x0004, 0x0004, 0x0004, 0x0004, 0x0004, 0x0004, 0x0004,
0x0004, 0x0004, 0x0004, 0x0004, 0x0004, 0x0004, 0x0004, 0x0004, 0x0004, 0x0004, 0x0004, 0x0004, 0x0004, 0x0004, 0x0004, 0x0004,
0x0004, 0x0004, 0x0004, 0x0004, 0x0004, 0x0004, 0x0004, 0x0004, 0x0004, 0x0004, 0x0004, 0x0004, 0x0004, 0x0004, 0x0004, 0x0004,
0x0004, 0x0004, 0x0004, 0x0004, 0x0004, 0x0004, 0x0004, 0x0004, 0x0004, 0x0004, 0x0004, 0x0004, 0x0004, 0x0004, 0x0004, 0x0004,
0x0004, 0x0004, 0x0004, 0x0004, 0x0004, 0x0004, 0x0004, 0x0004, 0x0004, 0x0004, 0x0004, 0x0004, 0x0004, 0x0004, 0x0004, 0x0004,
0x0004, 0x0004, 0x0004, 0x0004, 0x0004, 0x0004, 0x0004, 0x0004, 0x0004, 0x0004, 0x0004, 0x0004, 0x0004, 0x0004, 0x0004, 0x0004,
0x0004, 0x0004, 0x0004, 0x0004, 0x0004, 0x0004, 0x0004, 0x0004, 0x0004, 0x0004, 0x0004, 0x0004, 0x0004, 0x0004, 0x0004, 0x0004,
0x0004, 0x0004, 0x0004, 0x0004, 0x0004, 0x0004, 0x0004, 0x0004, 0x0004, 0x0004, 0x0004, 0x0004, 0x0004, 0x0004, 0x0004, 0x0004,
0x0004, 0x0004, 0x0004, 0x0004, 0x0004, 0x0004, 0x0004, 0x0004, 0x0004, 0x0004, 0x0004, 0x0004, 0x0004, 0x0004, 0x0004, 0x0004,
0x0004, 0x0004, 0x0004, 0x0004, 0x0004, 0x0004, 0x0004, 0x0004, 0x0004, 0x0004, 0x0004, 0x0004, 0x0004, 0x0004, 0x0004, 0x0004,
0x0004, 0x0004, 0x0004, 0x0004, 0x0004, 0x0004, 0x0004, 0x0004, 0x0004, 0x0004, 0x0004, 0x0004, 0x0004, 0x0004, 0x0004, 0x0004,
0x0003, 0x0003, 0x0003, 0x0003, 0x0003, 0x0003, 0x0003, 0x0003, 0x0003, 0x0003, 0x0003, 0x0003, 0x0003, 0x0003, 0x0003, 0x0003,
0x0003, 0x0003, 0x0003, 0x0003, 0x0003, 0x0003, 0x0003, 0x0003, 0x0003, 0x0003, 0x0003, 0x0003, 0x0003, 0x0003, 0x0003, 0x0003,
0x0003, 0x0003, 0x0003, 0x0003, 0x0003, 0x0003, 0x0003, 0x0003, 0x0003, 0x0003, 0x0003, 0x0003, 0x0003, 0x0003, 0x0003, 0x0003,
0x0003, 0x0003, 0x0003, 0x0003, 0x0003, 0x0003, 0x0003, 0x0003, 0x0003, 0x0003, 0x0003, 0x0003, 0x0003, 0x0003, 0x0003, 0x0003,
0x0003, 0x0003, 0x0003, 0x0003, 0x0003, 0x0003, 0x0003, 0x0003, 0x0003, 0x0003, 0x0003, 0x0003, 0x0003, 0x0003, 0x0003, 0x0003,
0x0003, 0x0003, 0x0003, 0x0003, 0x0003, 0x0003, 0x0003, 0x0003, 0x0003, 0x0003, 0x0003, 0x0003, 0x0003, 0x0003, 0x0003, 0x0003,
0x0003, 0x0003, 0x0003, 0x0003, 0x0003, 0x0003, 0x0003, 0x0003, 0x0003, 0x0003, 0x0003, 0x0003, 0x0003, 0x0003, 0x0003, 0x0003,
0x0003, 0x0003, 0x0003, 0x0003, 0x0003, 0x0003, 0x0003, 0x0003, 0x0003, 0x0003, 0x0003, 0x0003, 0x0003, 0x0003, 0x0003, 0x0003,
0x0003, 0x0003, 0x0003, 0x0003, 0x0003, 0x0003, 0x0003, 0x0003, 0x0003, 0x0003, 0x0003, 0x0003, 0x0003, 0x0003, 0x0003, 0x0003,
0x0003, 0x0003, 0x0003, 0x0003, 0x0003, 0x0003, 0x0003, 0x0003, 0x0003, 0x0003, 0x0003, 0x0003, 0x0003, 0x0003, 0x0003, 0x0003,
0x0003, 0x0003, 0x0003, 0x0003, 0x0003, 0x0003, 0x0003, 0x0003, 0x0003, 0x0003, 0x0003, 0x0003, 0x0003, 0x0003, 0x0003, 0x0003,
0x0003, 0x0003, 0x0003, 0x0003, 0x0003, 0x0003, 0x0003, 0x0003, 0x0003, 0x0003, 0x0003, 0x0003, 0x0003, 0x0003, 0x0003, 0x0003,
0x0003, 0x0003, 0x0003, 0x0003, 0x0003, 0x0003, 0x0003, 0x0003, 0x0003, 0x0003, 0x0003, 0x0003, 0x0003, 0x0003, 0x0003, 0x0003,
0x0003, 0x0003, 0x0003, 0x0003, 0x0003, 0x0003, 0x0003, 0x0003, 0x0003, 0x0003, 0x0003, 0x0003, 0x0003, 0x0003, 0x0003, 0x0003,
0x0003, 0x0003, 0x0003, 0x0003, 0x0003, 0x0003, 0x0003, 0x0003, 0x0003, 0x0003, 0x0003, 0x0003, 0x0003, 0x0003, 0x0003, 0x0003,
0x0003, 0x0003, 0x0003, 0x0003, 0x0003, 0x0003, 0x0003, 0x0003, 0x0003, 0x0003, 0x0003, 0x0003, 0x0003, 0x0003, 0x0003, 0x0003,
0x0003, 0x0003, 0x0003, 0x0003, 0x0003, 0x0003, 0x0003, 0x0003, 0x0003, 0x0003, 0x0003, 0x0003, 0x0003, 0x0003, 0x0003, 0x0003,
0x0003, 0x0003, 0x0003, 0x0003, 0x0003, 0x0003, 0x0003, 0x0003, 0x0003, 0x0003, 0x0003, 0x0003, 0x0003, 0x0003, 0x0003, 0x0003,
0x0003, 0x0003, 0x0003, 0x0003, 0x0003, 0x0003, 0x0003, 0x0003, 0x0003, 0x0003, 0x0003, 0x0003, 0x0003, 0x0003, 0x0003, 0x0003,
0x0003, 0x0003, 0x0003, 0x0003, 0x0003, 0x0003, 0x0003, 0x0003, 0x0003, 0x0003, 0x0003, 0x0003, 0x0003, 0x0003, 0x0003, 0x0003,
0x0003, 0x0003, 0x0003, 0x0003, 0x0003, 0x0003, 0x0003, 0x0003, 0x0003, 0x0003, 0x0003, 0x0003, 0x0003, 0x0003, 0x0003, 0x0003,
0x0003, 0x0003, 0x0003, 0x0003, 0x0003, 0x0003, 0x0003, 0x0003, 0x0003, 0x0003, 0x0003, 0x0003, 0x0003, 0x0003, 0x0003, 0x0003,
0x0003, 0x0003, 0x0003, 0x0003, 0x0003, 0x0003, 0x0003, 0x0003, 0x0003, 0x0003, 0x0003, 0x0003, 0x0003, 0x0003, 0x0003, 0x0003,
0x0003, 0x0003, 0x0003, 0x0003, 0x0003, 0x0003, 0x0003, 0x0003, 0x0003, 0x0003, 0x0003, 0x0003, 0x0003, 0x0003, 0x0003, 0x0003,
0x0003, 0x0003, 0x0003, 0x0003, 0x0003, 0x0003, 0x0003, 0x0003, 0x0003, 0x0003, 0x0003, 0x0003, 0x0003, 0x0003, 0x0003, 0x0003,
0x0003, 0x0003, 0x0003, 0x0003, 0x0003, 0x0003, 0x0003, 0x0003, 0x0003, 0x0003, 0x0003, 0x0003, 0x0003, 0x0003, 0x0003, 0x0003,
0x0003, 0x0003, 0x0003, 0x0003, 0x0003, 0x0003, 0x0003, 0x0003, 0x0003, 0x0002, 0x0002, 0x0002, 0x0002, 0x0002, 0x0002, 0x0002,
0x0002, 0x0002, 0x0002, 0x0002, 0x0002, 0x0002, 0x0002, 0x0002, 0x0002, 0x0002, 0x0002, 0x0002, 0x0002, 0x0002, 0x0002, 0x0002,
0x0002, 0x0002, 0x0002, 0x0002, 0x0002, 0x0002, 0x0002, 0x0002, 0x0002, 0x0002, 0x0002, 0x0002, 0x0002, 0x0002, 0x0002, 0x0002,
0x0002, 0x0002, 0x0002, 0x0002, 0x0002, 0x0002, 0x0002, 0x0002, 0x0002, 0x0002, 0x0002, 0x0002, 0x0002, 0x0002, 0x0002, 0x0002,
0x0002, 0x0002, 0x0002, 0x0002, 0x0002, 0x0002, 0x0002, 0x0002, 0x0002, 0x0002, 0x0002, 0x0002, 0x0002, 0x0002, 0x0002, 0x0002,
0x0002, 0x0002, 0x0002, 0x0002, 0x0002, 0x0002, 0x0002, 0x0002, 0x0002, 0x0002, 0x0002, 0x0002, 0x0002, 0x0002, 0x0002, 0x0002,
0x0002, 0x0002, 0x0002, 0x0002, 0x0002, 0x0002, 0x0002, 0x0002, 0x0002, 0x0002, 0x0002, 0x0002, 0x0002, 0x0002, 0x0002, 0x0002,
0x0002, 0x0002, 0x0002, 0x0002, 0x0002, 0x0002, 0x0002, 0x0002, 0x0002, 0x0002, 0x0002, 0x0002, 0x0002, 0x0002, 0x0002, 0x0002,
0x0002, 0x0002, 0x0002, 0x0002, 0x0002, 0x0002, 0x0002, 0x0002, 0x0002, 0x0002, 0x0002, 0x0002, 0x0002, 0x0002, 0x0002, 0x0002,
0x0002, 0x0002, 0x0002, 0x0002, 0x0002, 0x0002, 0x0002, 0x0002, 0x0002, 0x0002, 0x0002, 0x0002, 0x0002, 0x0002, 0x0002, 0x0002,
0x0002, 0x0002, 0x0002, 0x0002, 0x0002, 0x0002, 0x0002, 0x0002, 0x0002, 0x0002, 0x0002, 0x0002, 0x0002, 0x0002, 0x0002, 0x0002,
0x0002, 0x0002, 0x0002, 0x0002, 0x0002, 0x0002, 0x0002, 0x0002, 0x0002, 0x0002, 0x0002, 0x0002, 0x0002, 0x0002, 0x0002, 0x0002,
0x0002, 0x0002, 0x0002, 0x0002, 0x0002, 0x0002, 0x0002, 0x0002, 0x0002, 0x0002, 0x0002, 0x0002, 0x0002, 0x0002, 0x0002, 0x0002,
0x0002, 0x0002, 0x0002, 0x0002, 0x0002, 0x0002, 0x0002, 0x0002, 0x0002, 0x0002, 0x0002, 0x0002, 0x0002, 0x0002, 0x0002, 0x0002,
0x0002, 0x0002, 0x0002, 0x0002, 0x0002, 0x0002, 0x0002, 0x0002, 0x0002, 0x0002, 0x0002, 0x0002, 0x0002, 0x0002, 0x0002, 0x0002,
0x0002, 0x0002, 0x0002, 0x0002, 0x0002, 0x0002, 0x0002, 0x0002, 0x0002, 0x0002, 0x0002, 0x0002, 0x0002, 0x0002, 0x0002, 0x0002,
0x0002, 0x0002, 0x0002, 0x0002, 0x0002, 0x0002, 0x0002, 0x0002, 0x0002, 0x0002, 0x0002, 0x0002, 0x0002, 0x0002, 0x0002, 0x0002,
0x0002, 0x0002, 0x0002, 0x0002, 0x0002, 0x0002, 0x0002, 0x0002, 0x0002, 0x0002, 0x0002, 0x0002, 0x0002, 0x0002, 0x0002, 0x0002,
0x0002, 0x0002, 0x0002, 0x0002, 0x0002, 0x0002, 0x0002, 0x0002, 0x0002, 0x0002, 0x0002, 0x0002, 0x0002, 0x0002, 0x0002, 0x0002,
0x0002, 0x0002, 0x0002, 0x0002, 0x0002, 0x0002, 0x0002, 0x0002, 0x0002, 0x0002, 0x0002, 0x0002, 0x0002, 0x0002, 0x0002, 0x0002,
0x0002, 0x0002, 0x0002, 0x0002, 0x0002, 0x0002, 0x0002, 0x0002, 0x0002, 0x0002, 0x0002, 0x0002, 0x0002, 0x0002, 0x0002, 0x0002,
0x0002, 0x0002, 0x0002, 0x0002, 0x0002, 0x0002, 0x0002, 0x0002, 0x0002, 0x0002, 0x0002, 0x0002, 0x0002, 0x0002, 0x0002, 0x0002,
0x0002, 0x0002, 0x0002, 0x0002, 0x0002, 0x0002, 0x0002, 0x0002, 0x0002, 0x0002, 0x0002, 0x0002, 0x0002, 0x0002, 0x0002, 0x0002,
0x0002, 0x0002, 0x0002, 0x0002, 0x0002, 0x0002, 0x0002, 0x0002, 0x0002, 0x0002, 0x0002, 0x0002, 0x0002, 0x0002, 0x0002, 0x0002,
0x0002, 0x0002, 0x0002, 0x0002, 0x0002, 0x0002, 0x0002, 0x0002, 0x0002, 0x0002, 0x0002, 0x0002, 0x0002, 0x0002, 0x0002, 0x0002,
0x0002, 0x0002, 0x0002, 0x0002, 0x0002, 0x0002, 0x0002, 0x0002, 0x0002, 0x0002, 0x0002, 0x0002, 0x0002, 0x0002, 0x0002, 0x0002,
0x0002, 0x0002, 0x0002, 0x0002, 0x0002, 0x0002, 0x0002, 0x0002, 0x0002, 0x0002, 0x0002, 0x0002, 0x0002, 0x0002, 0x0002, 0x0002,
0x0002, 0x0002, 0x0002, 0x0002, 0x0002, 0x0002, 0x0002, 0x0002, 0x0002, 0x0002, 0x0002, 0x0002, 0x0002, 0x0002, 0x0002, 0x0002,
0x0002, 0x0002, 0x0002, 0x0002, 0x0002, 0x0002, 0x0002, 0x0002, 0x0002, 0x0002, 0x0002, 0x0002, 0x0002, 0x0002, 0x0002, 0x0002,
0x0002, 0x0002, 0x0002, 0x0002, 0x0002, 0x0002, 0x0002, 0x0002, 0x0002, 0x0002, 0x0002, 0x0002, 0x0002, 0x0002, 0x0002, 0x0002,
0x0002, 0x0002, 0x0002, 0x0002, 0x0002, 0x0002, 0x0002, 0x0002, 0x0002, 0x0002, 0x0002, 0x0002, 0x0002, 0x0002, 0x0002, 0x0002,
0x0002, 0x0002, 0x0002, 0x0002, 0x0002, 0x0002, 0x0002, 0x0002, 0x0002, 0x0002, 0x0002, 0x0002, 0x0002, 0x0002, 0x0002, 0x0002,
0x0002, 0x0002, 0x0002, 0x0002, 0x0002, 0x0002, 0x0002, 0x0002, 0x0002, 0x0002, 0x0002, 0x0002, 0x0002, 0x0002, 0x0002, 0x0002,
0x0002, 0x0002, 0x0002, 0x0002, 0x0002, 0x0002, 0x0002, 0x0002, 0x0002, 0x0002, 0x0002, 0x0002, 0x0002, 0x0002, 0x0002, 0x0002,
0x0002, 0x0002, 0x0002, 0x0002, 0x0002, 0x0002, 0x0002, 0x0002, 0x0002, 0x0002, 0x0002, 0x0002, 0x0002, 0x0002, 0x0002, 0x0002,
0x0002, 0x0002, 0x0002, 0x0002, 0x0002, 0x0002, 0x0002, 0x0002, 0x0002, 0x0002, 0x0002, 0x0002, 0x0002, 0x0002, 0x0002, 0x0002,
0x0002, 0x0002, 0x0002, 0x0002, 0x0002, 0x0002, 0x0002, 0x0002, 0x0002, 0x0002, 0x0002, 0x0002, 0x0002, 0x0002, 0x0002, 0x0002,
0x0002, 0x0002, 0x0002, 0x0002, 0x0002, 0x0002, 0x0002, 0x0002, 0x0002, 0x0002, 0x0002, 0x0002, 0x0002, 0x0002, 0x0002, 0x0002,
0x0001, 0x0001, 0x0001, 0x0001, 0x0001, 0x0001, 0x0001, 0x0001, 0x0001, 0x0001, 0x0001, 0x0001, 0x0001, 0x0001, 0x0001, 0x0001,
0x0001, 0x0001, 0x0001, 0x0001, 0x0001, 0x0001, 0x0001, 0x0001, 0x0001, 0x0001, 0x0001, 0x0001, 0x0001, 0x0001, 0x0001, 0x0001,
0x0001, 0x0001, 0x0001, 0x0001, 0x0001, 0x0001, 0x0001, 0x0001, 0x0001, 0x0001, 0x0001, 0x0001, 0x0001, 0x0001, 0x0001, 0x0001,
0x0001, 0x0001, 0x0001, 0x0001, 0x0001, 0x0001, 0x0001, 0x0001, 0x0001, 0x0001, 0x0001, 0x0001, 0x0001, 0x0001, 0x0001, 0x0001,
0x0001, 0x0001, 0x0001, 0x0001, 0x0001, 0x0001, 0x0001, 0x0001, 0x0001, 0x0001, 0x0001, 0x0001, 0x0001, 0x0001, 0x0001, 0x0001,
0x0001, 0x0001, 0x0001, 0x0001, 0x0001, 0x0001, 0x0001, 0x0001, 0x0001, 0x0001, 0x0001, 0x0001, 0x0001, 0x0001, 0x0001, 0x0001,
0x0001, 0x0001, 0x0001, 0x0001, 0x0001, 0x0001, 0x0001, 0x0001, 0x0001, 0x0001, 0x0001, 0x0001, 0x0001, 0x0001, 0x0001, 0x0001,
0x0001, 0x0001, 0x0001, 0x0001, 0x0001, 0x0001, 0x0001, 0x0001, 0x0001, 0x0001, 0x0001, 0x0001, 0x0001, 0x0001, 0x0001, 0x0001,
0x0001, 0x0001, 0x0001, 0x0001, 0x0001, 0x0001, 0x0001, 0x0001, 0x0001, 0x0001, 0x0001, 0x0001, 0x0001, 0x0001, 0x0001, 0x0001,
0x0001, 0x0001, 0x0001, 0x0001, 0x0001, 0x0001, 0x0001, 0x0001, 0x0001, 0x0001, 0x0001, 0x0001, 0x0001, 0x0001, 0x0001, 0x0001,
0x0001, 0x0001, 0x0001, 0x0001, 0x0001, 0x0001, 0x0001, 0x0001, 0x0001, 0x0001, 0x0001, 0x0001, 0x0001, 0x0001, 0x0001, 0x0001,
0x0001, 0x0001, 0x0001, 0x0001, 0x0001, 0x0001, 0x0001, 0x0001, 0x0001, 0x0001, 0x0001, 0x0001, 0x0001, 0x0001, 0x0001, 0x0001,
0x0001, 0x0001, 0x0001, 0x0001, 0x0001, 0x0001, 0x0001, 0x0001, 0x0001, 0x0001, 0x0001, 0x0001, 0x0001, 0x0001, 0x0001, 0x0001,
0x0001, 0x0001, 0x0001, 0x0001, 0x0001, 0x0001, 0x0001, 0x0001, 0x0001, 0x0001, 0x0001, 0x0001, 0x0001, 0x0001, 0x0001, 0x0001,
0x0001, 0x0001, 0x0001, 0x0001, 0x0001, 0x0001, 0x0001, 0x0001, 0x0001, 0x0001, 0x0001, 0x0001, 0x0001, 0x0001, 0x0001, 0x0001,
0x0001, 0x0001, 0x0001, 0x0001, 0x0001, 0x0001, 0x0001, 0x0001, 0x0001, 0x0001, 0x0001, 0x0001, 0x0001, 0x0001, 0x0001, 0x0001,
0x0001, 0x0001, 0x0001, 0x0001, 0x0001, 0x0001, 0x0001, 0x0001, 0x0001, 0x0001, 0x0001, 0x0001, 0x0001, 0x0001, 0x0001, 0x0001,
0x0001, 0x0001, 0x0001, 0x0001, 0x0001, 0x0001, 0x0001, 0x0001, 0x0001, 0x0001, 0x0001, 0x0001, 0x0001, 0x0001, 0x0001, 0x0001,
0x0001, 0x0001, 0x0001, 0x0001, 0x0001, 0x0001, 0x0001, 0x0001, 0x0001, 0x0001, 0x0001, 0x0001, 0x0001, 0x0001, 0x0001, 0x0001,
0x0001, 0x0001, 0x0001, 0x0001, 0x0001, 0x0001, 0x0001, 0x0001, 0x0001, 0x0001, 0x0001, 0x0001, 0x0001, 0x0001, 0x0001, 0x0001,
0x0001, 0x0001, 0x0001, 0x0001, 0x0001, 0x0001, 0x0001, 0x0001, 0x0001, 0x0001, 0x0001, 0x0001, 0x0001, 0x0001, 0x0001, 0x0001,
0x0001, 0x0001, 0x0001, 0x0001, 0x0001, 0x0001, 0x0001, 0x0001, 0x0001, 0x0001, 0x0001, 0x0001, 0x0001, 0x0001, 0x0001, 0x0001,
0x0001, 0x0001, 0x0001, 0x0001, 0x0001, 0x0001, 0x0001, 0x0001, 0x0001, 0x0001, 0x0001, 0x0001, 0x0001, 0x0001, 0x0001, 0x0001,
0x0001, 0x0001, 0x0001, 0x0001, 0x0001, 0x0001, 0x0001, 0x0001, 0x0001, 0x0001, 0x0001, 0x0001, 0x0001, 0x0001, 0x0001, 0x0001,
0x0001, 0x0001, 0x0001, 0x0001, 0x0001, 0x0001, 0x0001, 0x0001, 0x0001, 0x0001, 0x0001, 0x0001, 0x0001, 0x0001, 0x0001, 0x0001,
0x0001, 0x0001, 0x0001, 0x0001, 0x0001, 0x0001, 0x0001, 0x0001, 0x0001, 0x0001, 0x0001, 0x0001, 0x0001, 0x0001, 0x0001, 0x0001,
0x0001, 0x0001, 0x0001, 0x0001, 0x0001, 0x0001, 0x0001, 0x0001, 0x0001, 0x0001, 0x0001, 0x0001, 0x0001, 0x0001, 0x0001, 0x0001,
0x0001, 0x0001, 0x0001, 0x0001, 0x0001, 0x0001, 0x0001, 0x0001, 0x0001, 0x0001, 0x0001, 0x0001, 0x0001, 0x0001, 0x0001, 0x0001,
0x0001, 0x0001, 0x0001, 0x0001, 0x0001, 0x0001, 0x0001, 0x0001, 0x0001, 0x0001, 0x0001, 0x0001, 0x0001, 0x0001, 0x0001, 0x0001,
0x0001, 0x0001, 0x0001, 0x0001, 0x0001, 0x0001, 0x0001, 0x0001, 0x0001, 0x0001, 0x0001, 0x0001, 0x0001, 0x0001, 0x0001, 0x0001,
0x0001, 0x0001, 0x0001, 0x0001, 0x0001, 0x0001, 0x0001, 0x0001, 0x0001, 0x0001, 0x0001, 0x0001, 0x0001, 0x0001, 0x0001, 0x0001,
0x0001, 0x0001, 0x0001, 0x0001, 0x0001, 0x0001, 0x0001, 0x0001, 0x0001, 0x0001, 0x0001, 0x0001, 0x0001, 0x0001, 0x0001, 0x0001,
0x0001, 0x0001, 0x0001, 0x0001, 0x0001, 0x0001, 0x0001, 0x0001, 0x0001, 0x0001, 0x0001, 0x0001, 0x0001, 0x0001, 0x0001, 0x0001,
0x0001, 0x0001, 0x0001, 0x0001, 0x0001, 0x0001, 0x0001, 0x0001, 0x0001, 0x0001, 0x0001, 0x0001, 0x0001, 0x0001, 0x0001, 0x0001,
0x0001, 0x0001, 0x0001, 0x0001, 0x0001, 0x0001, 0x0001, 0x0001, 0x0001, 0x0001, 0x0001, 0x0001, 0x0001, 0x0001, 0x0001, 0x0001,
0x0001, 0x0001, 0x0001, 0x0001, 0x0001, 0x0001, 0x0001, 0x0001, 0x0001, 0x0001, 0x0001, 0x0001, 0x0001, 0x0001, 0x0001, 0x0001,
0x0001, 0x0001, 0x0001, 0x0001, 0x0001, 0x0001, 0x0001, 0x0001, 0x0001, 0x0001, 0x0001, 0x0001, 0x0001, 0x0001, 0x0001, 0x0001,
0x0001, 0x0001, 0x0001, 0x0001, 0x0001, 0x0001, 0x0001, 0x0001, 0x0001, 0x0001, 0x0001, 0x0001, 0x0001, 0x0001, 0x0001, 0x0001,
0x0001, 0x0001, 0x0001, 0x0001, 0x0001, 0x0001, 0x0001, 0x0001, 0x0001, 0x0001, 0x0001, 0x0001, 0x0001, 0x0001, 0x0001, 0x0001,
0x0001, 0x0001, 0x0001, 0x0001, 0x0001, 0x0001, 0x0001, 0x0001, 0x0001, 0x0001, 0x0001, 0x0001, 0x0001, 0x0001, 0x0001, 0x0001,
0x0001, 0x0001, 0x0001, 0x0001, 0x0001, 0x0001, 0x0001, 0x0001, 0x0001, 0x0001, 0x0001, 0x0001, 0x0001, 0x0001, 0x0001, 0x0001,
0x0001, 0x0001, 0x0001, 0x0001, 0x0001, 0x0001, 0x0001, 0x0001, 0x0001, 0x0001, 0x0001, 0x0001, 0x0001, 0x0001, 0x0001, 0x0001,
0x0001, 0x0001, 0x0001, 0x0001, 0x0001, 0x0001, 0x0001, 0x0001, 0x0001, 0x0001, 0x0001, 0x0001, 0x0001, 0x0001, 0x0001, 0x0001,
0x0001, 0x0001, 0x0001, 0x0001, 0x0001, 0x0001, 0x0001, 0x0001, 0x0001, 0x0001, 0x0001, 0x0001, 0x0001, 0x0001, 0x0001, 0x0001,
0x0001, 0x0001, 0x0001, 0x0001, 0x0001, 0x0001, 0x0001, 0x0001, 0x0001, 0x0001, 0x0001, 0x0001, 0x0001, 0x0001, 0x0001, 0x0001,
0x0001, 0x0001, 0x0001, 0x0001, 0x0001, 0x0001, 0x0001, 0x0001, 0x0001, 0x0001, 0x0001, 0x0001, 0x0001, 0x0001, 0x0001, 0x0001,
0x0001, 0x0001, 0x0001, 0x0001, 0x0001, 0x0001, 0x0001, 0x0001, 0x0001, 0x0001, 0x0001, 0x0001, 0x0001, 0x0001, 0x0001, 0x0001,
0x0001, 0x0001, 0x0001, 0x0001, 0x0001, 0x0001, 0x0001, 0x0001, 0x0001, 0x0001, 0x0001, 0x0001, 0x0001, 0x0001, 0x0001, 0x0001,
0x0001, 0x0001, 0x0001, 0x0001, 0x0001, 0x0001, 0x0001, 0x0001, 0x0001, 0x0001, 0x0001, 0x0001, 0x0001, 0x0001, 0x0001, 0x0001,
0x0001, 0x0001, 0x0001, 0x0001, 0x0001, 0x0001, 0x0001, 0x0001, 0x0001, 0x0001, 0x0001, 0x0001, 0x0001, 0x0001, 0x0001, 0x0001,
0x0001, 0x0001, 0x0001, 0x0001, 0x0001, 0x0001, 0x0001, 0x0001, 0x0001, 0x0001, 0x0001, 0x0001, 0x0001, 0x0001, 0x0001, 0x0001,
0x0001, 0x0001, 0x0001, 0x0001, 0x0001, 0x0001, 0x0001, 0x0001, 0x0001, 0x0001, 0x0001, 0x0001, 0x0001, 0x0001, 0x0001, 0x0001,
0x0001, 0x0001, 0x0001, 0x0001, 0x0001, 0x0001, 0x0001, 0x0001, 0x0001, 0x0001, 0x0001, 0x0001, 0x0001, 0x0001, 0x0001, 0x0001,
0x0001, 0x0001, 0x0001, 0x0001, 0x0001, 0x0001, 0x0001, 0x0001, 0x0001, 0x0001, 0x0001, 0x0001, 0x0001, 0x0001, 0x0001, 0x0001,
0x0001, 0x0001, 0x0001, 0x0001, 0x0001, 0x0001, 0x0001, 0x0001, 0x0001, 0x0001, 0x0001, 0x0001, 0x0001, 0x0001, 0x0001, 0x0001,
0x0001, 0x0001, 0x0001, 0x0001, 0x0001, 0x0001, 0x0001, 0x0001, 0x0001, 0x0001, 0x0001, 0x0001, 0x0001, 0x0001, 0x0001, 0x0001,
0x0001, 0x0001, 0x0001, 0x0001, 0x0001, 0x0001, 0x0001, 0x0001, 0x0001, 0x0001, 0x0001, 0x0001, 0x0001, 0x0001, 0x0001, 0x0001,
0x0001, 0x0001, 0x0001, 0x0001, 0x0001, 0x0001, 0x0001, 0x0001, 0x0001, 0x0001, 0x0001, 0x0001, 0x0001, 0x0001, 0x0001, 0x0001,
0x0001, 0x0001, 0x0001, 0x0001, 0x0001, 0x0001, 0x0001, 0x0001, 0x0001, 0x0001, 0x0001, 0x0001, 0x0001, 0x0001, 0x0001, 0x0001,
0x0001, 0x0001, 0x0001, 0x0001, 0x0001, 0x0001, 0x0001, 0x0001, 0x0001, 0x0001, 0x0001, 0x0001, 0x0001, 0x0001, 0x0001, 0x0001,
0x0001, 0x0001, 0x0001, 0x0001, 0x0001, 0x0001, 0x0001, 0x0001, 0x0001, 0x0001, 0x0001, 0x0001, 0x0001, 0x0001, 0x0001, 0x0001,
0x0001, 0x0001, 0x0001, 0x0001, 0x0001, 0x0001, 0x0001, 0x0001, 0x0001, 0x0001, 0x0001, 0x0001, 0x0001, 0x0001, 0x0001, 0x0001,
0x0001, 0x0001, 0x0001, 0x0001, 0x0001, 0x0001, 0x0001, 0x0001, 0x0001, 0x0001, 0x0001, 0x0001, 0x0001, 0x0001, 0x0001, 0x0001,
0x0001, 0x0001, 0x0001, 0x0001, 0x0001, 0x0001, 0x0001, 0x0001, 0x0001, 0x0001, 0x0001, 0x0001, 0x0001, 0x0001, 0x0001, 0x0001,
0x0000, 0x0000, 0x0000, 0x0000, 0x0000, 0x0000, 0x0000, 0x0000, 0x0000, 0x0000, 0x0000, 0x0000, 0x0000, 0x0000, 0x0000, 0x0000,
0x0000, 0x0000, 0x0000, 0x0000, 0x0000, 0x0000, 0x0000, 0x0000, 0x0000, 0x0000, 0x0000, 0x0000, 0x0000, 0x0000, 0x0000, 0x0000,
0x0000, 0x0000, 0x0000, 0x0000, 0x0000, 0x0000, 0x0000, 0x0000, 0x0000, 0x0000, 0x0000, 0x0000, 0x0000, 0x0000, 0x0000, 0x0000,
0x0000, 0x0000, 0x0000, 0x0000, 0x0000, 0x0000, 0x0000, 0x0000, 0x0000, 0x0000, 0x0000, 0x0000, 0x0000, 0x0000, 0x0000, 0x0000,
0x0000, 0x0000, 0x0000, 0x0000, 0x0000, 0x0000, 0x0000, 0x0000, 0x0000, 0x0000, 0x0000, 0x0000, 0x0000, 0x0000, 0x0000, 0x0000,
0x0000, 0x0000, 0x0000, 0x0000, 0x0000, 0x0000, 0x0000, 0x0000, 0x0000, 0x0000, 0x0000, 0x0000, 0x0000, 0x0000, 0x0000, 0x0000,
0x0000, 0x0000, 0x0000, 0x0000, 0x0000, 0x0000, 0x0000, 0x0000, 0x0000, 0x0000, 0x0000, 0x0000, 0x0000, 0x0000, 0x0000, 0x0000,
0x0000, 0x0000, 0x0000, 0x0000, 0x0000, 0x0000, 0x0000, 0x0000, 0x0000, 0x0000, 0x0000, 0x0000, 0x0000, 0x0000, 0x0000, 0x0000,
0x0000, 0x0000, 0x0000, 0x0000, 0x0000, 0x0000, 0x0000, 0x0000, 0x0000, 0x0000, 0x0000, 0x0000, 0x0000, 0x0000, 0x0000, 0x0000,
0x0000, 0x0000, 0x0000, 0x0000, 0x0000, 0x0000, 0x0000, 0x0000, 0x0000, 0x0000, 0x0000, 0x0000, 0x0000, 0x0000, 0x0000, 0x0000,
0x0000, 0x0000, 0x0000, 0x0000, 0x0000, 0x0000, 0x0000, 0x0000, 0x0000, 0x0000, 0x0000, 0x0000, 0x0000, 0x0000, 0x0000, 0x0000,
0x0000, 0x0000, 0x0000, 0x0000, 0x0000, 0x0000, 0x0000, 0x0000, 0x0000, 0x0000, 0x0000, 0x0000, 0x0000, 0x0000, 0x0000, 0x0000,
0x0000, 0x0000, 0x0000, 0x0000, 0x0000, 0x0000, 0x0000, 0x0000, 0x0000, 0x0000, 0x0000, 0x0000, 0x0000, 0x0000, 0x0000, 0x0000,
0x0000, 0x0000, 0x0000, 0x0000, 0x0000, 0x0000, 0x0000, 0x0000, 0x0000, 0x0000, 0x0000, 0x0000, 0x0000, 0x0000, 0x0000, 0x0000,
0x0000, 0x0000, 0x0000, 0x0000, 0x0000, 0x0000, 0x0000, 0x0000, 0x0000, 0x0000, 0x0000, 0x0000, 0x0000, 0x0000, 0x0000, 0x0000,
0x0000, 0x0000, 0x0000, 0x0000, 0x0000, 0x0000, 0x0000, 0x0000, 0x0000, 0x0000, 0x0000, 0x0000, 0x0000, 0x0000, 0x0000, 0x0000,
0x0000, 0x0000, 0x0000, 0x0000, 0x0000, 0x0000, 0x0000, 0x0000, 0x0000, 0x0000, 0x0000, 0x0000, 0x0000, 0x0000, 0x0000, 0x0000,
0x0000, 0x0000, 0x0000, 0x0000, 0x0000, 0x0000, 0x0000, 0x0000, 0x0000, 0x0000, 0x0000, 0x0000, 0x0000, 0x0000, 0x0000, 0x0000,
0x0000, 0x0000, 0x0000, 0x0000, 0x0000, 0x0000, 0x0000, 0x0000, 0x0000, 0x0000, 0x0000, 0x0000, 0x0000, 0x0000, 0x0000, 0x0000,
0x0000, 0x0000, 0x0000, 0x0000, 0x0000, 0x0000, 0x0000, 0x0000, 0x0000, 0x0000, 0x0000, 0x0000, 0x0000, 0x0000, 0x0000, 0x0000,
0x0000, 0x0000, 0x0000, 0x0000, 0x0000, 0x0000, 0x0000, 0x0000, 0x0000, 0x0000, 0x0000, 0x0000, 0x0000, 0x0000, 0x0000, 0x0000,
0x0000, 0x0000, 0x0000, 0x0000, 0x0000, 0x0000, 0x0000, 0x0000, 0x0000, 0x0000, 0x0000, 0x0000, 0x0000, 0x0000, 0x0000, 0x0000,
0x0000, 0x0000, 0x0000, 0x0000, 0x0000, 0x0000, 0x0000, 0x0000, 0x0000, 0x0000, 0x0000, 0x0000, 0x0000, 0x0000, 0x0000, 0x0000,
0x0000, 0x0000, 0x0000, 0x0000, 0x0000, 0x0000, 0x0000, 0x0000, 0x0000, 0x0000, 0x0000, 0x0000, 0x0000, 0x0000, 0x0000, 0x0000,
0x0000, 0x0000, 0x0000, 0x0000, 0x0000, 0x0000, 0x0000, 0x0000, 0x0000, 0x0000, 0x0000, 0x0000, 0x0000, 0x0000, 0x0000, 0x0000,
0x0000, 0x0000, 0x0000, 0x0000, 0x0000, 0x0000, 0x0000, 0x0000, 0x0000, 0x0000, 0x0000, 0x0000, 0x0000, 0x0000, 0x0000, 0x0000,
0x0000, 0x0000, 0x0000, 0x0000, 0x0000, 0x0000, 0x0000, 0x0000, 0x0000, 0x0000, 0x0000, 0x0000, 0x0000, 0x0000, 0x0000, 0x0000,
0x0000, 0x0000, 0x0000, 0x0000, 0x0000, 0x0000, 0x0000, 0x0000, 0x0000, 0x0000, 0x0000, 0x0000, 0x0000, 0x0000, 0x0000, 0x0000,
0x0000, 0x0000, 0x0000, 0x0000, 0x0000, 0x0000, 0x0000, 0x0000, 0x0000, 0x0000, 0x0000, 0x0000, 0x0000, 0x0000, 0x0000, 0x0000,
0x0000, 0x0000, 0x0000, 0x0000, 0x0000, 0x0000, 0x0000, 0x0000, 0x0000, 0x0000, 0x0000, 0x0000, 0x0000, 0x0000, 0x0000, 0x0000,
0x0000, 0x0000, 0x0000, 0x0000, 0x0000, 0x0000, 0x0000, 0x0000, 0x0000, 0x0000, 0x0000, 0x0000, 0x0000, 0x0000, 0x0000, 0x0000,
0x0000, 0x0000, 0x0000, 0x0000, 0x0000, 0x0000, 0x0000, 0x0000, 0x0000, 0x0000, 0x0000, 0x0000, 0x0000, 0x0000, 0x0000, 0x0000,
0x0000, 0x0000, 0x0000, 0x0000, 0x0000, 0x0000, 0x0000, 0x0000, 0x0000, 0x0000, 0x0000, 0x0000, 0x0000, 0x0000, 0x0000, 0x0000,
0x0000, 0x0000, 0x0000, 0x0000, 0x0000, 0x0000, 0x0000, 0x0000, 0x0000, 0x0000, 0x0000, 0x0000, 0x0000, 0x0000, 0x0000, 0x0000,
0x0000, 0x0000, 0x0000, 0x0000, 0x0000, 0x0000, 0x0000, 0x0000, 0x0000, 0x0000, 0x0000, 0x0000, 0x0000, 0x0000, 0x0000, 0x0000,
0x0000, 0x0000, 0x0000, 0x0000, 0x0000, 0x0000, 0x0000, 0x0000, 0x0000, 0x0000, 0x0000, 0x0000, 0x0000, 0x0000, 0x0000, 0x0000,
0x0000, 0x0000, 0x0000, 0x0000, 0x0000, 0x0000, 0x0000, 0x0000, 0x0000, 0x0000, 0x0000, 0x0000, 0x0000, 0x0000, 0x0000, 0x0000,
0x0000, 0x0000, 0x0000, 0x0000, 0x0000, 0x0000, 0x0000, 0x0000, 0x0000, 0x0000, 0x0000, 0x0000, 0x0000, 0x0000, 0x0000, 0x0000,
0x0000, 0x0000, 0x0000, 0x0000, 0x0000, 0x0000, 0x0000, 0x0000, 0x0000, 0x0000, 0x0000, 0x0000, 0x0000, 0x0000, 0x0000, 0x0000,
0x0000, 0x0000, 0x0000, 0x0000, 0x0000, 0x0000, 0x0000, 0x0000, 0x0000, 0x0000, 0x0000, 0x0000, 0x0000, 0x0000, 0x0000, 0x0000,
0x0000, 0x0000, 0x0000, 0x0000, 0x0000, 0x0000, 0x0000, 0x0000, 0x0000, 0x0000, 0x0000, 0x0000, 0x0000, 0x0000, 0x0000, 0x0000,
0x0000, 0x0000, 0x0000, 0x0000, 0x0000, 0x0000, 0x0000, 0x0000, 0x0000, 0x0000, 0x0000, 0x0000, 0x0000, 0x0000, 0x0000, 0x0000,
0x0000, 0x0000, 0x0000, 0x0000, 0x0000, 0x0000, 0x0000, 0x0000, 0x0000, 0x0000, 0x0000, 0x0000, 0x0000, 0x0000, 0x0000, 0x0000,
0x0000, 0x0000, 0x0000, 0x0000, 0x0000, 0x0000, 0x0000, 0x0000, 0x0000, 0x0000, 0x0000, 0x0000, 0x0000, 0x0000, 0x0000, 0x0000,
0x0000, 0x0000, 0x0000, 0x0000, 0x0000, 0x0000, 0x0000, 0x0000, 0x0000, 0x0000, 0x0000, 0x0000, 0x0000, 0x0000, 0x0000, 0x0000,
0x0000, 0x0000, 0x0000, 0x0000, 0x0000, 0x0000, 0x0000, 0x0000, 0x0000, 0x0000, 0x0000, 0x0000, 0x0000, 0x0000, 0x0000, 0x0000,
0x0000, 0x0000, 0x0000, 0x0000, 0x0000, 0x0000, 0x0000, 0x0000, 0x0000, 0x0000, 0x0000, 0x0000, 0x0000, 0x0000, 0x0000, 0x0000,
0x0000, 0x0000, 0x0000, 0x0000, 0x0000, 0x0000, 0x0000, 0x0000, 0x0000, 0x0000, 0x0000, 0x0000, 0x0000, 0x0000, 0x0000, 0x0000,
0x0000, 0x0000, 0x0000, 0x0000, 0x0000, 0x0000, 0x0000, 0x0000, 0x0000, 0x0000, 0x0000, 0x0000, 0x0000, 0x0000, 0x0000, 0x0000,
0x0000, 0x0000, 0x0000, 0x0000, 0x0000, 0x0000, 0x0000, 0x0000, 0x0000, 0x0000, 0x0000, 0x0000, 0x0000, 0x0000, 0x0000, 0x0000,
0x0000, 0x0000, 0x0000, 0x0000, 0x0000, 0x0000, 0x0000, 0x0000, 0x0000, 0x0000, 0x0000, 0x0000, 0x0000, 0x0000, 0x0000, 0x0000,
0x0000, 0x0000, 0x0000, 0x0000, 0x0000, 0x0000, 0x0000, 0x0000, 0x0000, 0x0000, 0x0000, 0x0000, 0x0000, 0x0000, 0x0000, 0x0000,
0x0000, 0x0000, 0x0000, 0x0000, 0x0000, 0x0000, 0x0000, 0x0000, 0x0000, 0x0000, 0x0000, 0x0000, 0x0000, 0x0000, 0x0000, 0x0000,
0x0000, 0x0000, 0x0000, 0x0000, 0x0000, 0x0000, 0x0000, 0x0000, 0x0000, 0x0000, 0x0000, 0x0000, 0x0000, 0x0000, 0x0000, 0x0000,
0x0000, 0x0000, 0x0000, 0x0000, 0x0000, 0x0000, 0x0000, 0x0000, 0x0000, 0x0000, 0x0000, 0x0000, 0x0000, 0x0000, 0x0000, 0x0000,
0x0000, 0x0000, 0x0000, 0x0000, 0x0000, 0x0000, 0x0000, 0x0000, 0x0000, 0x0000, 0x0000, 0x0000, 0x0000, 0x0000, 0x0000, 0x0000,
0x0000, 0x0000, 0x0000, 0x0000, 0x0000, 0x0000, 0x0000, 0x0000, 0x0000, 0x0000, 0x0000, 0x0000, 0x0000, 0x0000, 0x0000, 0x0000,
0x0000, 0x0000, 0x0000, 0x0000, 0x0000, 0x0000, 0x0000, 0x0000, 0x0000, 0x0000, 0x0000, 0x0000, 0x0000, 0x0000, 0x0000, 0x0000,
0x0000, 0x0000, 0x0000, 0x0000, 0x0000, 0x0000, 0x0000, 0x0000, 0x0000, 0x0000, 0x0000, 0x0000, 0x0000, 0x0000, 0x0000, 0x0000,
0x0000, 0x0000, 0x0000, 0x0000, 0x0000, 0x0000, 0x0000, 0x0000, 0x0000, 0x0000, 0x0000, 0x0000, 0x0000, 0x0000, 0x0000, 0x0000,
0x0000, 0x0000, 0x0000, 0x0000, 0x0000, 0x0000, 0x0000, 0x0000, 0x0000, 0x0000, 0x0000, 0x0000, 0x0000, 0x0000, 0x0000, 0x0000,
0x0000, 0x0000, 0x0000, 0x0000, 0x0000, 0x0000, 0x0000, 0x0000, 0x0000, 0x0000, 0x0000, 0x0000, 0x0000, 0x0000, 0x0000, 0x0000,
0x0000, 0x0000, 0x0000, 0x0000, 0x0000, 0x0000, 0x0000, 0x0000, 0x0000, 0x0000, 0x0000, 0x0000, 0x0000, 0x0000, 0x0000, 0x0000,
0x0000, 0x0000, 0x0000, 0x0000, 0x0000, 0x0000, 0x0000, 0x0000, 0x0000, 0x0000, 0x0000, 0x0000, 0x0000, 0x0000, 0x0000, 0x0000,
0x0000, 0x0000, 0x0000, 0x0000, 0x0000, 0x0000, 0x0000, 0x0000, 0x0000, 0x0000, 0x0000, 0x0000, 0x0000, 0x0000, 0x0000, 0x0000,
0x0000, 0x0000, 0x0000, 0x0000, 0x0000, 0x0000, 0x0000, 0x0000, 0x0000, 0x0000, 0x0000, 0x0000, 0x0000, 0x0000, 0x0000, 0x0000,
0x0000, 0x0000, 0x0000, 0x0000, 0x0000, 0x0000, 0x0000, 0x0000, 0x0000, 0x0000, 0x0000, 0x0000, 0x0000, 0x0000, 0x0000, 0x0000,
0x0000, 0x0000, 0x0000, 0x0000, 0x0000, 0x0000, 0x0000, 0x0000, 0x0000, 0x0000, 0x0000, 0x0000, 0x0000, 0x0000, 0x0000, 0x0000,
0x0000, 0x0000, 0x0000, 0x0000, 0x0000, 0x0000, 0x0000, 0x0000, 0x0000, 0x0000, 0x0000, 0x0000, 0x0000, 0x0000, 0x0000, 0x0000,
0x0000, 0x0000, 0x0000, 0x0000, 0x0000, 0x0000, 0x0000, 0x0000, 0x0000, 0x0000, 0x0000, 0x0000, 0x0000, 0x0000, 0x0000, 0x0000,
0x0000, 0x0000, 0x0000, 0x0000, 0x0000, 0x0000, 0x0000, 0x0000, 0x0000, 0x0000, 0x0000, 0x0000, 0x0000, 0x0000, 0x0000, 0x0000,
0x0000, 0x0000, 0x0000, 0x0000, 0x0000, 0x0000, 0x0000, 0x0000, 0x0000, 0x0000, 0x0000, 0x0000, 0x0000, 0x0000, 0x0000, 0x0000,
0x0000, 0x0000, 0x0000, 0x0000, 0x0000, 0x0000, 0x0000, 0x0000, 0x0000, 0x0000, 0x0000, 0x0000, 0x0000, 0x0000, 0x0000, 0x0000,
0x0000, 0x0000, 0x0000, 0x0000, 0x0000, 0x0000, 0x0000, 0x0000, 0x0000, 0x0000, 0x0000, 0x0000, 0x0000, 0x0000, 0x0000, 0x0000,
0x0000, 0x0000, 0x0000, 0x0000, 0x0000, 0x0000, 0x0000, 0x0000, 0x0000, 0x0000, 0x0000, 0x0000, 0x0000, 0x0000, 0x0000, 0x0000,
0x0000, 0x0000, 0x0000, 0x0000, 0x0000, 0x0000, 0x0000, 0x0000, 0x0000, 0x0000, 0x0000, 0x0000, 0x0000, 0x0000, 0x0000, 0x0000,
0x0000, 0x0000, 0x0000, 0x0000, 0x0000, 0x0000, 0x0000, 0x0000, 0x0000, 0x0000, 0x0000, 0x0000, 0x0000, 0x0000, 0x0000, 0x0000,
0x0000, 0x0000, 0x0000, 0x0000, 0x0000, 0x0000, 0x0000, 0x0000, 0x0000, 0x0000, 0x0000, 0x0000, 0x0000, 0x0000, 0x0000, 0x0000,
0x0000, 0x0000, 0x0000, 0x0000, 0x0000, 0x0000, 0x0000, 0x0000, 0x0000, 0x0000, 0x0000, 0x0000, 0x0000, 0x0000, 0x0000, 0x0000,
0x0000, 0x0000, 0x0000, 0x0000, 0x0000, 0x0000, 0x0000, 0x0000, 0x0000, 0x0000, 0x0000, 0x0000, 0x0000, 0x0000, 0x0000, 0x0000,
0x0000, 0x0000, 0x0000, 0x0000, 0x0000, 0x0000, 0x0000, 0x0000, 0x0000, 0x0000, 0x0000, 0x0000, 0x0000, 0x0000, 0x0000, 0x0000,
0x0000, 0x0000, 0x0000, 0x0000, 0x0000, 0x0000, 0x0000, 0x0000, 0x0000, 0x0000, 0x0000, 0x0000, 0x0000, 0x0000, 0x0000, 0x0000,
0x0000, 0x0000, 0x0000, 0x0000, 0x0000, 0x0000, 0x0000, 0x0000, 0x0000, 0x0000, 0x0000, 0x0000, 0x0000, 0x0000, 0x0000, 0x0000,
0x0000, 0x0000, 0x0000, 0x0000, 0x0000, 0x0000, 0x0000, 0x0000, 0x0000, 0x0000, 0x0000, 0x0000, 0x0000, 0x0000, 0x0000, 0x0000,
0x0000, 0x0000, 0x0000, 0x0000, 0x0000, 0x0000, 0x0000, 0x0000, 0x0000, 0x0000, 0x0000, 0x0000, 0x0000, 0x0000, 0x0000, 0x0000,
0x0000, 0x0000, 0x0000, 0x0000, 0x0000, 0x0000, 0x0000, 0x0000, 0x0000, 0x0000, 0x0000, 0x0000, 0x0000, 0x0000, 0x0000, 0x0000,
0x0000, 0x0000, 0x0000, 0x0000, 0x0000, 0x0000, 0x0000, 0x0000, 0x0000, 0x0000, 0x0000, 0x0000, 0x0000, 0x0000, 0x0000, 0x0000,
0x0000, 0x0000, 0x0000, 0x0000, 0x0000, 0x0000, 0x0000, 0x0000, 0x0000, 0x0000, 0x0000, 0x0000, 0x0000, 0x0000, 0x0000, 0x0000,
0x0000, 0x0000, 0x0000, 0x0000, 0x0000, 0x0000, 0x0000, 0x0000, 0x0000, 0x0000, 0x0000, 0x0000, 0x0000, 0x0000, 0x0000, 0x0000,
0x0000, 0x0000, 0x0000, 0x0000, 0x0000, 0x0000, 0x0000, 0x0000, 0x0000, 0x0000, 0x0000, 0x0000, 0x0000, 0x0000, 0x0000, 0x0000,
0x0000, 0x0000, 0x0000, 0x0000, 0x0000, 0x0000, 0x0000, 0x0000, 0x0000, 0x0000, 0x0000, 0x0000, 0x0000, 0x0000, 0x0000, 0x0000,
0x0000, 0x0000, 0x0000, 0x0000, 0x0000, 0x0000, 0x0000, 0x0000, 0x0000, 0x0000, 0x0000, 0x0000, 0x0000, 0x0000, 0x0000, 0x0000,
0x0000, 0x0000, 0x0000, 0x0000, 0x0000, 0x0000, 0x0000, 0x0000, 0x0000, 0x0000, 0x0000, 0x0000, 0x0000, 0x0000, 0x0000, 0x0000,
0x0000, 0x0000, 0x0000, 0x0000, 0x0000, 0x0000, 0x0000, 0x0000, 0x0000, 0x0000, 0x0000, 0x0000, 0x0000, 0x0000, 0x0000, 0x0000,
0x0000, 0x0000, 0x0000, 0x0000, 0x0000, 0x0000, 0x0000, 0x0000, 0x0000, 0x0000, 0x0000, 0x0000, 0x0000, 0x0000, 0x0000, 0x0000,
0x0000, 0x0000, 0x0000, 0x0000, 0x0000, 0x0000, 0x0000, 0x0000, 0x0000, 0x0000, 0x0000, 0x0000, 0x0000, 0x0000, 0x0000, 0x0000,
0x0000, 0x0000, 0x0000, 0x0000, 0x0000, 0x0000, 0x0000, 0x0000, 0x0000, 0x0000, 0x0000, 0x0000, 0x0000, 0x0000, 0x0000, 0x0000,
0x0000, 0x0000, 0x0000, 0x0000, 0x0000, 0x0000, 0x0000, 0x0000, 0x0000, 0x0000, 0x0000, 0x0000, 0x0000, 0x0000, 0x0000, 0x0000,
0x0000, 0x0000, 0x0000, 0x0000, 0x0000, 0x0000, 0x0000, 0x0000, 0x0000, 0x0000, 0x0000, 0x0000, 0x0000, 0x0000, 0x0000, 0x0000,
0x0000, 0x0000, 0x0000, 0x0000, 0x0000, 0x0000, 0x0000, 0x0000, 0x0000, 0x0000, 0x0000, 0x0000, 0x0000, 0x0000, 0x0000, 0x0000,
0x0000, 0x0000, 0x0000, 0x0000, 0x0000, 0x0000, 0x0000, 0x0000, 0x0000, 0x0000, 0x0000, 0x0000, 0x0000, 0x0000, 0x0000, 0x0000,
0x0000, 0x0000, 0x0000, 0x0000, 0x0000, 0x0000, 0x0000, 0x0000, 0x0000, 0x0000, 0x0000, 0x0000, 0x0000, 0x0000, 0x0000, 0x0000,
0x0000, 0x0000, 0x0000, 0x0000, 0x0000, 0x0000, 0x0000, 0x0000, 0x0000, 0x0000, 0x0000, 0x0000, 0x0000, 0x0000, 0x0000, 0x0000,
0x0000, 0x0000, 0x0000, 0x0000, 0x0000, 0x0000, 0x0000, 0x0000, 0x0000, 0x0000, 0x0000, 0x0000, 0x0000, 0x0000, 0x0000, 0x0000,
0x0000, 0x0000, 0x0000, 0x0000, 0x0000, 0x0000, 0x0000, 0x0000, 0x0000, 0x0000, 0x0000, 0x0000, 0x0000, 0x0000, 0x0000, 0x0000,
0x0000, 0x0000, 0x0000, 0x0000, 0x0000, 0x0000, 0x0000, 0x0000, 0x0000, 0x0000, 0x0000, 0x0000, 0x0000, 0x0000, 0x0000, 0x0000,
0x0000, 0x0000, 0x0000, 0x0000, 0x0000, 0x0000, 0x0000, 0x0000, 0x0000, 0x0000, 0x0000, 0x0000, 0x0000, 0x0000, 0x0000, 0x0000,
0x0000, 0x0000, 0x0000, 0x0000, 0x0000, 0x0000, 0x0000, 0x0000, 0x0000, 0x0000, 0x0000, 0x0000, 0x0000, 0x0000, 0x0000, 0x0000,
0x0000, 0x0000, 0x0000, 0x0000, 0x0000, 0x0000, 0x0000, 0x0000, 0x0000, 0x0000, 0x0000, 0x0000, 0x0000, 0x0000, 0x0000, 0x0000,
0x0000, 0x0000, 0x0000, 0x0000, 0x0000, 0x0000, 0x0000, 0x0000, 0x0000, 0x0000, 0x0000, 0x0000, 0x0000, 0x0000, 0x0000, 0x0000,
0x0000, 0x0000, 0x0000, 0x0000, 0x0000, 0x0000, 0x0000, 0x0000, 0x0000, 0x0000, 0x0000, 0x0000, 0x0000, 0x0000, 0x0000, 0x0000,
0x0000, 0x0000, 0x0000, 0x0000, 0x0000, 0x0000, 0x0000, 0x0000, 0x0000, 0x0000, 0x0000, 0x0000, 0x0000, 0x0000, 0x0000, 0x0000,
0x0000, 0x0000, 0x0000, 0x0000, 0x0000, 0x0000, 0x0000, 0x0000, 0x0000, 0x0000, 0x0000, 0x0000, 0x0000, 0x0000, 0x0000, 0x0000,
0x0000, 0x0000, 0x0000, 0x0000, 0x0000, 0x0000, 0x0000, 0x0000, 0x0000, 0x0000, 0x0000, 0x0000, 0x0000, 0x0000, 0x0000, 0x0000,
0x0000, 0x0000, 0x0000, 0x0000, 0x0000, 0x0000, 0x0000, 0x0000, 0x0000, 0x0000, 0x0000, 0x0000, 0x0000, 0x0000, 0x0000, 0x0000,
0x0000, 0x0000, 0x0000, 0x0000, 0x0000, 0x0000, 0x0000, 0x0000, 0x0000, 0x0000, 0x0000, 0x0000, 0x0000, 0x0000, 0x0000, 0x0000,
0x0000, 0x0000, 0x0000, 0x0000, 0x0000, 0x0000, 0x0000, 0x0000, 0x0000, 0x0000, 0x0000, 0x0000, 0x0000, 0x0000, 0x0000, 0x0000,
0x0000, 0x0000, 0x0000, 0x0000, 0x0000, 0x0000, 0x0000, 0x0000, 0x0000, 0x0000, 0x0000, 0x0000, 0x0000, 0x0000, 0x0000, 0x0000,
0x0000, 0x0000, 0x0000, 0x0000, 0x0000, 0x0000, 0x0000, 0x0000, 0x0000, 0x0000, 0x0000, 0x0000, 0x0000, 0x0000, 0x0000, 0x0000,
0x0000, 0x0000, 0x0000, 0x0000, 0x0000, 0x0000, 0x0000, 0x0000, 0x0000, 0x0000, 0x0000, 0x0000, 0x0000, 0x0000, 0x0000, 0x0000,
0x0000, 0x0000, 0x0000, 0x0000, 0x0000, 0x0000, 0x0000, 0x0000, 0x0000, 0x0000, 0x0000, 0x0000, 0x0000, 0x0000, 0x0000, 0x0000,
0x0000, 0x0000, 0x0000, 0x0000, 0x0000, 0x0000, 0x0000, 0x0000, 0x0000, 0x0000, 0x0000, 0x0000, 0x0000, 0x0000, 0x0000, 0x0000,
0x0000, 0x0000, 0x0000, 0x0000, 0x0000, 0x0000, 0x0000, 0x0000, 0x0000, 0x0000, 0x0000, 0x0000, 0x0000, 0x0000, 0x0000, 0x0000,
0x0000, 0x0000, 0x0000, 0x0000, 0x0000, 0x0000, 0x0000, 0x0000, 0x0000, 0x0000, 0x0000, 0x0000, 0x0000, 0x0000, 0x0000, 0x0000,
0x0000, 0x0000, 0x0000, 0x0000, 0x0000, 0x0000, 0x0000, 0x0000, 0x0000, 0x0000, 0x0000, 0x0000, 0x0000, 0x0000, 0x0000, 0x0000,
0x0000, 0x0000, 0x0000, 0x0000, 0x0000, 0x0000, 0x0000, 0x0000, 0x0000, 0x0000, 0x0000, 0x0000, 0x0000, 0x0000, 0x0000, 0x0000,
0x0000, 0x0000, 0x0000, 0x0000, 0x0000, 0x0000, 0x0000, 0x0000, 0x0000, 0x0000, 0x0000, 0x0000, 0x0000, 0x0000, 0x0000, 0x0000,
0x0000, 0x0000, 0x0000, 0x0000, 0x0000, 0x0000, 0x0000, 0x0000, 0x0000, 0x0000, 0x0000, 0x0000, 0x0000, 0x0000, 0x0000, 0x0000
};

const uint32_t table_dx_exp_32[BRICK6_PICO_EXP32_SIZE] = {
0x00080000, 0x00080000, 0x00080000, 0x00080000, 0x00080000, 0x00080000, 0x00080000, 0x00080000,
0x00080000, 0x00080000, 0x00080000, 0x00080000, 0x00080000, 0x00080000, 0x00080000, 0x00080000,
0x00080000, 0x00080000, 0x00080000, 0x00080000, 0x00080000, 0x00080000, 0x00080000, 0x00082000,
0x00082000, 0x00082000, 0x00082000, 0x00082000, 0x00082000, 0x00082000, 0x00082000, 0x00082000,
0x00082000, 0x00082000, 0x00082000, 0x00082000, 0x00082000, 0x00082000, 0x00082000, 0x00082000,
0x00082000, 0x00082000, 0x00082000, 0x00082000, 0x00082000, 0x00084000, 0x00084000, 0x00084000,
0x00084000, 0x00084000, 0x00084000, 0x00084000, 0x00084000, 0x00084000, 0x00084000, 0x00084000,
0x00084000, 0x00084000, 0x00084000, 0x00084000, 0x00084000, 0x00084000, 0x00084000, 0x00084000,
0x00084000, 0x00084000, 0x00084000, 0x00086000, 0x00086000, 0x00086000, 0x00086000, 0x00086000,
0x00086000, 0x00086000, 0x00086000, 0x00086000, 0x00086000, 0x00086000, 0x00086000, 0x00086000,
0x00086000, 0x00086000, 0x00086000, 0x00086000, 0x00086000, 0x00086000, 0x00086000, 0x00086000,
0x00086000, 0x00088000, 0x00088000, 0x00088000, 0x00088000, 0x00088000, 0x00088000, 0x00088000,
0x00088000, 0x00088000, 0x00088000, 0x00088000, 0x00088000, 0x00088000, 0x00088000, 0x00088000,
0x00088000, 0x00088000, 0x00088000, 0x00088000, 0x00088000, 0x00088000, 0x00088000, 0x0008A000,
0x0008A000, 0x0008A000, 0x0008A000, 0x0008A000, 0x0008A000, 0x0008A000, 0x0008A000, 0x0008A000,
0x0008A000, 0x0008A000, 0x0008A000, 0x0008A000, 0x0008A000, 0x0008A000, 0x0008A000, 0x0008A000,
0x0008A000, 0x0008A000, 0x0008A000, 0x0008A000, 0x0008C000, 0x0008C000, 0x0008C000, 0x0008C000,
0x0008C000, 0x0008C000, 0x0008C000, 0x0008C000, 0x0008C000, 0x0008C000, 0x0008C000, 0x0008C000,
0x0008C000, 0x0008C000, 0x0008C000, 0x0008C000, 0x0008C000, 0x0008C000, 0x0008C000, 0x0008C000,
0x0008C000, 0x0008E000, 0x0008E000, 0x0008E000, 0x0008E000, 0x0008E000, 0x0008E000, 0x0008E000,
0x0008E000, 0x0008E000, 0x0008E000, 0x0008E000, 0x0008E000, 0x0008E000, 0x0008E000, 0x0008E000,
0x0008E000, 0x0008E000, 0x0008E000, 0x0008E000, 0x0008E000, 0x0008E000, 0x00090000, 0x00090000,
0x00090000, 0x00090000, 0x00090000, 0x00090000, 0x00090000, 0x00090000, 0x00090000, 0x00090000,
0x00090000, 0x00090000, 0x00090000, 0x00090000, 0x00090000, 0x00090000, 0x00090000, 0x00090000,
0x00090000, 0x00090000, 0x00092000, 0x00092000, 0x00092000, 0x00092000, 0x00092000, 0x00092000,
0x00092000, 0x00092000, 0x00092000, 0x00092000, 0x00092000, 0x00092000, 0x00092000, 0x00092000,
0x00092000, 0x00092000, 0x00092000, 0x00092000, 0x00092000, 0x00092000, 0x00094000, 0x00094000,
0x00094000, 0x00094000, 0x00094000, 0x00094000, 0x00094000, 0x00094000, 0x00094000, 0x00094000,
0x00094000, 0x00094000, 0x00094000, 0x00094000, 0x00094000, 0x00094000, 0x00094000, 0x00094000,
0x00094000, 0x00094000, 0x00096000, 0x00096000, 0x00096000, 0x00096000, 0x00096000, 0x00096000,
0x00096000, 0x00096000, 0x00096000, 0x00096000, 0x00096000, 0x00096000, 0x00096000, 0x00096000,
0x00096000, 0x00096000, 0x00096000, 0x00096000, 0x00096000, 0x00096000, 0x00098000, 0x00098000,
0x00098000, 0x00098000, 0x00098000, 0x00098000, 0x00098000, 0x00098000, 0x00098000, 0x00098000,
0x00098000, 0x00098000, 0x00098000, 0x00098000, 0x00098000, 0x00098000, 0x00098000, 0x00098000,
0x00098000, 0x0009A000, 0x0009A000, 0x0009A000, 0x0009A000, 0x0009A000, 0x0009A000, 0x0009A000,
0x0009A000, 0x0009A000, 0x0009A000, 0x0009A000, 0x0009A000, 0x0009A000, 0x0009A000, 0x0009A000,
0x0009A000, 0x0009A000, 0x0009A000, 0x0009A000, 0x0009C000, 0x0009C000, 0x0009C000, 0x0009C000,
0x0009C000, 0x0009C000, 0x0009C000, 0x0009C000, 0x0009C000, 0x0009C000, 0x0009C000, 0x0009C000,
0x0009C000, 0x0009C000, 0x0009C000, 0x0009C000, 0x0009C000, 0x0009C000, 0x0009C000, 0x0009E000,
0x0009E000, 0x0009E000, 0x0009E000, 0x0009E000, 0x0009E000, 0x0009E000, 0x0009E000, 0x0009E000,
0x0009E000, 0x0009E000, 0x0009E000, 0x0009E000, 0x0009E000, 0x0009E000, 0x0009E000, 0x0009E000,
0x0009E000, 0x0009E000, 0x000A0000, 0x000A0000, 0x000A0000, 0x000A0000, 0x000A0000, 0x000A0000,
0x000A0000, 0x000A0000, 0x000A0000, 0x000A0000, 0x000A0000, 0x000A0000, 0x000A0000, 0x000A0000,
0x000A0000, 0x000A0000, 0x000A0000, 0x000A0000, 0x000A2000, 0x000A2000, 0x000A2000, 0x000A2000,
0x000A2000, 0x000A2000, 0x000A2000, 0x000A2000, 0x000A2000, 0x000A2000, 0x000A2000, 0x000A2000,
0x000A2000, 0x000A2000, 0x000A2000, 0x000A2000, 0x000A2000, 0x000A2000, 0x000A4000, 0x000A4000,
0x000A4000, 0x000A4000, 0x000A4000, 0x000A4000, 0x000A4000, 0x000A4000, 0x000A4000, 0x000A4000,
0x000A4000, 0x000A4000, 0x000A4000, 0x000A4000, 0x000A4000, 0x000A4000, 0x000A4000, 0x000A4000,
0x000A6000, 0x000A6000, 0x000A6000, 0x000A6000, 0x000A6000, 0x000A6000, 0x000A6000, 0x000A6000,
0x000A6000, 0x000A6000, 0x000A6000, 0x000A6000, 0x000A6000, 0x000A6000, 0x000A6000, 0x000A6000,
0x000A6000, 0x000A6000, 0x000A8000, 0x000A8000, 0x000A8000, 0x000A8000, 0x000A8000, 0x000A8000,
0x000A8000, 0x000A8000, 0x000A8000, 0x000A8000, 0x000A8000, 0x000A8000, 0x000A8000, 0x000A8000,
0x000A8000, 0x000A8000, 0x000A8000, 0x000AA000, 0x000AA000, 0x000AA000, 0x000AA000, 0x000AA000,
0x000AA000, 0x000AA000, 0x000AA000, 0x000AA000, 0x000AA000, 0x000AA000, 0x000AA000, 0x000AA000,
0x000AA000, 0x000AA000, 0x000AA000, 0x000AA000, 0x000AC000, 0x000AC000, 0x000AC000, 0x000AC000,
0x000AC000, 0x000AC000, 0x000AC000, 0x000AC000, 0x000AC000, 0x000AC000, 0x000AC000, 0x000AC000,
0x000AC000, 0x000AC000, 0x000AC000, 0x000AC000, 0x000AC000, 0x000AC000, 0x000AE000, 0x000AE000,
0x000AE000, 0x000AE000, 0x000AE000, 0x000AE000, 0x000AE000, 0x000AE000, 0x000AE000, 0x000AE000,
0x000AE000, 0x000AE000, 0x000AE000, 0x000AE000, 0x000AE000, 0x000AE000, 0x000B0000, 0x000B0000,
0x000B0000, 0x000B0000, 0x000B0000, 0x000B0000, 0x000B0000, 0x000B0000, 0x000B0000, 0x000B0000,
0x000B0000, 0x000B0000, 0x000B0000, 0x000B0000, 0x000B0000, 0x000B0000, 0x000B0000, 0x000B2000,
0x000B2000, 0x000B2000, 0x000B2000, 0x000B2000, 0x000B2000, 0x000B2000, 0x000B2000, 0x000B2000,
0x000B2000, 0x000B2000, 0x000B2000, 0x000B2000, 0x000B2000, 0x000B2000, 0x000B2000, 0x000B2000,
0x000B4000, 0x000B4000, 0x000B4000, 0x000B4000, 0x000B4000, 0x000B4000, 0x000B4000, 0x000B4000,
0x000B4000, 0x000B4000, 0x000B4000, 0x000B4000, 0x000B4000, 0x000B4000, 0x000B4000, 0x000B4000,
0x000B6000, 0x000B6000, 0x000B6000, 0x000B6000, 0x000B6000, 0x000B6000, 0x000B6000, 0x000B6000,
0x000B6000, 0x000B6000, 0x000B6000, 0x000B6000, 0x000B6000, 0x000B6000, 0x000B6000, 0x000B6000,
0x000B8000, 0x000B8000, 0x000B8000, 0x000B8000, 0x000B8000, 0x000B8000, 0x000B8000, 0x000B8000,
0x000B8000, 0x000B8000, 0x000B8000, 0x000B8000, 0x000B8000, 0x000B8000, 0x000B8000, 0x000B8000,
0x000BA000, 0x000BA000, 0x000BA000, 0x000BA000, 0x000BA000, 0x000BA000, 0x000BA000, 0x000BA000,
0x000BA000, 0x000BA000, 0x000BA000, 0x000BA000, 0x000BA000, 0x000BA000, 0x000BA000, 0x000BA000,
0x000BC000, 0x000BC000, 0x000BC000, 0x000BC000, 0x000BC000, 0x000BC000, 0x000BC000, 0x000BC000,
0x000BC000, 0x000BC000, 0x000BC000, 0x000BC000, 0x000BC000, 0x000BC000, 0x000BC000, 0x000BC000,
0x000BE000, 0x000BE000, 0x000BE000, 0x000BE000, 0x000BE000, 0x000BE000, 0x000BE000, 0x000BE000,
0x000BE000, 0x000BE000, 0x000BE000, 0x000BE000, 0x000BE000, 0x000BE000, 0x000BE000, 0x000C0000,
0x000C0000, 0x000C0000, 0x000C0000, 0x000C0000, 0x000C0000, 0x000C0000, 0x000C0000, 0x000C0000,
0x000C0000, 0x000C0000, 0x000C0000, 0x000C0000, 0x000C0000, 0x000C0000, 0x000C2000, 0x000C2000,
0x000C2000, 0x000C2000, 0x000C2000, 0x000C2000, 0x000C2000, 0x000C2000, 0x000C2000, 0x000C2000,
0x000C2000, 0x000C2000, 0x000C2000, 0x000C2000, 0x000C2000, 0x000C4000, 0x000C4000, 0x000C4000,
0x000C4000, 0x000C4000, 0x000C4000, 0x000C4000, 0x000C4000, 0x000C4000, 0x000C4000, 0x000C4000,
0x000C4000, 0x000C4000, 0x000C4000, 0x000C4000, 0x000C6000, 0x000C6000, 0x000C6000, 0x000C6000,
0x000C6000, 0x000C6000, 0x000C6000, 0x000C6000, 0x000C6000, 0x000C6000, 0x000C6000, 0x000C6000,
0x000C6000, 0x000C6000, 0x000C6000, 0x000C8000, 0x000C8000, 0x000C8000, 0x000C8000, 0x000C8000,
0x000C8000, 0x000C8000, 0x000C8000, 0x000C8000, 0x000C8000, 0x000C8000, 0x000C8000, 0x000C8000,
0x000C8000, 0x000C8000, 0x000CA000, 0x000CA000, 0x000CA000, 0x000CA000, 0x000CA000, 0x000CA000,
0x000CA000, 0x000CA000, 0x000CA000, 0x000CA000, 0x000CA000, 0x000CA000, 0x000CA000, 0x000CA000,
0x000CA000, 0x000CC000, 0x000CC000, 0x000CC000, 0x000CC000, 0x000CC000, 0x000CC000, 0x000CC000,
0x000CC000, 0x000CC000, 0x000CC000, 0x000CC000, 0x000CC000, 0x000CC000, 0x000CC000, 0x000CE000,
0x000CE000, 0x000CE000, 0x000CE000, 0x000CE000, 0x000CE000, 0x000CE000, 0x000CE000, 0x000CE000,
0x000CE000, 0x000CE000, 0x000CE000, 0x000CE000, 0x000CE000, 0x000D0000, 0x000D0000, 0x000D0000,
0x000D0000, 0x000D0000, 0x000D0000, 0x000D0000, 0x000D0000, 0x000D0000, 0x000D0000, 0x000D0000,
0x000D0000, 0x000D0000, 0x000D0000, 0x000D2000, 0x000D2000, 0x000D2000, 0x000D2000, 0x000D2000,
0x000D2000, 0x000D2000, 0x000D2000, 0x000D2000, 0x000D2000, 0x000D2000, 0x000D2000, 0x000D2000,
0x000D2000, 0x000D4000, 0x000D4000, 0x000D4000, 0x000D4000, 0x000D4000, 0x000D4000, 0x000D4000,
0x000D4000, 0x000D4000, 0x000D4000, 0x000D4000, 0x000D4000, 0x000D4000, 0x000D4000, 0x000D6000,
0x000D6000, 0x000D6000, 0x000D6000, 0x000D6000, 0x000D6000, 0x000D6000, 0x000D6000, 0x000D6000,
0x000D6000, 0x000D6000, 0x000D6000, 0x000D6000, 0x000D6000, 0x000D8000, 0x000D8000, 0x000D8000,
0x000D8000, 0x000D8000, 0x000D8000, 0x000D8000, 0x000D8000, 0x000D8000, 0x000D8000, 0x000D8000,
0x000D8000, 0x000D8000, 0x000D8000, 0x000DA000, 0x000DA000, 0x000DA000, 0x000DA000, 0x000DA000,
0x000DA000, 0x000DA000, 0x000DA000, 0x000DA000, 0x000DA000, 0x000DA000, 0x000DA000, 0x000DA000,
0x000DC000, 0x000DC000, 0x000DC000, 0x000DC000, 0x000DC000, 0x000DC000, 0x000DC000, 0x000DC000,
0x000DC000, 0x000DC000, 0x000DC000, 0x000DC000, 0x000DC000, 0x000DC000, 0x000DE000, 0x000DE000,
0x000DE000, 0x000DE000, 0x000DE000, 0x000DE000, 0x000DE000, 0x000DE000, 0x000DE000, 0x000DE000,
0x000DE000, 0x000DE000, 0x000DE000, 0x000E0000, 0x000E0000, 0x000E0000, 0x000E0000, 0x000E0000,
0x000E0000, 0x000E0000, 0x000E0000, 0x000E0000, 0x000E0000, 0x000E0000, 0x000E0000, 0x000E0000,
0x000E2000, 0x000E2000, 0x000E2000, 0x000E2000, 0x000E2000, 0x000E2000, 0x000E2000, 0x000E2000,
0x000E2000, 0x000E2000, 0x000E2000, 0x000E2000, 0x000E2000, 0x000E4000, 0x000E4000, 0x000E4000,
0x000E4000, 0x000E4000, 0x000E4000, 0x000E4000, 0x000E4000, 0x000E4000, 0x000E4000, 0x000E4000,
0x000E4000, 0x000E4000, 0x000E6000, 0x000E6000, 0x000E6000, 0x000E6000, 0x000E6000, 0x000E6000,
0x000E6000, 0x000E6000, 0x000E6000, 0x000E6000, 0x000E6000, 0x000E6000, 0x000E6000, 0x000E8000,
0x000E8000, 0x000E8000, 0x000E8000, 0x000E8000, 0x000E8000, 0x000E8000, 0x000E8000, 0x000E8000,
0x000E8000, 0x000E8000, 0x000E8000, 0x000EA000, 0x000EA000, 0x000EA000, 0x000EA000, 0x000EA000,
0x000EA000, 0x000EA000, 0x000EA000, 0x000EA000, 0x000EA000, 0x000EA000, 0x000EA000, 0x000EA000,
0x000EC000, 0x000EC000, 0x000EC000, 0x000EC000, 0x000EC000, 0x000EC000, 0x000EC000, 0x000EC000,
0x000EC000, 0x000EC000, 0x000EC000, 0x000EC000, 0x000EE000, 0x000EE000, 0x000EE000, 0x000EE000,
0x000EE000, 0x000EE000, 0x000EE000, 0x000EE000, 0x000EE000, 0x000EE000, 0x000EE000, 0x000EE000,
0x000EE000, 0x000F0000, 0x000F0000, 0x000F0000, 0x000F0000, 0x000F0000, 0x000F0000, 0x000F0000,
0x000F0000, 0x000F0000, 0x000F0000, 0x000F0000, 0x000F0000, 0x000F2000, 0x000F2000, 0x000F2000,
0x000F2000, 0x000F2000, 0x000F2000, 0x000F2000, 0x000F2000, 0x000F2000, 0x000F2000, 0x000F2000,
0x000F2000, 0x000F4000, 0x000F4000, 0x000F4000, 0x000F4000, 0x000F4000, 0x000F4000, 0x000F4000,
0x000F4000, 0x000F4000, 0x000F4000, 0x000F4000, 0x000F4000, 0x000F6000, 0x000F6000, 0x000F6000,
0x000F6000, 0x000F6000, 0x000F6000, 0x000F6000, 0x000F6000, 0x000F6000, 0x000F6000, 0x000F6000,
0x000F6000, 0x000F8000, 0x000F8000, 0x000F8000, 0x000F8000, 0x000F8000, 0x000F8000, 0x000F8000,
0x000F8000, 0x000F8000, 0x000F8000, 0x000F8000, 0x000F8000, 0x000FA000, 0x000FA000, 0x000FA000,
0x000FA000, 0x000FA000, 0x000FA000, 0x000FA000, 0x000FA000, 0x000FA000, 0x000FA000, 0x000FA000,
0x000FA000, 0x000FC000, 0x000FC000, 0x000FC000, 0x000FC000, 0x000FC000, 0x000FC000, 0x000FC000,
0x000FC000, 0x000FC000, 0x000FC000, 0x000FC000, 0x000FC000, 0x000FE000, 0x000FE000, 0x000FE000,
0x000FE000, 0x000FE000, 0x000FE000, 0x000FE000, 0x000FE000, 0x000FE000, 0x000FE000, 0x000FE000,
0x00100000, 0x00100000, 0x00100000, 0x00100000, 0x00100000, 0x00100000, 0x00100000, 0x00100000,
0x00100000, 0x00100000, 0x00100000, 0x00102000, 0x00102000, 0x00102000, 0x00102000, 0x00102000,
0x00102000, 0x00102000, 0x00102000, 0x00102000, 0x00102000, 0x00102000, 0x00102000, 0x00104000,
0x00104000, 0x00104000, 0x00104000, 0x00104000, 0x00104000, 0x00104000, 0x00104000, 0x00104000,
0x00104000, 0x00104000, 0x00106000, 0x00106000, 0x00106000, 0x00106000, 0x00106000, 0x00106000,
0x00106000, 0x00106000, 0x00106000, 0x00106000, 0x00106000, 0x00108000, 0x00108000, 0x00108000,
0x00108000, 0x00108000, 0x00108000, 0x00108000, 0x00108000, 0x00108000, 0x00108000, 0x00108000,
0x0010A000, 0x0010A000, 0x0010A000, 0x0010A000, 0x0010A000, 0x0010A000, 0x0010A000, 0x0010A000,
0x0010A000, 0x0010A000, 0x0010A000, 0x0010C000, 0x0010C000, 0x0010C000, 0x0010C000, 0x0010C000,
0x0010C000, 0x0010C000, 0x0010C000, 0x0010C000, 0x0010C000, 0x0010C000, 0x0010E000, 0x0010E000,
0x0010E000, 0x0010E000, 0x0010E000, 0x0010E000, 0x0010E000, 0x0010E000, 0x0010E000, 0x0010E000,
0x0010E000, 0x00110000, 0x00110000, 0x00110000, 0x00110000, 0x00110000, 0x00110000, 0x00110000,
0x00110000, 0x00110000, 0x00110000, 0x00110000, 0x00112000, 0x00112000, 0x00112000, 0x00112000,
0x00112000, 0x00112000, 0x00112000, 0x00112000, 0x00112000, 0x00112000, 0x00112000, 0x00114000,
0x00114000, 0x00114000, 0x00114000, 0x00114000, 0x00114000, 0x00114000, 0x00114000, 0x00114000,
0x00114000, 0x00114000, 0x00116000, 0x00116000, 0x00116000, 0x00116000, 0x00116000, 0x00116000,
0x00116000, 0x00116000, 0x00116000, 0x00116000, 0x00118000, 0x00118000, 0x00118000, 0x00118000,
0x00118000, 0x00118000, 0x00118000, 0x00118000, 0x00118000, 0x00118000, 0x00118000, 0x0011A000,
0x0011A000, 0x0011A000, 0x0011A000, 0x0011A000, 0x0011A000, 0x0011A000, 0x0011A000, 0x0011A000,
0x0011A000, 0x0011C000, 0x0011C000, 0x0011C000, 0x0011C000, 0x0011C000, 0x0011C000, 0x0011C000,
0x0011C000, 0x0011C000, 0x0011C000, 0x0011C000, 0x0011E000, 0x0011E000, 0x0011E000, 0x0011E000,
0x0011E000, 0x0011E000, 0x0011E000, 0x0011E000, 0x0011E000, 0x0011E000, 0x00120000, 0x00120000,
0x00120000, 0x00120000, 0x00120000, 0x00120000, 0x00120000, 0x00120000, 0x00120000, 0x00120000,
0x00122000, 0x00122000, 0x00122000, 0x00122000, 0x00122000, 0x00122000, 0x00122000, 0x00122000,
0x00122000, 0x00122000, 0x00124000, 0x00124000, 0x00124000, 0x00124000, 0x00124000, 0x00124000,
0x00124000, 0x00124000, 0x00124000, 0x00124000, 0x00126000, 0x00126000, 0x00126000, 0x00126000,
0x00126000, 0x00126000, 0x00126000, 0x00126000, 0x00126000, 0x00126000, 0x00128000, 0x00128000,
0x00128000, 0x00128000, 0x00128000, 0x00128000, 0x00128000, 0x00128000, 0x00128000, 0x00128000,
0x0012A000, 0x0012A000, 0x0012A000, 0x0012A000, 0x0012A000, 0x0012A000, 0x0012A000, 0x0012A000,
0x0012A000, 0x0012A000, 0x0012C000, 0x0012C000, 0x0012C000, 0x0012C000, 0x0012C000, 0x0012C000,
0x0012C000, 0x0012C000, 0x0012C000, 0x0012C000, 0x0012E000, 0x0012E000, 0x0012E000, 0x0012E000,
0x0012E000, 0x0012E000, 0x0012E000, 0x0012E000, 0x0012E000, 0x0012E000, 0x00130000, 0x00130000,
0x00130000, 0x00130000, 0x00130000, 0x00130000, 0x00130000, 0x00130000, 0x00130000, 0x00132000,
0x00132000, 0x00132000, 0x00132000, 0x00132000, 0x00132000, 0x00132000, 0x00132000, 0x00132000,
0x00132000, 0x00134000, 0x00134000, 0x00134000, 0x00134000, 0x00134000, 0x00134000, 0x00134000,
0x00134000, 0x00134000, 0x00134000, 0x00136000, 0x00136000, 0x00136000, 0x00136000, 0x00136000,
0x00136000, 0x00136000, 0x00136000, 0x00136000, 0x00138000, 0x00138000, 0x00138000, 0x00138000,
0x00138000, 0x00138000, 0x00138000, 0x00138000, 0x00138000, 0x00138000, 0x0013A000, 0x0013A000,
0x0013A000, 0x0013A000, 0x0013A000, 0x0013A000, 0x0013A000, 0x0013A000, 0x0013A000, 0x0013C000,
0x0013C000, 0x0013C000, 0x0013C000, 0x0013C000, 0x0013C000, 0x0013C000, 0x0013C000, 0x0013C000,
0x0013E000, 0x0013E000, 0x0013E000, 0x0013E000, 0x0013E000, 0x0013E000, 0x0013E000, 0x0013E000,
0x0013E000, 0x0013E000, 0x00140000, 0x00140000, 0x00140000, 0x00140000, 0x00140000, 0x00140000,
0x00140000, 0x00140000, 0x00140000, 0x00142000, 0x00142000, 0x00142000, 0x00142000, 0x00142000,
0x00142000, 0x00142000, 0x00142000, 0x00142000, 0x00144000, 0x00144000, 0x00144000, 0x00144000,
0x00144000, 0x00144000, 0x00144000, 0x00144000, 0x00144000, 0x00146000, 0x00146000, 0x00146000,
0x00146000, 0x00146000, 0x00146000, 0x00146000, 0x00146000, 0x00146000, 0x00148000, 0x00148000,
0x00148000, 0x00148000, 0x00148000, 0x00148000, 0x00148000, 0x00148000, 0x00148000, 0x0014A000,
0x0014A000, 0x0014A000, 0x0014A000, 0x0014A000, 0x0014A000, 0x0014A000, 0x0014A000, 0x0014A000,
0x0014C000, 0x0014C000, 0x0014C000, 0x0014C000, 0x0014C000, 0x0014C000, 0x0014C000, 0x0014C000,
0x0014C000, 0x0014E000, 0x0014E000, 0x0014E000, 0x0014E000, 0x0014E000, 0x0014E000, 0x0014E000,
0x0014E000, 0x0014E000, 0x00150000, 0x00150000, 0x00150000, 0x00150000, 0x00150000, 0x00150000,
0x00150000, 0x00150000, 0x00152000, 0x00152000, 0x00152000, 0x00152000, 0x00152000, 0x00152000,
0x00152000, 0x00152000, 0x00152000, 0x00154000, 0x00154000, 0x00154000, 0x00154000, 0x00154000,
0x00154000, 0x00154000, 0x00154000, 0x00154000, 0x00156000, 0x00156000, 0x00156000, 0x00156000,
0x00156000, 0x00156000, 0x00156000, 0x00156000, 0x00158000, 0x00158000, 0x00158000, 0x00158000,
0x00158000, 0x00158000, 0x00158000, 0x00158000, 0x00158000, 0x0015A000, 0x0015A000, 0x0015A000,
0x0015A000, 0x0015A000, 0x0015A000, 0x0015A000, 0x0015A000, 0x0015A000, 0x0015C000, 0x0015C000,
0x0015C000, 0x0015C000, 0x0015C000, 0x0015C000, 0x0015C000, 0x0015C000, 0x0015E000, 0x0015E000,
0x0015E000, 0x0015E000, 0x0015E000, 0x0015E000, 0x0015E000, 0x0015E000, 0x00160000, 0x00160000,
0x00160000, 0x00160000, 0x00160000, 0x00160000, 0x00160000, 0x00160000, 0x00160000, 0x00162000,
0x00162000, 0x00162000, 0x00162000, 0x00162000, 0x00162000, 0x00162000, 0x00162000, 0x00164000,
0x00164000, 0x00164000, 0x00164000, 0x00164000, 0x00164000, 0x00164000, 0x00164000, 0x00166000,
0x00166000, 0x00166000, 0x00166000, 0x00166000, 0x00166000, 0x00166000, 0x00166000, 0x00166000,
0x00168000, 0x00168000, 0x00168000, 0x00168000, 0x00168000, 0x00168000, 0x00168000, 0x00168000,
0x0016A000, 0x0016A000, 0x0016A000, 0x0016A000, 0x0016A000, 0x0016A000, 0x0016A000, 0x0016A000,
0x0016C000, 0x0016C000, 0x0016C000, 0x0016C000, 0x0016C000, 0x0016C000, 0x0016C000, 0x0016C000,
0x0016E000, 0x0016E000, 0x0016E000, 0x0016E000, 0x0016E000, 0x0016E000, 0x0016E000, 0x0016E000,
0x00170000, 0x00170000, 0x00170000, 0x00170000, 0x00170000, 0x00170000, 0x00170000, 0x00170000,
0x00172000, 0x00172000, 0x00172000, 0x00172000, 0x00172000, 0x00172000, 0x00172000, 0x00172000,
0x00174000, 0x00174000, 0x00174000, 0x00174000, 0x00174000, 0x00174000, 0x00174000, 0x00174000,
0x00176000, 0x00176000, 0x00176000, 0x00176000, 0x00176000, 0x00176000, 0x00176000, 0x00176000,
0x00178000, 0x00178000, 0x00178000, 0x00178000, 0x00178000, 0x00178000, 0x00178000, 0x00178000,
0x0017A000, 0x0017A000, 0x0017A000, 0x0017A000, 0x0017A000, 0x0017A000, 0x0017A000, 0x0017A000,
0x0017C000, 0x0017C000, 0x0017C000, 0x0017C000, 0x0017C000, 0x0017C000, 0x0017C000, 0x0017E000,
0x0017E000, 0x0017E000, 0x0017E000, 0x0017E000, 0x0017E000, 0x0017E000, 0x0017E000, 0x00180000,
0x00180000, 0x00180000, 0x00180000, 0x00180000, 0x00180000, 0x00180000, 0x00180000, 0x00182000,
0x00182000, 0x00182000, 0x00182000, 0x00182000, 0x00182000, 0x00182000, 0x00184000, 0x00184000,
0x00184000, 0x00184000, 0x00184000, 0x00184000, 0x00184000, 0x00184000, 0x00186000, 0x00186000,
0x00186000, 0x00186000, 0x00186000, 0x00186000, 0x00186000, 0x00188000, 0x00188000, 0x00188000,
0x00188000, 0x00188000, 0x00188000, 0x00188000, 0x00188000, 0x0018A000, 0x0018A000, 0x0018A000,
0x0018A000, 0x0018A000, 0x0018A000, 0x0018A000, 0x0018C000, 0x0018C000, 0x0018C000, 0x0018C000,
0x0018C000, 0x0018C000, 0x0018C000, 0x0018C000, 0x0018E000, 0x0018E000, 0x0018E000, 0x0018E000,
0x0018E000, 0x0018E000, 0x0018E000, 0x00190000, 0x00190000, 0x00190000, 0x00190000, 0x00190000,
0x00190000, 0x00190000, 0x00190000, 0x00192000, 0x00192000, 0x00192000, 0x00192000, 0x00192000,
0x00192000, 0x00192000, 0x00194000, 0x00194000, 0x00194000, 0x00194000, 0x00194000, 0x00194000,
0x00194000, 0x00196000, 0x00196000, 0x00196000, 0x00196000, 0x00196000, 0x00196000, 0x00196000,
0x00196000, 0x00198000, 0x00198000, 0x00198000, 0x00198000, 0x00198000, 0x00198000, 0x00198000,
0x0019A000, 0x0019A000, 0x0019A000, 0x0019A000, 0x0019A000, 0x0019A000, 0x0019A000, 0x0019C000,
0x0019C000, 0x0019C000, 0x0019C000, 0x0019C000, 0x0019C000, 0x0019C000, 0x0019E000, 0x0019E000,
0x0019E000, 0x0019E000, 0x0019E000, 0x0019E000, 0x0019E000, 0x001A0000, 0x001A0000, 0x001A0000,
0x001A0000, 0x001A0000, 0x001A0000, 0x001A0000, 0x001A2000, 0x001A2000, 0x001A2000, 0x001A2000,
0x001A2000, 0x001A2000, 0x001A2000, 0x001A4000, 0x001A4000, 0x001A4000, 0x001A4000, 0x001A4000,
0x001A4000, 0x001A4000, 0x001A6000, 0x001A6000, 0x001A6000, 0x001A6000, 0x001A6000, 0x001A6000,
0x001A6000, 0x001A8000, 0x001A8000, 0x001A8000, 0x001A8000, 0x001A8000, 0x001A8000, 0x001A8000,
0x001AA000, 0x001AA000, 0x001AA000, 0x001AA000, 0x001AA000, 0x001AA000, 0x001AA000, 0x001AC000,
0x001AC000, 0x001AC000, 0x001AC000, 0x001AC000, 0x001AC000, 0x001AC000, 0x001AE000, 0x001AE000,
0x001AE000, 0x001AE000, 0x001AE000, 0x001AE000, 0x001AE000, 0x001B0000, 0x001B0000, 0x001B0000,
0x001B0000, 0x001B0000, 0x001B0000, 0x001B0000, 0x001B2000, 0x001B2000, 0x001B2000, 0x001B2000,
0x001B2000, 0x001B2000, 0x001B2000, 0x001B4000, 0x001B4000, 0x001B4000, 0x001B4000, 0x001B4000,
0x001B4000, 0x001B6000, 0x001B6000, 0x001B6000, 0x001B6000, 0x001B6000, 0x001B6000, 0x001B6000,
0x001B8000, 0x001B8000, 0x001B8000, 0x001B8000, 0x001B8000, 0x001B8000, 0x001B8000, 0x001BA000,
0x001BA000, 0x001BA000, 0x001BA000, 0x001BA000, 0x001BA000, 0x001BA000, 0x001BC000, 0x001BC000,
0x001BC000, 0x001BC000, 0x001BC000, 0x001BC000, 0x001BE000, 0x001BE000, 0x001BE000, 0x001BE000,
0x001BE000, 0x001BE000, 0x001BE000, 0x001C0000, 0x001C0000, 0x001C0000, 0x001C0000, 0x001C0000,
0x001C0000, 0x001C2000, 0x001C2000, 0x001C2000, 0x001C2000, 0x001C2000, 0x001C2000, 0x001C2000,
0x001C4000, 0x001C4000, 0x001C4000, 0x001C4000, 0x001C4000, 0x001C4000, 0x001C6000, 0x001C6000,
0x001C6000, 0x001C6000, 0x001C6000, 0x001C6000, 0x001C6000, 0x001C8000, 0x001C8000, 0x001C8000,
0x001C8000, 0x001C8000, 0x001C8000, 0x001CA000, 0x001CA000, 0x001CA000, 0x001CA000, 0x001CA000,
0x001CA000, 0x001CA000, 0x001CC000, 0x001CC000, 0x001CC000, 0x001CC000, 0x001CC000, 0x001CC000,
0x001CE000, 0x001CE000, 0x001CE000, 0x001CE000, 0x001CE000, 0x001CE000, 0x001CE000, 0x001D0000,
0x001D0000, 0x001D0000, 0x001D0000, 0x001D0000, 0x001D0000, 0x001D2000, 0x001D2000, 0x001D2000,
0x001D2000, 0x001D2000, 0x001D2000, 0x001D4000, 0x001D4000, 0x001D4000, 0x001D4000, 0x001D4000,
0x001D4000, 0x001D4000, 0x001D6000, 0x001D6000, 0x001D6000, 0x001D6000, 0x001D6000, 0x001D6000,
0x001D8000, 0x001D8000, 0x001D8000, 0x001D8000, 0x001D8000, 0x001D8000, 0x001DA000, 0x001DA000,
0x001DA000, 0x001DA000, 0x001DA000, 0x001DA000, 0x001DC000, 0x001DC000, 0x001DC000, 0x001DC000,
0x001DC000, 0x001DC000, 0x001DC000, 0x001DE000, 0x001DE000, 0x001DE000, 0x001DE000, 0x001DE000,
0x001DE000, 0x001E0000, 0x001E0000, 0x001E0000, 0x001E0000, 0x001E0000, 0x001E0000, 0x001E2000,
0x001E2000, 0x001E2000, 0x001E2000, 0x001E2000, 0x001E2000, 0x001E4000, 0x001E4000, 0x001E4000,
0x001E4000, 0x001E4000, 0x001E4000, 0x001E6000, 0x001E6000, 0x001E6000, 0x001E6000, 0x001E6000,
0x001E6000, 0x001E8000, 0x001E8000, 0x001E8000, 0x001E8000, 0x001E8000, 0x001E8000, 0x001EA000,
0x001EA000, 0x001EA000, 0x001EA000, 0x001EA000, 0x001EA000, 0x001EC000, 0x001EC000, 0x001EC000,
0x001EC000, 0x001EC000, 0x001EC000, 0x001EE000, 0x001EE000, 0x001EE000, 0x001EE000, 0x001EE000,
0x001EE000, 0x001F0000, 0x001F0000, 0x001F0000, 0x001F0000, 0x001F0000, 0x001F0000, 0x001F2000,
0x001F2000, 0x001F2000, 0x001F2000, 0x001F2000, 0x001F2000, 0x001F4000, 0x001F4000, 0x001F4000,
0x001F4000, 0x001F4000, 0x001F4000, 0x001F6000, 0x001F6000, 0x001F6000, 0x001F6000, 0x001F6000,
0x001F6000, 0x001F8000, 0x001F8000, 0x001F8000, 0x001F8000, 0x001F8000, 0x001F8000, 0x001FA000,
0x001FA000, 0x001FA000, 0x001FA000, 0x001FA000, 0x001FA000, 0x001FC000, 0x001FC000, 0x001FC000,
0x001FC000, 0x001FC000, 0x001FE000, 0x001FE000, 0x001FE000, 0x001FE000, 0x001FE000, 0x001FE000,
0x00200000, 0x00200000, 0x00200000, 0x00200000, 0x00200000, 0x00200000, 0x00202000, 0x00202000,
0x00202000, 0x00202000, 0x00202000, 0x00204000, 0x00204000, 0x00204000, 0x00204000, 0x00204000,
0x00204000, 0x00206000, 0x00206000, 0x00206000, 0x00206000, 0x00206000, 0x00206000, 0x00208000,
0x00208000, 0x00208000, 0x00208000, 0x00208000, 0x0020A000, 0x0020A000, 0x0020A000, 0x0020A000,
0x0020A000, 0x0020A000, 0x0020C000, 0x0020C000, 0x0020C000, 0x0020C000, 0x0020C000, 0x0020C000,
0x0020E000, 0x0020E000, 0x0020E000, 0x0020E000, 0x0020E000, 0x00210000, 0x00210000, 0x00210000,
0x00210000, 0x00210000, 0x00210000, 0x00212000, 0x00212000, 0x00212000, 0x00212000, 0x00212000,
0x00214000, 0x00214000, 0x00214000, 0x00214000, 0x00214000, 0x00214000, 0x00216000, 0x00216000,
0x00216000, 0x00216000, 0x00216000, 0x00218000, 0x00218000, 0x00218000, 0x00218000, 0x00218000,
0x00218000, 0x0021A000, 0x0021A000, 0x0021A000, 0x0021A000, 0x0021A000, 0x0021C000, 0x0021C000,
0x0021C000, 0x0021C000, 0x0021C000, 0x0021C000, 0x0021E000, 0x0021E000, 0x0021E000, 0x0021E000,
0x0021E000, 0x00220000, 0x00220000, 0x00220000, 0x00220000, 0x00220000, 0x00220000, 0x00222000,
0x00222000, 0x00222000, 0x00222000, 0x00222000, 0x00224000, 0x00224000, 0x00224000, 0x00224000,
0x00224000, 0x00224000, 0x00226000, 0x00226000, 0x00226000, 0x00226000, 0x00226000, 0x00228000,
0x00228000, 0x00228000, 0x00228000, 0x00228000, 0x0022A000, 0x0022A000, 0x0022A000, 0x0022A000,
0x0022A000, 0x0022A000, 0x0022C000, 0x0022C000, 0x0022C000, 0x0022C000, 0x0022C000, 0x0022E000,
0x0022E000, 0x0022E000, 0x0022E000, 0x0022E000, 0x00230000, 0x00230000, 0x00230000, 0x00230000,
0x00230000, 0x00232000, 0x00232000, 0x00232000, 0x00232000, 0x00232000, 0x00232000, 0x00234000,
0x00234000, 0x00234000, 0x00234000, 0x00234000, 0x00236000, 0x00236000, 0x00236000, 0x00236000,
0x00236000, 0x00238000, 0x00238000, 0x00238000, 0x00238000, 0x00238000, 0x0023A000, 0x0023A000,
0x0023A000, 0x0023A000, 0x0023A000, 0x0023A000, 0x0023C000, 0x0023C000, 0x0023C000, 0x0023C000,
0x0023C000, 0x0023E000, 0x0023E000, 0x0023E000, 0x0023E000, 0x0023E000, 0x00240000, 0x00240000,
0x00240000, 0x00240000, 0x00240000, 0x00242000, 0x00242000, 0x00242000, 0x00242000, 0x00242000,
0x00244000, 0x00244000, 0x00244000, 0x00244000, 0x00244000, 0x00246000, 0x00246000, 0x00246000,
0x00246000, 0x00246000, 0x00248000, 0x00248000, 0x00248000, 0x00248000, 0x00248000, 0x0024A000,
0x0024A000, 0x0024A000, 0x0024A000, 0x0024A000, 0x0024C000, 0x0024C000, 0x0024C000, 0x0024C000,
0x0024C000, 0x0024E000, 0x0024E000, 0x0024E000, 0x0024E000, 0x0024E000, 0x00250000, 0x00250000,
0x00250000, 0x00250000, 0x00250000, 0x00252000, 0x00252000, 0x00252000, 0x00252000, 0x00252000,
0x00254000, 0x00254000, 0x00254000, 0x00254000, 0x00254000, 0x00256000, 0x00256000, 0x00256000,
0x00256000, 0x00256000, 0x00258000, 0x00258000, 0x00258000, 0x00258000, 0x00258000, 0x0025A000,
0x0025A000, 0x0025A000, 0x0025A000, 0x0025A000, 0x0025C000, 0x0025C000, 0x0025C000, 0x0025C000,
0x0025C000, 0x0025E000, 0x0025E000, 0x0025E000, 0x0025E000, 0x0025E000, 0x00260000, 0x00260000,
0x00260000, 0x00260000, 0x00260000, 0x00262000, 0x00262000, 0x00262000, 0x00262000, 0x00264000,
0x00264000, 0x00264000, 0x00264000, 0x00264000, 0x00266000, 0x00266000, 0x00266000, 0x00266000,
0x00266000, 0x00268000, 0x00268000, 0x00268000, 0x00268000, 0x00268000, 0x0026A000, 0x0026A000,
0x0026A000, 0x0026A000, 0x0026A000, 0x0026C000, 0x0026C000, 0x0026C000, 0x0026C000, 0x0026E000,
0x0026E000, 0x0026E000, 0x0026E000, 0x0026E000, 0x00270000, 0x00270000, 0x00270000, 0x00270000,
0x00270000, 0x00272000, 0x00272000, 0x00272000, 0x00272000, 0x00272000, 0x00274000, 0x00274000,
0x00274000, 0x00274000, 0x00276000, 0x00276000, 0x00276000, 0x00276000, 0x00276000, 0x00278000,
0x00278000, 0x00278000, 0x00278000, 0x00278000, 0x0027A000, 0x0027A000, 0x0027A000, 0x0027A000,
0x0027C000, 0x0027C000, 0x0027C000, 0x0027C000, 0x0027C000, 0x0027E000, 0x0027E000, 0x0027E000,
0x0027E000, 0x0027E000, 0x00280000, 0x00280000, 0x00280000, 0x00280000, 0x00282000, 0x00282000,
0x00282000, 0x00282000, 0x00282000, 0x00284000, 0x00284000, 0x00284000, 0x00284000, 0x00286000,
0x00286000, 0x00286000, 0x00286000, 0x00286000, 0x00288000, 0x00288000, 0x00288000, 0x00288000,
0x0028A000, 0x0028A000, 0x0028A000, 0x0028A000, 0x0028A000, 0x0028C000, 0x0028C000, 0x0028C000,
0x0028C000, 0x0028C000, 0x0028E000, 0x0028E000, 0x0028E000, 0x0028E000, 0x00290000, 0x00290000,
0x00290000, 0x00290000, 0x00290000, 0x00292000, 0x00292000, 0x00292000, 0x00292000, 0x00294000,
0x00294000, 0x00294000, 0x00294000, 0x00294000, 0x00296000, 0x00296000, 0x00296000, 0x00296000,
0x00298000, 0x00298000, 0x00298000, 0x00298000, 0x0029A000, 0x0029A000, 0x0029A000, 0x0029A000,
0x0029A000, 0x0029C000, 0x0029C000, 0x0029C000, 0x0029C000, 0x0029E000, 0x0029E000, 0x0029E000,
0x0029E000, 0x0029E000, 0x002A0000, 0x002A0000, 0x002A0000, 0x002A0000, 0x002A2000, 0x002A2000,
0x002A2000, 0x002A2000, 0x002A4000, 0x002A4000, 0x002A4000, 0x002A4000, 0x002A4000, 0x002A6000,
0x002A6000, 0x002A6000, 0x002A6000, 0x002A8000, 0x002A8000, 0x002A8000, 0x002A8000, 0x002A8000,
0x002AA000, 0x002AA000, 0x002AA000, 0x002AA000, 0x002AC000, 0x002AC000, 0x002AC000, 0x002AC000,
0x002AE000, 0x002AE000, 0x002AE000, 0x002AE000, 0x002B0000, 0x002B0000, 0x002B0000, 0x002B0000,
0x002B0000, 0x002B2000, 0x002B2000, 0x002B2000, 0x002B2000, 0x002B4000, 0x002B4000, 0x002B4000,
0x002B4000, 0x002B6000, 0x002B6000, 0x002B6000, 0x002B6000, 0x002B6000, 0x002B8000, 0x002B8000,
0x002B8000, 0x002B8000, 0x002BA000, 0x002BA000, 0x002BA000, 0x002BA000, 0x002BC000, 0x002BC000,
0x002BC000, 0x002BC000, 0x002BE000, 0x002BE000, 0x002BE000, 0x002BE000, 0x002C0000, 0x002C0000,
0x002C0000, 0x002C0000, 0x002C0000, 0x002C2000, 0x002C2000, 0x002C2000, 0x002C2000, 0x002C4000,
0x002C4000, 0x002C4000, 0x002C4000, 0x002C6000, 0x002C6000, 0x002C6000, 0x002C6000, 0x002C8000,
0x002C8000, 0x002C8000, 0x002C8000, 0x002CA000, 0x002CA000, 0x002CA000, 0x002CA000, 0x002CC000,
0x002CC000, 0x002CC000, 0x002CC000, 0x002CC000, 0x002CE000, 0x002CE000, 0x002CE000, 0x002CE000,
0x002D0000, 0x002D0000, 0x002D0000, 0x002D0000, 0x002D2000, 0x002D2000, 0x002D2000, 0x002D2000,
0x002D4000, 0x002D4000, 0x002D4000, 0x002D4000, 0x002D6000, 0x002D6000, 0x002D6000, 0x002D6000,
0x002D8000, 0x002D8000, 0x002D8000, 0x002D8000, 0x002DA000, 0x002DA000, 0x002DA000, 0x002DA000,
0x002DC000, 0x002DC000, 0x002DC000, 0x002DC000, 0x002DE000, 0x002DE000, 0x002DE000, 0x002DE000,
0x002E0000, 0x002E0000, 0x002E0000, 0x002E0000, 0x002E2000, 0x002E2000, 0x002E2000, 0x002E2000,
0x002E4000, 0x002E4000, 0x002E4000, 0x002E4000, 0x002E6000, 0x002E6000, 0x002E6000, 0x002E6000,
0x002E8000, 0x002E8000, 0x002E8000, 0x002E8000, 0x002EA000, 0x002EA000, 0x002EA000, 0x002EA000,
0x002EC000, 0x002EC000, 0x002EC000, 0x002EC000, 0x002EE000, 0x002EE000, 0x002EE000, 0x002EE000,
0x002F0000, 0x002F0000, 0x002F0000, 0x002F0000, 0x002F2000, 0x002F2000, 0x002F2000, 0x002F2000,
0x002F4000, 0x002F4000, 0x002F4000, 0x002F4000, 0x002F6000, 0x002F6000, 0x002F6000, 0x002F6000,
0x002F8000, 0x002F8000, 0x002F8000, 0x002FA000, 0x002FA000, 0x002FA000, 0x002FA000, 0x002FC000,
0x002FC000, 0x002FC000, 0x002FC000, 0x002FE000, 0x002FE000, 0x002FE000, 0x002FE000, 0x00300000,
0x00300000, 0x00300000, 0x00300000, 0x00302000, 0x00302000, 0x00302000, 0x00302000, 0x00304000,
0x00304000, 0x00304000, 0x00304000, 0x00306000, 0x00306000, 0x00306000, 0x00308000, 0x00308000,
0x00308000, 0x00308000, 0x0030A000, 0x0030A000, 0x0030A000, 0x0030A000, 0x0030C000, 0x0030C000,
0x0030C000, 0x0030C000, 0x0030E000, 0x0030E000, 0x0030E000, 0x00310000, 0x00310000, 0x00310000,
0x00310000, 0x00312000, 0x00312000, 0x00312000, 0x00312000, 0x00314000, 0x00314000, 0x00314000,
0x00314000, 0x00316000, 0x00316000, 0x00316000, 0x00318000, 0x00318000, 0x00318000, 0x00318000,
0x0031A000, 0x0031A000, 0x0031A000, 0x0031A000, 0x0031C000, 0x0031C000, 0x0031C000, 0x0031C000,
0x0031E000, 0x0031E000, 0x0031E000, 0x00320000, 0x00320000, 0x00320000, 0x00320000, 0x00322000,
0x00322000, 0x00322000, 0x00322000, 0x00324000, 0x00324000, 0x00324000, 0x00326000, 0x00326000,
0x00326000, 0x00326000, 0x00328000, 0x00328000, 0x00328000, 0x00328000, 0x0032A000, 0x0032A000,
0x0032A000, 0x0032C000, 0x0032C000, 0x0032C000, 0x0032C000, 0x0032E000, 0x0032E000, 0x0032E000,
0x0032E000, 0x00330000, 0x00330000, 0x00330000, 0x00332000, 0x00332000, 0x00332000, 0x00332000,
0x00334000, 0x00334000, 0x00334000, 0x00336000, 0x00336000, 0x00336000, 0x00336000, 0x00338000,
0x00338000, 0x00338000, 0x00338000, 0x0033A000, 0x0033A000, 0x0033A000, 0x0033C000, 0x0033C000,
0x0033C000, 0x0033C000, 0x0033E000, 0x0033E000, 0x0033E000, 0x00340000, 0x00340000, 0x00340000,
0x00340000, 0x00342000, 0x00342000, 0x00342000, 0x00344000, 0x00344000, 0x00344000, 0x00344000,
0x00346000, 0x00346000, 0x00346000, 0x00348000, 0x00348000, 0x00348000, 0x00348000, 0x0034A000,
0x0034A000, 0x0034A000, 0x0034C000, 0x0034C000, 0x0034C000, 0x0034C000, 0x0034E000, 0x0034E000,
0x0034E000, 0x00350000, 0x00350000, 0x00350000, 0x00350000, 0x00352000, 0x00352000, 0x00352000,
0x00354000, 0x00354000, 0x00354000, 0x00354000, 0x00356000, 0x00356000, 0x00356000, 0x00358000,
0x00358000, 0x00358000, 0x00358000, 0x0035A000, 0x0035A000, 0x0035A000, 0x0035C000, 0x0035C000,
0x0035C000, 0x0035C000, 0x0035E000, 0x0035E000, 0x0035E000, 0x00360000, 0x00360000, 0x00360000,
0x00362000, 0x00362000, 0x00362000, 0x00362000, 0x00364000, 0x00364000, 0x00364000, 0x00366000,
0x00366000, 0x00366000, 0x00366000, 0x00368000, 0x00368000, 0x00368000, 0x0036A000, 0x0036A000,
0x0036A000, 0x0036C000, 0x0036C000, 0x0036C000, 0x0036C000, 0x0036E000, 0x0036E000, 0x0036E000,
0x00370000, 0x00370000, 0x00370000, 0x00370000, 0x00372000, 0x00372000, 0x00372000, 0x00374000,
0x00374000, 0x00374000, 0x00376000, 0x00376000, 0x00376000, 0x00376000, 0x00378000, 0x00378000,
0x00378000, 0x0037A000, 0x0037A000, 0x0037A000, 0x0037C000, 0x0037C000, 0x0037C000, 0x0037C000,
0x0037E000, 0x0037E000, 0x0037E000, 0x00380000, 0x00380000, 0x00380000, 0x00382000, 0x00382000,
0x00382000, 0x00384000, 0x00384000, 0x00384000, 0x00384000, 0x00386000, 0x00386000, 0x00386000,
0x00388000, 0x00388000, 0x00388000, 0x0038A000, 0x0038A000, 0x0038A000, 0x0038C000, 0x0038C000,
0x0038C000, 0x0038C000, 0x0038E000, 0x0038E000, 0x0038E000, 0x00390000, 0x00390000, 0x00390000,
0x00392000, 0x00392000, 0x00392000, 0x00394000, 0x00394000, 0x00394000, 0x00394000, 0x00396000,
0x00396000, 0x00396000, 0x00398000, 0x00398000, 0x00398000, 0x0039A000, 0x0039A000, 0x0039A000,
0x0039C000, 0x0039C000, 0x0039C000, 0x0039E000, 0x0039E000, 0x0039E000, 0x0039E000, 0x003A0000,
0x003A0000, 0x003A0000, 0x003A2000, 0x003A2000, 0x003A2000, 0x003A4000, 0x003A4000, 0x003A4000,
0x003A6000, 0x003A6000, 0x003A6000, 0x003A8000, 0x003A8000, 0x003A8000, 0x003A8000, 0x003AA000,
0x003AA000, 0x003AA000, 0x003AC000, 0x003AC000, 0x003AC000, 0x003AE000, 0x003AE000, 0x003AE000,
0x003B0000, 0x003B0000, 0x003B0000, 0x003B2000, 0x003B2000, 0x003B2000, 0x003B4000, 0x003B4000,
0x003B4000, 0x003B6000, 0x003B6000, 0x003B6000, 0x003B8000, 0x003B8000, 0x003B8000, 0x003B8000,
0x003BA000, 0x003BA000, 0x003BA000, 0x003BC000, 0x003BC000, 0x003BC000, 0x003BE000, 0x003BE000,
0x003BE000, 0x003C0000, 0x003C0000, 0x003C0000, 0x003C2000, 0x003C2000, 0x003C2000, 0x003C4000,
0x003C4000, 0x003C4000, 0x003C6000, 0x003C6000, 0x003C6000, 0x003C8000, 0x003C8000, 0x003C8000,
0x003CA000, 0x003CA000, 0x003CA000, 0x003CC000, 0x003CC000, 0x003CC000, 0x003CE000, 0x003CE000,
0x003CE000, 0x003D0000, 0x003D0000, 0x003D0000, 0x003D2000, 0x003D2000, 0x003D2000, 0x003D4000,
0x003D4000, 0x003D4000, 0x003D6000, 0x003D6000, 0x003D6000, 0x003D8000, 0x003D8000, 0x003D8000,
0x003DA000, 0x003DA000, 0x003DA000, 0x003DC000, 0x003DC000, 0x003DC000, 0x003DE000, 0x003DE000,
0x003DE000, 0x003E0000, 0x003E0000, 0x003E0000, 0x003E2000, 0x003E2000, 0x003E2000, 0x003E4000,
0x003E4000, 0x003E4000, 0x003E6000, 0x003E6000, 0x003E6000, 0x003E8000, 0x003E8000, 0x003E8000,
0x003EA000, 0x003EA000, 0x003EA000, 0x003EC000, 0x003EC000, 0x003EC000, 0x003EE000, 0x003EE000,
0x003EE000, 0x003F0000, 0x003F0000, 0x003F0000, 0x003F2000, 0x003F2000, 0x003F2000, 0x003F4000,
0x003F4000, 0x003F4000, 0x003F6000, 0x003F6000, 0x003F6000, 0x003F8000, 0x003F8000, 0x003FA000,
0x003FA000, 0x003FA000, 0x003FC000, 0x003FC000, 0x003FC000, 0x003FE000, 0x003FE000, 0x003FE000,
0x00400000, 0x00400000, 0x00400000, 0x00402000, 0x00402000, 0x00402000, 0x00404000, 0x00404000,
0x00406000, 0x00406000, 0x00406000, 0x00408000, 0x00408000, 0x00408000, 0x0040A000, 0x0040A000,
0x0040A000, 0x0040C000, 0x0040C000, 0x0040C000, 0x0040E000, 0x0040E000, 0x0040E000, 0x00410000,
0x00410000, 0x00410000, 0x00412000, 0x00412000, 0x00414000, 0x00414000, 0x00414000, 0x00416000,
0x00416000, 0x00416000, 0x00418000, 0x00418000, 0x00418000, 0x0041A000, 0x0041A000, 0x0041A000,
0x0041C000, 0x0041C000, 0x0041E000, 0x0041E000, 0x0041E000, 0x00420000, 0x00420000, 0x00420000,
0x00422000, 0x00422000, 0x00422000, 0x00424000, 0x00424000, 0x00424000, 0x00426000, 0x00426000,
0x00428000, 0x00428000, 0x00428000, 0x0042A000, 0x0042A000, 0x0042A000, 0x0042C000, 0x0042C000,
0x0042C000, 0x0042E000, 0x0042E000, 0x00430000, 0x00430000, 0x00430000, 0x00432000, 0x00432000,
0x00432000, 0x00434000, 0x00434000, 0x00434000, 0x00436000, 0x00436000, 0x00438000, 0x00438000,
0x00438000, 0x0043A000, 0x0043A000, 0x0043A000, 0x0043C000, 0x0043C000, 0x0043C000, 0x0043E000,
0x0043E000, 0x00440000, 0x00440000, 0x00440000, 0x00442000, 0x00442000, 0x00442000, 0x00444000,
0x00444000, 0x00444000, 0x00446000, 0x00446000, 0x00448000, 0x00448000, 0x00448000, 0x0044A000,
0x0044A000, 0x0044A000, 0x0044C000, 0x0044C000, 0x0044E000, 0x0044E000, 0x0044E000, 0x00450000,
0x00450000, 0x00450000, 0x00452000, 0x00452000, 0x00454000, 0x00454000, 0x00454000, 0x00456000,
0x00456000, 0x00456000, 0x00458000, 0x00458000, 0x0045A000, 0x0045A000, 0x0045A000, 0x0045C000,
0x0045C000, 0x0045C000, 0x0045E000, 0x0045E000, 0x00460000, 0x00460000, 0x00460000, 0x00462000,
0x00462000, 0x00464000, 0x00464000, 0x00464000, 0x00466000, 0x00466000, 0x00466000, 0x00468000,
0x00468000, 0x0046A000, 0x0046A000, 0x0046A000, 0x0046C000, 0x0046C000, 0x0046C000, 0x0046E000,
0x0046E000, 0x00470000, 0x00470000, 0x00470000, 0x00472000, 0x00472000, 0x00474000, 0x00474000,
0x00474000, 0x00476000, 0x00476000, 0x00476000, 0x00478000, 0x00478000, 0x0047A000, 0x0047A000,
0x0047A000, 0x0047C000, 0x0047C000, 0x0047E000, 0x0047E000, 0x0047E000, 0x00480000, 0x00480000,
0x00482000, 0x00482000, 0x00482000, 0x00484000, 0x00484000, 0x00484000, 0x00486000, 0x00486000,
0x00488000, 0x00488000, 0x00488000, 0x0048A000, 0x0048A000, 0x0048C000, 0x0048C000, 0x0048C000,
0x0048E000, 0x0048E000, 0x00490000, 0x00490000, 0x00490000, 0x00492000, 0x00492000, 0x00494000,
0x00494000, 0x00494000, 0x00496000, 0x00496000, 0x00498000, 0x00498000, 0x00498000, 0x0049A000,
0x0049A000, 0x0049C000, 0x0049C000, 0x0049C000, 0x0049E000, 0x0049E000, 0x004A0000, 0x004A0000,
0x004A0000, 0x004A2000, 0x004A2000, 0x004A4000, 0x004A4000, 0x004A4000, 0x004A6000, 0x004A6000,
0x004A8000, 0x004A8000, 0x004A8000, 0x004AA000, 0x004AA000, 0x004AC000, 0x004AC000, 0x004AC000,
0x004AE000, 0x004AE000, 0x004B0000, 0x004B0000, 0x004B0000, 0x004B2000, 0x004B2000, 0x004B4000,
0x004B4000, 0x004B4000, 0x004B6000, 0x004B6000, 0x004B8000, 0x004B8000, 0x004BA000, 0x004BA000,
0x004BA000, 0x004BC000, 0x004BC000, 0x004BE000, 0x004BE000, 0x004BE000, 0x004C0000, 0x004C0000,
0x004C2000, 0x004C2000, 0x004C2000, 0x004C4000, 0x004C4000, 0x004C6000, 0x004C6000, 0x004C8000,
0x004C8000, 0x004C8000, 0x004CA000, 0x004CA000, 0x004CC000, 0x004CC000, 0x004CC000, 0x004CE000,
0x004CE000, 0x004D0000, 0x004D0000, 0x004D2000, 0x004D2000, 0x004D2000, 0x004D4000, 0x004D4000,
0x004D6000, 0x004D6000, 0x004D6000, 0x004D8000, 0x004D8000, 0x004DA000, 0x004DA000, 0x004DC000,
0x004DC000, 0x004DC000, 0x004DE000, 0x004DE000, 0x004E0000, 0x004E0000, 0x004E0000, 0x004E2000,
0x004E2000, 0x004E4000, 0x004E4000, 0x004E6000, 0x004E6000, 0x004E6000, 0x004E8000, 0x004E8000,
0x004EA000, 0x004EA000, 0x004EC000, 0x004EC000, 0x004EC000, 0x004EE000, 0x004EE000, 0x004F0000,
0x004F0000, 0x004F2000, 0x004F2000, 0x004F2000, 0x004F4000, 0x004F4000, 0x004F6000, 0x004F6000,
0x004F8000, 0x004F8000, 0x004F8000, 0x004FA000, 0x004FA000, 0x004FC000, 0x004FC000, 0x004FE000,
0x004FE000, 0x004FE000, 0x00500000, 0x00500000, 0x00502000, 0x00502000, 0x00504000, 0x00504000,
0x00506000, 0x00506000, 0x00506000, 0x00508000, 0x00508000, 0x0050A000, 0x0050A000, 0x0050C000,
0x0050C000, 0x0050C000, 0x0050E000, 0x0050E000, 0x00510000, 0x00510000, 0x00512000, 0x00512000,
0x00514000, 0x00514000, 0x00514000, 0x00516000, 0x00516000, 0x00518000, 0x00518000, 0x0051A000,
0x0051A000, 0x0051A000, 0x0051C000, 0x0051C000, 0x0051E000, 0x0051E000, 0x00520000, 0x00520000,
0x00522000, 0x00522000, 0x00522000, 0x00524000, 0x00524000, 0x00526000, 0x00526000, 0x00528000,
0x00528000, 0x0052A000, 0x0052A000, 0x0052A000, 0x0052C000, 0x0052C000, 0x0052E000, 0x0052E000,
0x00530000, 0x00530000, 0x00532000, 0x00532000, 0x00534000, 0x00534000, 0x00534000, 0x00536000,
0x00536000, 0x00538000, 0x00538000, 0x0053A000, 0x0053A000, 0x0053C000, 0x0053C000, 0x0053E000,
0x0053E000, 0x0053E000, 0x00540000, 0x00540000, 0x00542000, 0x00542000, 0x00544000, 0x00544000,
0x00546000, 0x00546000, 0x00548000, 0x00548000, 0x00548000, 0x0054A000, 0x0054A000, 0x0054C000,
0x0054C000, 0x0054E000, 0x0054E000, 0x00550000, 0x00550000, 0x00552000, 0x00552000, 0x00552000,
0x00554000, 0x00554000, 0x00556000, 0x00556000, 0x00558000, 0x00558000, 0x0055A000, 0x0055A000,
0x0055C000, 0x0055C000, 0x0055E000, 0x0055E000, 0x00560000, 0x00560000, 0x00560000, 0x00562000,
0x00562000, 0x00564000, 0x00564000, 0x00566000, 0x00566000, 0x00568000, 0x00568000, 0x0056A000,
0x0056A000, 0x0056C000, 0x0056C000, 0x0056E000, 0x0056E000, 0x0056E000, 0x00570000, 0x00570000,
0x00572000, 0x00572000, 0x00574000, 0x00574000, 0x00576000, 0x00576000, 0x00578000, 0x00578000,
0x0057A000, 0x0057A000, 0x0057C000, 0x0057C000, 0x0057E000, 0x0057E000, 0x00580000, 0x00580000,
0x00580000, 0x00582000, 0x00582000, 0x00584000, 0x00584000, 0x00586000, 0x00586000, 0x00588000,
0x00588000, 0x0058A000, 0x0058A000, 0x0058C000, 0x0058C000, 0x0058E000, 0x0058E000, 0x00590000,
0x00590000, 0x00592000, 0x00592000, 0x00594000, 0x00594000, 0x00596000, 0x00596000, 0x00598000,
0x00598000, 0x0059A000, 0x0059A000, 0x0059A000, 0x0059C000, 0x0059C000, 0x0059E000, 0x0059E000,
0x005A0000, 0x005A0000, 0x005A2000, 0x005A2000, 0x005A4000, 0x005A4000, 0x005A6000, 0x005A6000,
0x005A8000, 0x005A8000, 0x005AA000, 0x005AA000, 0x005AC000, 0x005AC000, 0x005AE000, 0x005AE000,
0x005B0000, 0x005B0000, 0x005B2000, 0x005B2000, 0x005B4000, 0x005B4000, 0x005B6000, 0x005B6000,
0x005B8000, 0x005B8000, 0x005BA000, 0x005BA000, 0x005BC000, 0x005BC000, 0x005BE000, 0x005BE000,
0x005C0000, 0x005C0000, 0x005C2000, 0x005C2000, 0x005C4000, 0x005C4000, 0x005C6000, 0x005C6000,
0x005C8000, 0x005C8000, 0x005CA000, 0x005CA000, 0x005CC000, 0x005CC000, 0x005CE000, 0x005CE000,
0x005D0000, 0x005D0000, 0x005D2000, 0x005D2000, 0x005D4000, 0x005D4000, 0x005D6000, 0x005D6000,
0x005D8000, 0x005D8000, 0x005DA000, 0x005DA000, 0x005DC000, 0x005DC000, 0x005DE000, 0x005DE000,
0x005E0000, 0x005E0000, 0x005E2000, 0x005E2000, 0x005E4000, 0x005E4000, 0x005E6000, 0x005E6000,
0x005E8000, 0x005E8000, 0x005EA000, 0x005EA000, 0x005EC000, 0x005EC000, 0x005EE000, 0x005EE000,
0x005F0000, 0x005F2000, 0x005F2000, 0x005F4000, 0x005F4000, 0x005F6000, 0x005F6000, 0x005F8000,
0x005F8000, 0x005FA000, 0x005FA000, 0x005FC000, 0x005FC000, 0x005FE000, 0x005FE000, 0x00600000,
0x00600000, 0x00602000, 0x00602000, 0x00604000, 0x00604000, 0x00606000, 0x00606000, 0x00608000,
0x00608000, 0x0060A000, 0x0060A000, 0x0060C000, 0x0060E000, 0x0060E000, 0x00610000, 0x00610000,
0x00612000, 0x00612000, 0x00614000, 0x00614000, 0x00616000, 0x00616000, 0x00618000, 0x00618000,
0x0061A000, 0x0061A000, 0x0061C000, 0x0061C000, 0x0061E000, 0x00620000, 0x00620000, 0x00622000,
0x00622000, 0x00624000, 0x00624000, 0x00626000, 0x00626000, 0x00628000, 0x00628000, 0x0062A000,
0x0062A000, 0x0062C000, 0x0062C000, 0x0062E000, 0x00630000, 0x00630000, 0x00632000, 0x00632000,
0x00634000, 0x00634000, 0x00636000, 0x00636000, 0x00638000, 0x00638000, 0x0063A000, 0x0063A000,
0x0063C000, 0x0063E000, 0x0063E000, 0x00640000, 0x00640000, 0x00642000, 0x00642000, 0x00644000,
0x00644000, 0x00646000, 0x00646000, 0x00648000, 0x00648000, 0x0064A000, 0x0064C000, 0x0064C000,
0x0064E000, 0x0064E000, 0x00650000, 0x00650000, 0x00652000, 0x00652000, 0x00654000, 0x00654000,
0x00656000, 0x00658000, 0x00658000, 0x0065A000, 0x0065A000, 0x0065C000, 0x0065C000, 0x0065E000,
0x0065E000, 0x00660000, 0x00662000, 0x00662000, 0x00664000, 0x00664000, 0x00666000, 0x00666000,
0x00668000, 0x00668000, 0x0066A000, 0x0066C000, 0x0066C000, 0x0066E000, 0x0066E000, 0x00670000,
0x00670000, 0x00672000, 0x00672000, 0x00674000, 0x00676000, 0x00676000, 0x00678000, 0x00678000,
0x0067A000, 0x0067A000, 0x0067C000, 0x0067C000, 0x0067E000, 0x00680000, 0x00680000, 0x00682000,
0x00682000, 0x00684000, 0x00684000, 0x00686000, 0x00688000, 0x00688000, 0x0068A000, 0x0068A000,
0x0068C000, 0x0068C000, 0x0068E000, 0x00690000, 0x00690000, 0x00692000, 0x00692000, 0x00694000,
0x00694000, 0x00696000, 0x00698000, 0x00698000, 0x0069A000, 0x0069A000, 0x0069C000, 0x0069C000,
0x0069E000, 0x006A0000, 0x006A0000, 0x006A2000, 0x006A2000, 0x006A4000, 0x006A4000, 0x006A6000,
0x006A8000, 0x006A8000, 0x006AA000, 0x006AA000, 0x006AC000, 0x006AC000, 0x006AE000, 0x006B0000,
0x006B0000, 0x006B2000, 0x006B2000, 0x006B4000, 0x006B4000, 0x006B6000, 0x006B8000, 0x006B8000,
0x006BA000, 0x006BA000, 0x006BC000, 0x006BE000, 0x006BE000, 0x006C0000, 0x006C0000, 0x006C2000,
0x006C4000, 0x006C4000, 0x006C6000, 0x006C6000, 0x006C8000, 0x006C8000, 0x006CA000, 0x006CC000,
0x006CC000, 0x006CE000, 0x006CE000, 0x006D0000, 0x006D2000, 0x006D2000, 0x006D4000, 0x006D4000,
0x006D6000, 0x006D8000, 0x006D8000, 0x006DA000, 0x006DA000, 0x006DC000, 0x006DC000, 0x006DE000,
0x006E0000, 0x006E0000, 0x006E2000, 0x006E2000, 0x006E4000, 0x006E6000, 0x006E6000, 0x006E8000,
0x006E8000, 0x006EA000, 0x006EC000, 0x006EC000, 0x006EE000, 0x006EE000, 0x006F0000, 0x006F2000,
0x006F2000, 0x006F4000, 0x006F4000, 0x006F6000, 0x006F8000, 0x006F8000, 0x006FA000, 0x006FA000,
0x006FC000, 0x006FE000, 0x006FE000, 0x00700000, 0x00702000, 0x00702000, 0x00704000, 0x00704000,
0x00706000, 0x00708000, 0x00708000, 0x0070A000, 0x0070A000, 0x0070C000, 0x0070E000, 0x0070E000,
0x00710000, 0x00710000, 0x00712000, 0x00714000, 0x00714000, 0x00716000, 0x00718000, 0x00718000,
0x0071A000, 0x0071A000, 0x0071C000, 0x0071E000, 0x0071E000, 0x00720000, 0x00720000, 0x00722000,
0x00724000, 0x00724000, 0x00726000, 0x00728000, 0x00728000, 0x0072A000, 0x0072A000, 0x0072C000,
0x0072E000, 0x0072E000, 0x00730000, 0x00732000, 0x00732000, 0x00734000, 0x00734000, 0x00736000,
0x00738000, 0x00738000, 0x0073A000, 0x0073C000, 0x0073C000, 0x0073E000, 0x0073E000, 0x00740000,
0x00742000, 0x00742000, 0x00744000, 0x00746000, 0x00746000, 0x00748000, 0x00748000, 0x0074A000,
0x0074C000, 0x0074C000, 0x0074E000, 0x00750000, 0x00750000, 0x00752000, 0x00752000, 0x00754000,
0x00756000, 0x00756000, 0x00758000, 0x0075A000, 0x0075A000, 0x0075C000, 0x0075E000, 0x0075E000,
0x00760000, 0x00762000, 0x00762000, 0x00764000, 0x00764000, 0x00766000, 0x00768000, 0x00768000,
0x0076A000, 0x0076C000, 0x0076C000, 0x0076E000, 0x00770000, 0x00770000, 0x00772000, 0x00772000,
0x00774000, 0x00776000, 0x00776000, 0x00778000, 0x0077A000, 0x0077A000, 0x0077C000, 0x0077E000,
0x0077E000, 0x00780000, 0x00782000, 0x00782000, 0x00784000, 0x00786000, 0x00786000, 0x00788000,
0x0078A000, 0x0078A000, 0x0078C000, 0x0078C000, 0x0078E000, 0x00790000, 0x00790000, 0x00792000,
0x00794000, 0x00794000, 0x00796000, 0x00798000, 0x00798000, 0x0079A000, 0x0079C000, 0x0079C000,
0x0079E000, 0x007A0000, 0x007A0000, 0x007A2000, 0x007A4000, 0x007A4000, 0x007A6000, 0x007A8000,
0x007A8000, 0x007AA000, 0x007AC000, 0x007AC000, 0x007AE000, 0x007B0000, 0x007B0000, 0x007B2000,
0x007B4000, 0x007B4000, 0x007B6000, 0x007B8000, 0x007B8000, 0x007BA000, 0x007BC000, 0x007BC000,
0x007BE000, 0x007C0000, 0x007C0000, 0x007C2000, 0x007C4000, 0x007C4000, 0x007C6000, 0x007C8000,
0x007C8000, 0x007CA000, 0x007CC000, 0x007CC000, 0x007CE000, 0x007D0000, 0x007D0000, 0x007D2000,
0x007D4000, 0x007D4000, 0x007D6000, 0x007D8000, 0x007DA000, 0x007DA000, 0x007DC000, 0x007DE000,
0x007DE000, 0x007E0000, 0x007E2000, 0x007E2000, 0x007E4000, 0x007E6000, 0x007E6000, 0x007E8000,
0x007EA000, 0x007EA000, 0x007EC000, 0x007EE000, 0x007EE000, 0x007F0000, 0x007F2000, 0x007F4000,
0x007F4000, 0x007F6000, 0x007F8000, 0x007F8000, 0x007FA000, 0x007FC000, 0x007FC000, 0x007FE000,
0x00800000, 0x00802000, 0x00802000, 0x00804000, 0x00806000, 0x00806000, 0x00808000, 0x0080A000,
0x0080C000, 0x0080C000, 0x0080E000, 0x00810000, 0x00810000, 0x00812000, 0x00814000, 0x00814000,
0x00816000, 0x00818000, 0x0081A000, 0x0081A000, 0x0081C000, 0x0081E000, 0x0081E000, 0x00820000,
0x00822000, 0x00822000, 0x00824000, 0x00826000, 0x00828000, 0x00828000, 0x0082A000, 0x0082C000,
0x0082C000, 0x0082E000, 0x00830000, 0x00832000, 0x00832000, 0x00834000, 0x00836000, 0x00836000,
0x00838000, 0x0083A000, 0x0083C000, 0x0083C000, 0x0083E000, 0x00840000, 0x00840000, 0x00842000,
0x00844000, 0x00846000, 0x00846000, 0x00848000, 0x0084A000, 0x0084A000, 0x0084C000, 0x0084E000,
0x00850000, 0x00850000, 0x00852000, 0x00854000, 0x00854000, 0x00856000, 0x00858000, 0x0085A000,
0x0085A000, 0x0085C000, 0x0085E000, 0x00860000, 0x00860000, 0x00862000, 0x00864000, 0x00864000,
0x00866000, 0x00868000, 0x0086A000, 0x0086A000, 0x0086C000, 0x0086E000, 0x00870000, 0x00870000,
0x00872000, 0x00874000, 0x00874000, 0x00876000, 0x00878000, 0x0087A000, 0x0087A000, 0x0087C000,
0x0087E000, 0x00880000, 0x00880000, 0x00882000, 0x00884000, 0x00886000, 0x00886000, 0x00888000,
0x0088A000, 0x0088A000, 0x0088C000, 0x0088E000, 0x00890000, 0x00890000, 0x00892000, 0x00894000,
0x00896000, 0x00896000, 0x00898000, 0x0089A000, 0x0089C000, 0x0089C000, 0x0089E000, 0x008A0000,
0x008A2000, 0x008A2000, 0x008A4000, 0x008A6000, 0x008A8000, 0x008A8000, 0x008AA000, 0x008AC000,
0x008AE000, 0x008AE000, 0x008B0000, 0x008B2000, 0x008B4000, 0x008B4000, 0x008B6000, 0x008B8000,
0x008BA000, 0x008BA000, 0x008BC000, 0x008BE000, 0x008C0000, 0x008C0000, 0x008C2000, 0x008C4000,
0x008C6000, 0x008C8000, 0x008C8000, 0x008CA000, 0x008CC000, 0x008CE000, 0x008CE000, 0x008D0000,
0x008D2000, 0x008D4000, 0x008D4000, 0x008D6000, 0x008D8000, 0x008DA000, 0x008DA000, 0x008DC000,
0x008DE000, 0x008E0000, 0x008E2000, 0x008E2000, 0x008E4000, 0x008E6000, 0x008E8000, 0x008E8000,
0x008EA000, 0x008EC000, 0x008EE000, 0x008EE000, 0x008F0000, 0x008F2000, 0x008F4000, 0x008F6000,
0x008F6000, 0x008F8000, 0x008FA000, 0x008FC000, 0x008FC000, 0x008FE000, 0x00900000, 0x00902000,
0x00904000, 0x00904000, 0x00906000, 0x00908000, 0x0090A000, 0x0090A000, 0x0090C000, 0x0090E000,
0x00910000, 0x00912000, 0x00912000, 0x00914000, 0x00916000, 0x00918000, 0x0091A000, 0x0091A000,
0x0091C000, 0x0091E000, 0x00920000, 0x00920000, 0x00922000, 0x00924000, 0x00926000, 0x00928000,
0x00928000, 0x0092A000, 0x0092C000, 0x0092E000, 0x00930000, 0x00930000, 0x00932000, 0x00934000,
0x00936000, 0x00938000, 0x00938000, 0x0093A000, 0x0093C000, 0x0093E000, 0x00940000, 0x00940000,
0x00942000, 0x00944000, 0x00946000, 0x00948000, 0x00948000, 0x0094A000, 0x0094C000, 0x0094E000,
0x00950000, 0x00950000, 0x00952000, 0x00954000, 0x00956000, 0x00958000, 0x0095A000, 0x0095A000,
0x0095C000, 0x0095E000, 0x00960000, 0x00962000, 0x00962000, 0x00964000, 0x00966000, 0x00968000,
0x0096A000, 0x0096A000, 0x0096C000, 0x0096E000, 0x00970000, 0x00972000, 0x00974000, 0x00974000,
0x00976000, 0x00978000, 0x0097A000, 0x0097C000, 0x0097C000, 0x0097E000, 0x00980000, 0x00982000,
0x00984000, 0x00986000, 0x00986000, 0x00988000, 0x0098A000, 0x0098C000, 0x0098E000, 0x00990000,
0x00990000, 0x00992000, 0x00994000, 0x00996000, 0x00998000, 0x0099A000, 0x0099A000, 0x0099C000,
0x0099E000, 0x009A0000, 0x009A2000, 0x009A4000, 0x009A4000, 0x009A6000, 0x009A8000, 0x009AA000,
0x009AC000, 0x009AE000, 0x009AE000, 0x009B0000, 0x009B2000, 0x009B4000, 0x009B6000, 0x009B8000,
0x009B8000, 0x009BA000, 0x009BC000, 0x009BE000, 0x009C0000, 0x009C2000, 0x009C2000, 0x009C4000,
0x009C6000, 0x009C8000, 0x009CA000, 0x009CC000, 0x009CE000, 0x009CE000, 0x009D0000, 0x009D2000,
0x009D4000, 0x009D6000, 0x009D8000, 0x009DA000, 0x009DA000, 0x009DC000, 0x009DE000, 0x009E0000,
0x009E2000, 0x009E4000, 0x009E6000, 0x009E6000, 0x009E8000, 0x009EA000, 0x009EC000, 0x009EE000,
0x009F0000, 0x009F2000, 0x009F2000, 0x009F4000, 0x009F6000, 0x009F8000, 0x009FA000, 0x009FC000,
0x009FE000, 0x009FE000, 0x00A00000, 0x00A02000, 0x00A04000, 0x00A06000, 0x00A08000, 0x00A0A000,
0x00A0C000, 0x00A0C000, 0x00A0E000, 0x00A10000, 0x00A12000, 0x00A14000, 0x00A16000, 0x00A18000,
0x00A18000, 0x00A1A000, 0x00A1C000, 0x00A1E000, 0x00A20000, 0x00A22000, 0x00A24000, 0x00A26000,
0x00A28000, 0x00A28000, 0x00A2A000, 0x00A2C000, 0x00A2E000, 0x00A30000, 0x00A32000, 0x00A34000,
0x00A36000, 0x00A36000, 0x00A38000, 0x00A3A000, 0x00A3C000, 0x00A3E000, 0x00A40000, 0x00A42000,
0x00A44000, 0x00A46000, 0x00A46000, 0x00A48000, 0x00A4A000, 0x00A4C000, 0x00A4E000, 0x00A50000,
0x00A52000, 0x00A54000, 0x00A56000, 0x00A56000, 0x00A58000, 0x00A5A000, 0x00A5C000, 0x00A5E000,
0x00A60000, 0x00A62000, 0x00A64000, 0x00A66000, 0x00A68000, 0x00A68000, 0x00A6A000, 0x00A6C000,
0x00A6E000, 0x00A70000, 0x00A72000, 0x00A74000, 0x00A76000, 0x00A78000, 0x00A7A000, 0x00A7C000,
0x00A7C000, 0x00A7E000, 0x00A80000, 0x00A82000, 0x00A84000, 0x00A86000, 0x00A88000, 0x00A8A000,
0x00A8C000, 0x00A8E000, 0x00A90000, 0x00A90000, 0x00A92000, 0x00A94000, 0x00A96000, 0x00A98000,
0x00A9A000, 0x00A9C000, 0x00A9E000, 0x00AA0000, 0x00AA2000, 0x00AA4000, 0x00AA6000, 0x00AA6000,
0x00AA8000, 0x00AAA000, 0x00AAC000, 0x00AAE000, 0x00AB0000, 0x00AB2000, 0x00AB4000, 0x00AB6000,
0x00AB8000, 0x00ABA000, 0x00ABC000, 0x00ABE000, 0x00AC0000, 0x00AC0000, 0x00AC2000, 0x00AC4000,
0x00AC6000, 0x00AC8000, 0x00ACA000, 0x00ACC000, 0x00ACE000, 0x00AD0000, 0x00AD2000, 0x00AD4000,
0x00AD6000, 0x00AD8000, 0x00ADA000, 0x00ADC000, 0x00ADE000, 0x00ADE000, 0x00AE0000, 0x00AE2000,
0x00AE4000, 0x00AE6000, 0x00AE8000, 0x00AEA000, 0x00AEC000, 0x00AEE000, 0x00AF0000, 0x00AF2000,
0x00AF4000, 0x00AF6000, 0x00AF8000, 0x00AFA000, 0x00AFC000, 0x00AFE000, 0x00B00000, 0x00B02000,
0x00B02000, 0x00B04000, 0x00B06000, 0x00B08000, 0x00B0A000, 0x00B0C000, 0x00B0E000, 0x00B10000,
0x00B12000, 0x00B14000, 0x00B16000, 0x00B18000, 0x00B1A000, 0x00B1C000, 0x00B1E000, 0x00B20000,
0x00B22000, 0x00B24000, 0x00B26000, 0x00B28000, 0x00B2A000, 0x00B2C000, 0x00B2E000, 0x00B30000,
0x00B32000, 0x00B34000, 0x00B34000, 0x00B36000, 0x00B38000, 0x00B3A000, 0x00B3C000, 0x00B3E000,
0x00B40000, 0x00B42000, 0x00B44000, 0x00B46000, 0x00B48000, 0x00B4A000, 0x00B4C000, 0x00B4E000,
0x00B50000, 0x00B52000, 0x00B54000, 0x00B56000, 0x00B58000, 0x00B5A000, 0x00B5C000, 0x00B5E000,
0x00B60000, 0x00B62000, 0x00B64000, 0x00B66000, 0x00B68000, 0x00B6A000, 0x00B6C000, 0x00B6E000,
0x00B70000, 0x00B72000, 0x00B74000, 0x00B76000, 0x00B78000, 0x00B7A000, 0x00B7C000, 0x00B7E000,
0x00B80000, 0x00B82000, 0x00B84000, 0x00B86000, 0x00B88000, 0x00B8A000, 0x00B8C000, 0x00B8E000,
0x00B90000, 0x00B92000, 0x00B94000, 0x00B96000, 0x00B98000, 0x00B9A000, 0x00B9C000, 0x00B9E000,
0x00BA0000, 0x00BA2000, 0x00BA4000, 0x00BA6000, 0x00BA8000, 0x00BAA000, 0x00BAC000, 0x00BAE000,
0x00BB0000, 0x00BB2000, 0x00BB4000, 0x00BB6000, 0x00BB8000, 0x00BBA000, 0x00BBC000, 0x00BBE000,
0x00BC0000, 0x00BC2000, 0x00BC4000, 0x00BC6000, 0x00BC8000, 0x00BCA000, 0x00BCC000, 0x00BCE000,
0x00BD0000, 0x00BD2000, 0x00BD4000, 0x00BD6000, 0x00BD8000, 0x00BDA000, 0x00BDC000, 0x00BDE000,
0x00BE0000, 0x00BE4000, 0x00BE6000, 0x00BE8000, 0x00BEA000, 0x00BEC000, 0x00BEE000, 0x00BF0000,
0x00BF2000, 0x00BF4000, 0x00BF6000, 0x00BF8000, 0x00BFA000, 0x00BFC000, 0x00BFE000, 0x00C00000,
0x00C02000, 0x00C04000, 0x00C06000, 0x00C08000, 0x00C0A000, 0x00C0C000, 0x00C0E000, 0x00C10000,
0x00C12000, 0x00C14000, 0x00C16000, 0x00C1A000, 0x00C1C000, 0x00C1E000, 0x00C20000, 0x00C22000,
0x00C24000, 0x00C26000, 0x00C28000, 0x00C2A000, 0x00C2C000, 0x00C2E000, 0x00C30000, 0x00C32000,
0x00C34000, 0x00C36000, 0x00C38000, 0x00C3A000, 0x00C3C000, 0x00C40000, 0x00C42000, 0x00C44000,
0x00C46000, 0x00C48000, 0x00C4A000, 0x00C4C000, 0x00C4E000, 0x00C50000, 0x00C52000, 0x00C54000,
0x00C56000, 0x00C58000, 0x00C5A000, 0x00C5C000, 0x00C60000, 0x00C62000, 0x00C64000, 0x00C66000,
0x00C68000, 0x00C6A000, 0x00C6C000, 0x00C6E000, 0x00C70000, 0x00C72000, 0x00C74000, 0x00C76000,
0x00C78000, 0x00C7C000, 0x00C7E000, 0x00C80000, 0x00C82000, 0x00C84000, 0x00C86000, 0x00C88000,
0x00C8A000, 0x00C8C000, 0x00C8E000, 0x00C90000, 0x00C92000, 0x00C96000, 0x00C98000, 0x00C9A000,
0x00C9C000, 0x00C9E000, 0x00CA0000, 0x00CA2000, 0x00CA4000, 0x00CA6000, 0x00CA8000, 0x00CAA000,
0x00CAE000, 0x00CB0000, 0x00CB2000, 0x00CB4000, 0x00CB6000, 0x00CB8000, 0x00CBA000, 0x00CBC000,
0x00CBE000, 0x00CC0000, 0x00CC4000, 0x00CC6000, 0x00CC8000, 0x00CCA000, 0x00CCC000, 0x00CCE000,
0x00CD0000, 0x00CD2000, 0x00CD4000, 0x00CD8000, 0x00CDA000, 0x00CDC000, 0x00CDE000, 0x00CE0000,
0x00CE2000, 0x00CE4000, 0x00CE6000, 0x00CE8000, 0x00CEC000, 0x00CEE000, 0x00CF0000, 0x00CF2000,
0x00CF4000, 0x00CF6000, 0x00CF8000, 0x00CFA000, 0x00CFE000, 0x00D00000, 0x00D02000, 0x00D04000,
0x00D06000, 0x00D08000, 0x00D0A000, 0x00D0C000, 0x00D10000, 0x00D12000, 0x00D14000, 0x00D16000,
0x00D18000, 0x00D1A000, 0x00D1C000, 0x00D20000, 0x00D22000, 0x00D24000, 0x00D26000, 0x00D28000,
0x00D2A000, 0x00D2C000, 0x00D30000, 0x00D32000, 0x00D34000, 0x00D36000, 0x00D38000, 0x00D3A000,
0x00D3C000, 0x00D40000, 0x00D42000, 0x00D44000, 0x00D46000, 0x00D48000, 0x00D4A000, 0x00D4C000,
0x00D50000, 0x00D52000, 0x00D54000, 0x00D56000, 0x00D58000, 0x00D5A000, 0x00D5E000, 0x00D60000,
0x00D62000, 0x00D64000, 0x00D66000, 0x00D68000, 0x00D6A000, 0x00D6E000, 0x00D70000, 0x00D72000,
0x00D74000, 0x00D76000, 0x00D78000, 0x00D7C000, 0x00D7E000, 0x00D80000, 0x00D82000, 0x00D84000,
0x00D88000, 0x00D8A000, 0x00D8C000, 0x00D8E000, 0x00D90000, 0x00D92000, 0x00D96000, 0x00D98000,
0x00D9A000, 0x00D9C000, 0x00D9E000, 0x00DA0000, 0x00DA4000, 0x00DA6000, 0x00DA8000, 0x00DAA000,
0x00DAC000, 0x00DB0000, 0x00DB2000, 0x00DB4000, 0x00DB6000, 0x00DB8000, 0x00DBA000, 0x00DBE000,
0x00DC0000, 0x00DC2000, 0x00DC4000, 0x00DC6000, 0x00DCA000, 0x00DCC000, 0x00DCE000, 0x00DD0000,
0x00DD2000, 0x00DD6000, 0x00DD8000, 0x00DDA000, 0x00DDC000, 0x00DDE000, 0x00DE2000, 0x00DE4000,
0x00DE6000, 0x00DE8000, 0x00DEA000, 0x00DEE000, 0x00DF0000, 0x00DF2000, 0x00DF4000, 0x00DF6000,
0x00DFA000, 0x00DFC000, 0x00DFE000, 0x00E00000, 0x00E04000, 0x00E06000, 0x00E08000, 0x00E0A000,
0x00E0C000, 0x00E10000, 0x00E12000, 0x00E14000, 0x00E16000, 0x00E18000, 0x00E1C000, 0x00E1E000,
0x00E20000, 0x00E22000, 0x00E26000, 0x00E28000, 0x00E2A000, 0x00E2C000, 0x00E30000, 0x00E32000,
0x00E34000, 0x00E36000, 0x00E38000, 0x00E3C000, 0x00E3E000, 0x00E40000, 0x00E42000, 0x00E46000,
0x00E48000, 0x00E4A000, 0x00E4C000, 0x00E50000, 0x00E52000, 0x00E54000, 0x00E56000, 0x00E5A000,
0x00E5C000, 0x00E5E000, 0x00E60000, 0x00E64000, 0x00E66000, 0x00E68000, 0x00E6A000, 0x00E6E000,
0x00E70000, 0x00E72000, 0x00E74000, 0x00E78000, 0x00E7A000, 0x00E7C000, 0x00E7E000, 0x00E82000,
0x00E84000, 0x00E86000, 0x00E88000, 0x00E8C000, 0x00E8E000, 0x00E90000, 0x00E92000, 0x00E96000,
0x00E98000, 0x00E9A000, 0x00E9C000, 0x00EA0000, 0x00EA2000, 0x00EA4000, 0x00EA6000, 0x00EAA000,
0x00EAC000, 0x00EAE000, 0x00EB2000, 0x00EB4000, 0x00EB6000, 0x00EB8000, 0x00EBC000, 0x00EBE000,
0x00EC0000, 0x00EC4000, 0x00EC6000, 0x00EC8000, 0x00ECA000, 0x00ECE000, 0x00ED0000, 0x00ED2000,
0x00ED4000, 0x00ED8000, 0x00EDA000, 0x00EDC000, 0x00EE0000, 0x00EE2000, 0x00EE4000, 0x00EE6000,
0x00EEA000, 0x00EEC000, 0x00EEE000, 0x00EF2000, 0x00EF4000, 0x00EF6000, 0x00EFA000, 0x00EFC000,
0x00EFE000, 0x00F00000, 0x00F04000, 0x00F06000, 0x00F08000, 0x00F0C000, 0x00F0E000, 0x00F10000,
0x00F14000, 0x00F16000, 0x00F18000, 0x00F1A000, 0x00F1E000, 0x00F20000, 0x00F22000, 0x00F26000,
0x00F28000, 0x00F2A000, 0x00F2E000, 0x00F30000, 0x00F32000, 0x00F36000, 0x00F38000, 0x00F3A000,
0x00F3E000, 0x00F40000, 0x00F42000, 0x00F46000, 0x00F48000, 0x00F4A000, 0x00F4E000, 0x00F50000,
0x00F52000, 0x00F54000, 0x00F58000, 0x00F5A000, 0x00F5C000, 0x00F60000, 0x00F62000, 0x00F64000,
0x00F68000, 0x00F6A000, 0x00F6C000, 0x00F70000, 0x00F72000, 0x00F76000, 0x00F78000, 0x00F7A000,
0x00F7E000, 0x00F80000, 0x00F82000, 0x00F86000, 0x00F88000, 0x00F8A000, 0x00F8E000, 0x00F90000,
0x00F92000, 0x00F96000, 0x00F98000, 0x00F9A000, 0x00F9E000, 0x00FA0000, 0x00FA2000, 0x00FA6000,
0x00FA8000, 0x00FAA000, 0x00FAE000, 0x00FB0000, 0x00FB4000, 0x00FB6000, 0x00FB8000, 0x00FBC000,
0x00FBE000, 0x00FC0000, 0x00FC4000, 0x00FC6000, 0x00FC8000, 0x00FCC000, 0x00FCE000, 0x00FD2000,
0x00FD4000, 0x00FD6000, 0x00FDA000, 0x00FDC000, 0x00FDE000, 0x00FE2000, 0x00FE4000, 0x00FE8000,
0x00FEA000, 0x00FEC000, 0x00FF0000, 0x00FF2000, 0x00FF4000, 0x00FF8000, 0x00FFA000, 0x00FFE000,
0x01000000, 0x01004000, 0x01006000, 0x0100A000, 0x0100C000, 0x0100E000, 0x01012000, 0x01014000,
0x01018000, 0x0101A000, 0x0101C000, 0x01020000, 0x01022000, 0x01026000, 0x01028000, 0x0102A000,
0x0102E000, 0x01030000, 0x01034000, 0x01036000, 0x01038000, 0x0103C000, 0x0103E000, 0x01042000,
0x01044000, 0x01046000, 0x0104A000, 0x0104C000, 0x01050000, 0x01052000, 0x01056000, 0x01058000,
0x0105A000, 0x0105E000, 0x01060000, 0x01064000, 0x01066000, 0x01068000, 0x0106C000, 0x0106E000,
0x01072000, 0x01074000, 0x01078000, 0x0107A000, 0x0107C000, 0x01080000, 0x01082000, 0x01086000,
0x01088000, 0x0108C000, 0x0108E000, 0x01090000, 0x01094000, 0x01096000, 0x0109A000, 0x0109C000,
0x010A0000, 0x010A2000, 0x010A6000, 0x010A8000, 0x010AA000, 0x010AE000, 0x010B0000, 0x010B4000,
0x010B6000, 0x010BA000, 0x010BC000, 0x010C0000, 0x010C2000, 0x010C4000, 0x010C8000, 0x010CA000,
0x010CE000, 0x010D0000, 0x010D4000, 0x010D6000, 0x010DA000, 0x010DC000, 0x010E0000, 0x010E2000,
0x010E4000, 0x010E8000, 0x010EA000, 0x010EE000, 0x010F0000, 0x010F4000, 0x010F6000, 0x010FA000,
0x010FC000, 0x01100000, 0x01102000, 0x01106000, 0x01108000, 0x0110C000, 0x0110E000, 0x01112000,
0x01114000, 0x01116000, 0x0111A000, 0x0111C000, 0x01120000, 0x01122000, 0x01126000, 0x01128000,
0x0112C000, 0x0112E000, 0x01132000, 0x01134000, 0x01138000, 0x0113A000, 0x0113E000, 0x01140000,
0x01144000, 0x01146000, 0x0114A000, 0x0114C000, 0x01150000, 0x01152000, 0x01156000, 0x01158000,
0x0115C000, 0x0115E000, 0x01162000, 0x01164000, 0x01168000, 0x0116A000, 0x0116E000, 0x01170000,
0x01174000, 0x01176000, 0x0117A000, 0x0117C000, 0x01180000, 0x01182000, 0x01186000, 0x01188000,
0x0118C000, 0x01190000, 0x01192000, 0x01196000, 0x01198000, 0x0119C000, 0x0119E000, 0x011A2000,
0x011A4000, 0x011A8000, 0x011AA000, 0x011AE000, 0x011B0000, 0x011B4000, 0x011B6000, 0x011BA000,
0x011BC000, 0x011C0000, 0x011C4000, 0x011C6000, 0x011CA000, 0x011CC000, 0x011D0000, 0x011D2000,
0x011D6000, 0x011D8000, 0x011DC000, 0x011DE000, 0x011E2000, 0x011E6000, 0x011E8000, 0x011EC000,
0x011EE000, 0x011F2000, 0x011F4000, 0x011F8000, 0x011FA000, 0x011FE000, 0x01200000, 0x01204000,
0x01208000, 0x0120A000, 0x0120E000, 0x01210000, 0x01214000, 0x01216000, 0x0121A000, 0x0121E000,
0x01220000, 0x01224000, 0x01226000, 0x0122A000, 0x0122C000, 0x01230000, 0x01234000, 0x01236000,
0x0123A000, 0x0123C000, 0x01240000, 0x01242000, 0x01246000, 0x0124A000, 0x0124C000, 0x01250000,
0x01252000, 0x01256000, 0x0125A000, 0x0125C000, 0x01260000, 0x01262000, 0x01266000, 0x0126A000,
0x0126C000, 0x01270000, 0x01272000, 0x01276000, 0x0127A000, 0x0127C000, 0x01280000, 0x01282000,
0x01286000, 0x0128A000, 0x0128C000, 0x01290000, 0x01292000, 0x01296000, 0x0129A000, 0x0129C000,
0x012A0000, 0x012A2000, 0x012A6000, 0x012AA000, 0x012AC000, 0x012B0000, 0x012B4000, 0x012B6000,
0x012BA000, 0x012BC000, 0x012C0000, 0x012C4000, 0x012C6000, 0x012CA000, 0x012CE000, 0x012D0000,
0x012D4000, 0x012D6000, 0x012DA000, 0x012DE000, 0x012E0000, 0x012E4000, 0x012E8000, 0x012EA000,
0x012EE000, 0x012F0000, 0x012F4000, 0x012F8000, 0x012FA000, 0x012FE000, 0x01302000, 0x01304000,
0x01308000, 0x0130C000, 0x0130E000, 0x01312000, 0x01316000, 0x01318000, 0x0131C000, 0x01320000,
0x01322000, 0x01326000, 0x0132A000, 0x0132C000, 0x01330000, 0x01334000, 0x01336000, 0x0133A000,
0x0133E000, 0x01340000, 0x01344000, 0x01348000, 0x0134A000, 0x0134E000, 0x01352000, 0x01354000,
0x01358000, 0x0135C000, 0x0135E000, 0x01362000, 0x01366000, 0x01368000, 0x0136C000, 0x01370000,
0x01372000, 0x01376000, 0x0137A000, 0x0137C000, 0x01380000, 0x01384000, 0x01386000, 0x0138A000,
0x0138E000, 0x01392000, 0x01394000, 0x01398000, 0x0139C000, 0x0139E000, 0x013A2000, 0x013A6000,
0x013A8000, 0x013AC000, 0x013B0000, 0x013B4000, 0x013B6000, 0x013BA000, 0x013BE000, 0x013C0000,
0x013C4000, 0x013C8000, 0x013CC000, 0x013CE000, 0x013D2000, 0x013D6000, 0x013D8000, 0x013DC000,
0x013E0000, 0x013E4000, 0x013E6000, 0x013EA000, 0x013EE000, 0x013F0000, 0x013F4000, 0x013F8000,
0x013FC000, 0x013FE000, 0x01402000, 0x01406000, 0x0140A000, 0x0140C000, 0x01410000, 0x01414000,
0x01418000, 0x0141A000, 0x0141E000, 0x01422000, 0x01424000, 0x01428000, 0x0142C000, 0x01430000,
0x01432000, 0x01436000, 0x0143A000, 0x0143E000, 0x01440000, 0x01444000, 0x01448000, 0x0144C000,
0x01450000, 0x01452000, 0x01456000, 0x0145A000, 0x0145E000, 0x01460000, 0x01464000, 0x01468000,
0x0146C000, 0x0146E000, 0x01472000, 0x01476000, 0x0147A000, 0x0147C000, 0x01480000, 0x01484000,
0x01488000, 0x0148C000, 0x0148E000, 0x01492000, 0x01496000, 0x0149A000, 0x0149E000, 0x014A0000,
0x014A4000, 0x014A8000, 0x014AC000, 0x014AE000, 0x014B2000, 0x014B6000, 0x014BA000, 0x014BE000,
0x014C0000, 0x014C4000, 0x014C8000, 0x014CC000, 0x014D0000, 0x014D2000, 0x014D6000, 0x014DA000,
0x014DE000, 0x014E2000, 0x014E4000, 0x014E8000, 0x014EC000, 0x014F0000, 0x014F4000, 0x014F8000,
0x014FA000, 0x014FE000, 0x01502000, 0x01506000, 0x0150A000, 0x0150C000, 0x01510000, 0x01514000,
0x01518000, 0x0151C000, 0x01520000, 0x01522000, 0x01526000, 0x0152A000, 0x0152E000, 0x01532000,
0x01536000, 0x01538000, 0x0153C000, 0x01540000, 0x01544000, 0x01548000, 0x0154C000, 0x0154E000,
0x01552000, 0x01556000, 0x0155A000, 0x0155E000, 0x01562000, 0x01566000, 0x01568000, 0x0156C000,
0x01570000, 0x01574000, 0x01578000, 0x0157C000, 0x01580000, 0x01582000, 0x01586000, 0x0158A000,
0x0158E000, 0x01592000, 0x01596000, 0x0159A000, 0x0159E000, 0x015A0000, 0x015A4000, 0x015A8000,
0x015AC000, 0x015B0000, 0x015B4000, 0x015B8000, 0x015BC000, 0x015BE000, 0x015C2000, 0x015C6000,
0x015CA000, 0x015CE000, 0x015D2000, 0x015D6000, 0x015DA000, 0x015DE000, 0x015E0000, 0x015E4000,
0x015E8000, 0x015EC000, 0x015F0000, 0x015F4000, 0x015F8000, 0x015FC000, 0x01600000, 0x01604000,
0x01606000, 0x0160A000, 0x0160E000, 0x01612000, 0x01616000, 0x0161A000, 0x0161E000, 0x01622000,
0x01626000, 0x0162A000, 0x0162E000, 0x01632000, 0x01634000, 0x01638000, 0x0163C000, 0x01640000,
0x01644000, 0x01648000, 0x0164C000, 0x01650000, 0x01654000, 0x01658000, 0x0165C000, 0x01660000,
0x01664000, 0x01668000, 0x0166A000, 0x0166E000, 0x01672000, 0x01676000, 0x0167A000, 0x0167E000,
0x01682000, 0x01686000, 0x0168A000, 0x0168E000, 0x01692000, 0x01696000, 0x0169A000, 0x0169E000,
0x016A2000, 0x016A6000, 0x016AA000, 0x016AE000, 0x016B2000, 0x016B6000, 0x016BA000, 0x016BE000,
0x016C2000, 0x016C6000, 0x016C8000, 0x016CC000, 0x016D0000, 0x016D4000, 0x016D8000, 0x016DC000,
0x016E0000, 0x016E4000, 0x016E8000, 0x016EC000, 0x016F0000, 0x016F4000, 0x016F8000, 0x016FC000,
0x01700000, 0x01704000, 0x01708000, 0x0170C000, 0x01710000, 0x01714000, 0x01718000, 0x0171C000,
0x01720000, 0x01724000, 0x01728000, 0x0172C000, 0x01730000, 0x01734000, 0x01738000, 0x0173C000,
0x01740000, 0x01744000, 0x01748000, 0x0174C000, 0x01750000, 0x01754000, 0x01758000, 0x0175C000,
0x01760000, 0x01764000, 0x0176A000, 0x0176E000, 0x01772000, 0x01776000, 0x0177A000, 0x0177E000,
0x01782000, 0x01786000, 0x0178A000, 0x0178E000, 0x01792000, 0x01796000, 0x0179A000, 0x0179E000,
0x017A2000, 0x017A6000, 0x017AA000, 0x017AE000, 0x017B2000, 0x017B6000, 0x017BA000, 0x017BE000,
0x017C2000, 0x017C8000, 0x017CC000, 0x017D0000, 0x017D4000, 0x017D8000, 0x017DC000, 0x017E0000,
0x017E4000, 0x017E8000, 0x017EC000, 0x017F0000, 0x017F4000, 0x017F8000, 0x017FC000, 0x01800000,
0x01806000, 0x0180A000, 0x0180E000, 0x01812000, 0x01816000, 0x0181A000, 0x0181E000, 0x01822000,
0x01826000, 0x0182A000, 0x0182E000, 0x01834000, 0x01838000, 0x0183C000, 0x01840000, 0x01844000,
0x01848000, 0x0184C000, 0x01850000, 0x01854000, 0x01858000, 0x0185E000, 0x01862000, 0x01866000,
0x0186A000, 0x0186E000, 0x01872000, 0x01876000, 0x0187A000, 0x01880000, 0x01884000, 0x01888000,
0x0188C000, 0x01890000, 0x01894000, 0x01898000, 0x0189C000, 0x018A2000, 0x018A6000, 0x018AA000,
0x018AE000, 0x018B2000, 0x018B6000, 0x018BA000, 0x018C0000, 0x018C4000, 0x018C8000, 0x018CC000,
0x018D0000, 0x018D4000, 0x018D8000, 0x018DE000, 0x018E2000, 0x018E6000, 0x018EA000, 0x018EE000,
0x018F2000, 0x018F8000, 0x018FC000, 0x01900000, 0x01904000, 0x01908000, 0x0190C000, 0x01912000,
0x01916000, 0x0191A000, 0x0191E000, 0x01922000, 0x01926000, 0x0192C000, 0x01930000, 0x01934000,
0x01938000, 0x0193C000, 0x01940000, 0x01946000, 0x0194A000, 0x0194E000, 0x01952000, 0x01956000,
0x0195C000, 0x01960000, 0x01964000, 0x01968000, 0x0196C000, 0x01972000, 0x01976000, 0x0197A000,
0x0197E000, 0x01982000, 0x01988000, 0x0198C000, 0x01990000, 0x01994000, 0x0199A000, 0x0199E000,
0x019A2000, 0x019A6000, 0x019AA000, 0x019B0000, 0x019B4000, 0x019B8000, 0x019BC000, 0x019C2000,
0x019C6000, 0x019CA000, 0x019CE000, 0x019D2000, 0x019D8000, 0x019DC000, 0x019E0000, 0x019E4000,
0x019EA000, 0x019EE000, 0x019F2000, 0x019F6000, 0x019FC000, 0x01A00000, 0x01A04000, 0x01A08000,
0x01A0E000, 0x01A12000, 0x01A16000, 0x01A1A000, 0x01A20000, 0x01A24000, 0x01A28000, 0x01A2E000,
0x01A32000, 0x01A36000, 0x01A3A000, 0x01A40000, 0x01A44000, 0x01A48000, 0x01A4C000, 0x01A52000,
0x01A56000, 0x01A5A000, 0x01A60000, 0x01A64000, 0x01A68000, 0x01A6C000, 0x01A72000, 0x01A76000,
0x01A7A000, 0x01A80000, 0x01A84000, 0x01A88000, 0x01A8C000, 0x01A92000, 0x01A96000, 0x01A9A000,
0x01AA0000, 0x01AA4000, 0x01AA8000, 0x01AAE000, 0x01AB2000, 0x01AB6000, 0x01ABC000, 0x01AC0000,
0x01AC4000, 0x01ACA000, 0x01ACE000, 0x01AD2000, 0x01AD6000, 0x01ADC000, 0x01AE0000, 0x01AE4000,
0x01AEA000, 0x01AEE000, 0x01AF2000, 0x01AF8000, 0x01AFC000, 0x01B00000, 0x01B06000, 0x01B0A000,
0x01B10000, 0x01B14000, 0x01B18000, 0x01B1E000, 0x01B22000, 0x01B26000, 0x01B2C000, 0x01B30000,
0x01B34000, 0x01B3A000, 0x01B3E000, 0x01B42000, 0x01B48000, 0x01B4C000, 0x01B50000, 0x01B56000,
0x01B5A000, 0x01B60000, 0x01B64000, 0x01B68000, 0x01B6E000, 0x01B72000, 0x01B76000, 0x01B7C000,
0x01B80000, 0x01B86000, 0x01B8A000, 0x01B8E000, 0x01B94000, 0x01B98000, 0x01B9E000, 0x01BA2000,
0x01BA6000, 0x01BAC000, 0x01BB0000, 0x01BB6000, 0x01BBA000, 0x01BBE000, 0x01BC4000, 0x01BC8000,
0x01BCE000, 0x01BD2000, 0x01BD6000, 0x01BDC000, 0x01BE0000, 0x01BE6000, 0x01BEA000, 0x01BEE000,
0x01BF4000, 0x01BF8000, 0x01BFE000, 0x01C02000, 0x01C08000, 0x01C0C000, 0x01C10000, 0x01C16000,
0x01C1A000, 0x01C20000, 0x01C24000, 0x01C2A000, 0x01C2E000, 0x01C32000, 0x01C38000, 0x01C3C000,
0x01C42000, 0x01C46000, 0x01C4C000, 0x01C50000, 0x01C56000, 0x01C5A000, 0x01C60000, 0x01C64000,
0x01C68000, 0x01C6E000, 0x01C72000, 0x01C78000, 0x01C7C000, 0x01C82000, 0x01C86000, 0x01C8C000,
0x01C90000, 0x01C96000, 0x01C9A000, 0x01CA0000, 0x01CA4000, 0x01CAA000, 0x01CAE000, 0x01CB4000,
0x01CB8000, 0x01CBE000, 0x01CC2000, 0x01CC8000, 0x01CCC000, 0x01CD2000, 0x01CD6000, 0x01CDC000,
0x01CE0000, 0x01CE6000, 0x01CEA000, 0x01CF0000, 0x01CF4000, 0x01CFA000, 0x01CFE000, 0x01D04000,
0x01D08000, 0x01D0E000, 0x01D12000, 0x01D18000, 0x01D1C000, 0x01D22000, 0x01D26000, 0x01D2C000,
0x01D30000, 0x01D36000, 0x01D3A000, 0x01D40000, 0x01D44000, 0x01D4A000, 0x01D4E000, 0x01D54000,
0x01D5A000, 0x01D5E000, 0x01D64000, 0x01D68000, 0x01D6E000, 0x01D72000, 0x01D78000, 0x01D7C000,
0x01D82000, 0x01D88000, 0x01D8C000, 0x01D92000, 0x01D96000, 0x01D9C000, 0x01DA0000, 0x01DA6000,
0x01DAA000, 0x01DB0000, 0x01DB6000, 0x01DBA000, 0x01DC0000, 0x01DC4000, 0x01DCA000, 0x01DCE000,
0x01DD4000, 0x01DDA000, 0x01DDE000, 0x01DE4000, 0x01DE8000, 0x01DEE000, 0x01DF4000, 0x01DF8000,
0x01DFE000, 0x01E02000, 0x01E08000, 0x01E0E000, 0x01E12000, 0x01E18000, 0x01E1C000, 0x01E22000,
0x01E28000, 0x01E2C000, 0x01E32000, 0x01E36000, 0x01E3C000, 0x01E42000, 0x01E46000, 0x01E4C000,
0x01E52000, 0x01E56000, 0x01E5C000, 0x01E60000, 0x01E66000, 0x01E6C000, 0x01E70000, 0x01E76000,
0x01E7C000, 0x01E80000, 0x01E86000, 0x01E8C000, 0x01E90000, 0x01E96000, 0x01E9C000, 0x01EA0000,
0x01EA6000, 0x01EAA000, 0x01EB0000, 0x01EB6000, 0x01EBA000, 0x01EC0000, 0x01EC6000, 0x01ECA000,
0x01ED0000, 0x01ED6000, 0x01EDA000, 0x01EE0000, 0x01EE6000, 0x01EEC000, 0x01EF0000, 0x01EF6000,
0x01EFC000, 0x01F00000, 0x01F06000, 0x01F0C000, 0x01F10000, 0x01F16000, 0x01F1C000, 0x01F20000,
0x01F26000, 0x01F2C000, 0x01F30000, 0x01F36000, 0x01F3C000, 0x01F42000, 0x01F46000, 0x01F4C000,
0x01F52000, 0x01F56000, 0x01F5C000, 0x01F62000, 0x01F68000, 0x01F6C000, 0x01F72000, 0x01F78000,
0x01F7C000, 0x01F82000, 0x01F88000, 0x01F8E000, 0x01F92000, 0x01F98000, 0x01F9E000, 0x01FA4000,
0x01FA8000, 0x01FAE000, 0x01FB4000, 0x01FBA000, 0x01FBE000, 0x01FC4000, 0x01FCA000, 0x01FD0000,
0x01FD4000, 0x01FDA000, 0x01FE0000, 0x01FE6000, 0x01FEA000, 0x01FF0000, 0x01FF6000, 0x01FFC000,
0x02000000, 0x02008000, 0x0200C000, 0x02014000, 0x02018000, 0x0201C000, 0x02024000, 0x02028000,
0x02030000, 0x02034000, 0x02038000, 0x02040000, 0x02044000, 0x0204C000, 0x02050000, 0x02054000,
0x0205C000, 0x02060000, 0x02068000, 0x0206C000, 0x02070000, 0x02078000, 0x0207C000, 0x02084000,
0x02088000, 0x0208C000, 0x02094000, 0x02098000, 0x020A0000, 0x020A4000, 0x020AC000, 0x020B0000,
0x020B4000, 0x020BC000, 0x020C0000, 0x020C8000, 0x020CC000, 0x020D0000, 0x020D8000, 0x020DC000,
0x020E4000, 0x020E8000, 0x020F0000, 0x020F4000, 0x020F8000, 0x02100000, 0x02104000, 0x0210C000,
0x02110000, 0x02118000, 0x0211C000, 0x02120000, 0x02128000, 0x0212C000, 0x02134000, 0x02138000,
0x02140000, 0x02144000, 0x0214C000, 0x02150000, 0x02154000, 0x0215C000, 0x02160000, 0x02168000,
0x0216C000, 0x02174000, 0x02178000, 0x02180000, 0x02184000, 0x02188000, 0x02190000, 0x02194000,
0x0219C000, 0x021A0000, 0x021A8000, 0x021AC000, 0x021B4000, 0x021B8000, 0x021C0000, 0x021C4000,
0x021C8000, 0x021D0000, 0x021D4000, 0x021DC000, 0x021E0000, 0x021E8000, 0x021EC000, 0x021F4000,
0x021F8000, 0x02200000, 0x02204000, 0x0220C000, 0x02210000, 0x02218000, 0x0221C000, 0x02224000,
0x02228000, 0x0222C000, 0x02234000, 0x02238000, 0x02240000, 0x02244000, 0x0224C000, 0x02250000,
0x02258000, 0x0225C000, 0x02264000, 0x02268000, 0x02270000, 0x02274000, 0x0227C000, 0x02280000,
0x02288000, 0x0228C000, 0x02294000, 0x02298000, 0x022A0000, 0x022A4000, 0x022AC000, 0x022B0000,
0x022B8000, 0x022BC000, 0x022C4000, 0x022C8000, 0x022D0000, 0x022D4000, 0x022DC000, 0x022E0000,
0x022E8000, 0x022EC000, 0x022F4000, 0x022F8000, 0x02300000, 0x02304000, 0x0230C000, 0x02310000,
0x02318000, 0x02320000, 0x02324000, 0x0232C000, 0x02330000, 0x02338000, 0x0233C000, 0x02344000,
0x02348000, 0x02350000, 0x02354000, 0x0235C000, 0x02360000, 0x02368000, 0x0236C000, 0x02374000,
0x02378000, 0x02380000, 0x02388000, 0x0238C000, 0x02394000, 0x02398000, 0x023A0000, 0x023A4000,
0x023AC000, 0x023B0000, 0x023B8000, 0x023BC000, 0x023C4000, 0x023CC000, 0x023D0000, 0x023D8000,
0x023DC000, 0x023E4000, 0x023E8000, 0x023F0000, 0x023F4000, 0x023FC000, 0x02400000, 0x02408000,
0x02410000, 0x02414000, 0x0241C000, 0x02420000, 0x02428000, 0x0242C000, 0x02434000, 0x0243C000,
0x02440000, 0x02448000, 0x0244C000, 0x02454000, 0x02458000, 0x02460000, 0x02468000, 0x0246C000,
0x02474000, 0x02478000, 0x02480000, 0x02484000, 0x0248C000, 0x02494000, 0x02498000, 0x024A0000,
0x024A4000, 0x024AC000, 0x024B4000, 0x024B8000, 0x024C0000, 0x024C4000, 0x024CC000, 0x024D4000,
0x024D8000, 0x024E0000, 0x024E4000, 0x024EC000, 0x024F4000, 0x024F8000, 0x02500000, 0x02504000,
0x0250C000, 0x02514000, 0x02518000, 0x02520000, 0x02524000, 0x0252C000, 0x02534000, 0x02538000,
0x02540000, 0x02544000, 0x0254C000, 0x02554000, 0x02558000, 0x02560000, 0x02568000, 0x0256C000,
0x02574000, 0x02578000, 0x02580000, 0x02588000, 0x0258C000, 0x02594000, 0x0259C000, 0x025A0000,
0x025A8000, 0x025AC000, 0x025B4000, 0x025BC000, 0x025C0000, 0x025C8000, 0x025D0000, 0x025D4000,
0x025DC000, 0x025E0000, 0x025E8000, 0x025F0000, 0x025F4000, 0x025FC000, 0x02604000, 0x02608000,
0x02610000, 0x02618000, 0x0261C000, 0x02624000, 0x0262C000, 0x02630000, 0x02638000, 0x02640000,
0x02644000, 0x0264C000, 0x02654000, 0x02658000, 0x02660000, 0x02668000, 0x0266C000, 0x02674000,
0x0267C000, 0x02680000, 0x02688000, 0x02690000, 0x02694000, 0x0269C000, 0x026A4000, 0x026A8000,
0x026B0000, 0x026B8000, 0x026BC000, 0x026C4000, 0x026CC000, 0x026D0000, 0x026D8000, 0x026E0000,
0x026E4000, 0x026EC000, 0x026F4000, 0x026F8000, 0x02700000, 0x02708000, 0x0270C000, 0x02714000,
0x0271C000, 0x02724000, 0x02728000, 0x02730000, 0x02738000, 0x0273C000, 0x02744000, 0x0274C000,
0x02750000, 0x02758000, 0x02760000, 0x02768000, 0x0276C000, 0x02774000, 0x0277C000, 0x02780000,
0x02788000, 0x02790000, 0x02798000, 0x0279C000, 0x027A4000, 0x027AC000, 0x027B0000, 0x027B8000,
0x027C0000, 0x027C8000, 0x027CC000, 0x027D4000, 0x027DC000, 0x027E0000, 0x027E8000, 0x027F0000,
0x027F8000, 0x027FC000, 0x02804000, 0x0280C000, 0x02814000, 0x02818000, 0x02820000, 0x02828000,
0x02830000, 0x02834000, 0x0283C000, 0x02844000, 0x02848000, 0x02850000, 0x02858000, 0x02860000,
0x02864000, 0x0286C000, 0x02874000, 0x0287C000, 0x02880000, 0x02888000, 0x02890000, 0x02898000,
0x028A0000, 0x028A4000, 0x028AC000, 0x028B4000, 0x028BC000, 0x028C0000, 0x028C8000, 0x028D0000,
0x028D8000, 0x028DC000, 0x028E4000, 0x028EC000, 0x028F4000, 0x028F8000, 0x02900000, 0x02908000,
0x02910000, 0x02918000, 0x0291C000, 0x02924000, 0x0292C000, 0x02934000, 0x0293C000, 0x02940000,
0x02948000, 0x02950000, 0x02958000, 0x0295C000, 0x02964000, 0x0296C000, 0x02974000, 0x0297C000,
0x02980000, 0x02988000, 0x02990000, 0x02998000, 0x029A0000, 0x029A4000, 0x029AC000, 0x029B4000,
0x029BC000, 0x029C4000, 0x029C8000, 0x029D0000, 0x029D8000, 0x029E0000, 0x029E8000, 0x029F0000,
0x029F4000, 0x029FC000, 0x02A04000, 0x02A0C000, 0x02A14000, 0x02A18000, 0x02A20000, 0x02A28000,
0x02A30000, 0x02A38000, 0x02A40000, 0x02A44000, 0x02A4C000, 0x02A54000, 0x02A5C000, 0x02A64000,
0x02A6C000, 0x02A70000, 0x02A78000, 0x02A80000, 0x02A88000, 0x02A90000, 0x02A98000, 0x02A9C000,
0x02AA4000, 0x02AAC000, 0x02AB4000, 0x02ABC000, 0x02AC4000, 0x02ACC000, 0x02AD0000, 0x02AD8000,
0x02AE0000, 0x02AE8000, 0x02AF0000, 0x02AF8000, 0x02B00000, 0x02B04000, 0x02B0C000, 0x02B14000,
0x02B1C000, 0x02B24000, 0x02B2C000, 0x02B34000, 0x02B3C000, 0x02B40000, 0x02B48000, 0x02B50000,
0x02B58000, 0x02B60000, 0x02B68000, 0x02B70000, 0x02B78000, 0x02B7C000, 0x02B84000, 0x02B8C000,
0x02B94000, 0x02B9C000, 0x02BA4000, 0x02BAC000, 0x02BB4000, 0x02BBC000, 0x02BC0000, 0x02BC8000,
0x02BD0000, 0x02BD8000, 0x02BE0000, 0x02BE8000, 0x02BF0000, 0x02BF8000, 0x02C00000, 0x02C08000,
0x02C0C000, 0x02C14000, 0x02C1C000, 0x02C24000, 0x02C2C000, 0x02C34000, 0x02C3C000, 0x02C44000,
0x02C4C000, 0x02C54000, 0x02C5C000, 0x02C64000, 0x02C68000, 0x02C70000, 0x02C78000, 0x02C80000,
0x02C88000, 0x02C90000, 0x02C98000, 0x02CA0000, 0x02CA8000, 0x02CB0000, 0x02CB8000, 0x02CC0000,
0x02CC8000, 0x02CD0000, 0x02CD4000, 0x02CDC000, 0x02CE4000, 0x02CEC000, 0x02CF4000, 0x02CFC000,
0x02D04000, 0x02D0C000, 0x02D14000, 0x02D1C000, 0x02D24000, 0x02D2C000, 0x02D34000, 0x02D3C000,
0x02D44000, 0x02D4C000, 0x02D54000, 0x02D5C000, 0x02D64000, 0x02D6C000, 0x02D74000, 0x02D7C000,
0x02D84000, 0x02D8C000, 0x02D90000, 0x02D98000, 0x02DA0000, 0x02DA8000, 0x02DB0000, 0x02DB8000,
0x02DC0000, 0x02DC8000, 0x02DD0000, 0x02DD8000, 0x02DE0000, 0x02DE8000, 0x02DF0000, 0x02DF8000,
0x02E00000, 0x02E08000, 0x02E10000, 0x02E18000, 0x02E20000, 0x02E28000, 0x02E30000, 0x02E38000,
0x02E40000, 0x02E48000, 0x02E50000, 0x02E58000, 0x02E60000, 0x02E68000, 0x02E70000, 0x02E78000,
0x02E80000, 0x02E88000, 0x02E90000, 0x02E98000, 0x02EA0000, 0x02EA8000, 0x02EB0000, 0x02EB8000,
0x02EC0000, 0x02EC8000, 0x02ED4000, 0x02EDC000, 0x02EE4000, 0x02EEC000, 0x02EF4000, 0x02EFC000,
0x02F04000, 0x02F0C000, 0x02F14000, 0x02F1C000, 0x02F24000, 0x02F2C000, 0x02F34000, 0x02F3C000,
0x02F44000, 0x02F4C000, 0x02F54000, 0x02F5C000, 0x02F64000, 0x02F6C000, 0x02F74000, 0x02F7C000,
0x02F84000, 0x02F90000, 0x02F98000, 0x02FA0000, 0x02FA8000, 0x02FB0000, 0x02FB8000, 0x02FC0000,
0x02FC8000, 0x02FD0000, 0x02FD8000, 0x02FE0000, 0x02FE8000, 0x02FF0000, 0x02FF8000, 0x03000000,
0x0300C000, 0x03014000, 0x0301C000, 0x03024000, 0x0302C000, 0x03034000, 0x0303C000, 0x03044000,
0x0304C000, 0x03054000, 0x0305C000, 0x03068000, 0x03070000, 0x03078000, 0x03080000, 0x03088000,
0x03090000, 0x03098000, 0x030A0000, 0x030A8000, 0x030B0000, 0x030BC000, 0x030C4000, 0x030CC000,
0x030D4000, 0x030DC000, 0x030E4000, 0x030EC000, 0x030F4000, 0x03100000, 0x03108000, 0x03110000,
0x03118000, 0x03120000, 0x03128000, 0x03130000, 0x03138000, 0x03144000, 0x0314C000, 0x03154000,
0x0315C000, 0x03164000, 0x0316C000, 0x03174000, 0x03180000, 0x03188000, 0x03190000, 0x03198000,
0x031A0000, 0x031A8000, 0x031B0000, 0x031BC000, 0x031C4000, 0x031CC000, 0x031D4000, 0x031DC000,
0x031E4000, 0x031F0000, 0x031F8000, 0x03200000, 0x03208000, 0x03210000, 0x03218000, 0x03224000,
0x0322C000, 0x03234000, 0x0323C000, 0x03244000, 0x0324C000, 0x03258000, 0x03260000, 0x03268000,
0x03270000, 0x03278000, 0x03280000, 0x0328C000, 0x03294000, 0x0329C000, 0x032A4000, 0x032AC000,
0x032B8000, 0x032C0000, 0x032C8000, 0x032D0000, 0x032D8000, 0x032E4000, 0x032EC000, 0x032F4000,
0x032FC000, 0x03304000, 0x03310000, 0x03318000, 0x03320000, 0x03328000, 0x03334000, 0x0333C000,
0x03344000, 0x0334C000, 0x03354000, 0x03360000, 0x03368000, 0x03370000, 0x03378000, 0x03384000,
0x0338C000, 0x03394000, 0x0339C000, 0x033A4000, 0x033B0000, 0x033B8000, 0x033C0000, 0x033C8000,
0x033D4000, 0x033DC000, 0x033E4000, 0x033EC000, 0x033F8000, 0x03400000, 0x03408000, 0x03410000,
0x0341C000, 0x03424000, 0x0342C000, 0x03434000, 0x03440000, 0x03448000, 0x03450000, 0x0345C000,
0x03464000, 0x0346C000, 0x03474000, 0x03480000, 0x03488000, 0x03490000, 0x03498000, 0x034A4000,
0x034AC000, 0x034B4000, 0x034C0000, 0x034C8000, 0x034D0000, 0x034D8000, 0x034E4000, 0x034EC000,
0x034F4000, 0x03500000, 0x03508000, 0x03510000, 0x03518000, 0x03524000, 0x0352C000, 0x03534000,
0x03540000, 0x03548000, 0x03550000, 0x0355C000, 0x03564000, 0x0356C000, 0x03578000, 0x03580000,
0x03588000, 0x03594000, 0x0359C000, 0x035A4000, 0x035AC000, 0x035B8000, 0x035C0000, 0x035C8000,
0x035D4000, 0x035DC000, 0x035E4000, 0x035F0000, 0x035F8000, 0x03600000, 0x0360C000, 0x03614000,
0x03620000, 0x03628000, 0x03630000, 0x0363C000, 0x03644000, 0x0364C000, 0x03658000, 0x03660000,
0x03668000, 0x03674000, 0x0367C000, 0x03684000, 0x03690000, 0x03698000, 0x036A0000, 0x036AC000,
0x036B4000, 0x036C0000, 0x036C8000, 0x036D0000, 0x036DC000, 0x036E4000, 0x036EC000, 0x036F8000,
0x03700000, 0x0370C000, 0x03714000, 0x0371C000, 0x03728000, 0x03730000, 0x0373C000, 0x03744000,
0x0374C000, 0x03758000, 0x03760000, 0x0376C000, 0x03774000, 0x0377C000, 0x03788000, 0x03790000,
0x0379C000, 0x037A4000, 0x037AC000, 0x037B8000, 0x037C0000, 0x037CC000, 0x037D4000, 0x037DC000,
0x037E8000, 0x037F0000, 0x037FC000, 0x03804000, 0x03810000, 0x03818000, 0x03820000, 0x0382C000,
0x03834000, 0x03840000, 0x03848000, 0x03854000, 0x0385C000, 0x03864000, 0x03870000, 0x03878000,
0x03884000, 0x0388C000, 0x03898000, 0x038A0000, 0x038AC000, 0x038B4000, 0x038C0000, 0x038C8000,
0x038D0000, 0x038DC000, 0x038E4000, 0x038F0000, 0x038F8000, 0x03904000, 0x0390C000, 0x03918000,
0x03920000, 0x0392C000, 0x03934000, 0x03940000, 0x03948000, 0x03954000, 0x0395C000, 0x03968000,
0x03970000, 0x0397C000, 0x03984000, 0x03990000, 0x03998000, 0x039A4000, 0x039AC000, 0x039B8000,
0x039C0000, 0x039CC000, 0x039D4000, 0x039E0000, 0x039E8000, 0x039F4000, 0x039FC000, 0x03A08000,
0x03A10000, 0x03A1C000, 0x03A24000, 0x03A30000, 0x03A38000, 0x03A44000, 0x03A4C000, 0x03A58000,
0x03A60000, 0x03A6C000, 0x03A74000, 0x03A80000, 0x03A88000, 0x03A94000, 0x03A9C000, 0x03AA8000,
0x03AB4000, 0x03ABC000, 0x03AC8000, 0x03AD0000, 0x03ADC000, 0x03AE4000, 0x03AF0000, 0x03AF8000,
0x03B04000, 0x03B10000, 0x03B18000, 0x03B24000, 0x03B2C000, 0x03B38000, 0x03B40000, 0x03B4C000,
0x03B54000, 0x03B60000, 0x03B6C000, 0x03B74000, 0x03B80000, 0x03B88000, 0x03B94000, 0x03B9C000,
0x03BA8000, 0x03BB4000, 0x03BBC000, 0x03BC8000, 0x03BD0000, 0x03BDC000, 0x03BE8000, 0x03BF0000,
0x03BFC000, 0x03C04000, 0x03C10000, 0x03C1C000, 0x03C24000, 0x03C30000, 0x03C38000, 0x03C44000,
0x03C50000, 0x03C58000, 0x03C64000, 0x03C6C000, 0x03C78000, 0x03C84000, 0x03C8C000, 0x03C98000,
0x03CA4000, 0x03CAC000, 0x03CB8000, 0x03CC0000, 0x03CCC000, 0x03CD8000, 0x03CE0000, 0x03CEC000,
0x03CF8000, 0x03D00000, 0x03D0C000, 0x03D18000, 0x03D20000, 0x03D2C000, 0x03D38000, 0x03D40000,
0x03D4C000, 0x03D54000, 0x03D60000, 0x03D6C000, 0x03D74000, 0x03D80000, 0x03D8C000, 0x03D94000,
0x03DA0000, 0x03DAC000, 0x03DB4000, 0x03DC0000, 0x03DCC000, 0x03DD8000, 0x03DE0000, 0x03DEC000,
0x03DF8000, 0x03E00000, 0x03E0C000, 0x03E18000, 0x03E20000, 0x03E2C000, 0x03E38000, 0x03E40000,
0x03E4C000, 0x03E58000, 0x03E60000, 0x03E6C000, 0x03E78000, 0x03E84000, 0x03E8C000, 0x03E98000,
0x03EA4000, 0x03EAC000, 0x03EB8000, 0x03EC4000, 0x03ED0000, 0x03ED8000, 0x03EE4000, 0x03EF0000,
0x03EF8000, 0x03F04000, 0x03F10000, 0x03F1C000, 0x03F24000, 0x03F30000, 0x03F3C000, 0x03F48000,
0x03F50000, 0x03F5C000, 0x03F68000, 0x03F74000, 0x03F7C000, 0x03F88000, 0x03F94000, 0x03FA0000,
0x03FA8000, 0x03FB4000, 0x03FC0000, 0x03FCC000, 0x03FD4000, 0x03FE0000, 0x03FEC000, 0x03FF8000,
0x04000000, 0x04010000, 0x04018000, 0x04028000, 0x04030000, 0x04038000, 0x04048000, 0x04050000,
0x04060000, 0x04068000, 0x04070000, 0x04080000, 0x04088000, 0x04098000, 0x040A0000, 0x040A8000,
0x040B8000, 0x040C0000, 0x040D0000, 0x040D8000, 0x040E0000, 0x040F0000, 0x040F8000, 0x04108000,
0x04110000, 0x04118000, 0x04128000, 0x04130000, 0x04140000, 0x04148000, 0x04158000, 0x04160000,
0x04168000, 0x04178000, 0x04180000, 0x04190000, 0x04198000, 0x041A0000, 0x041B0000, 0x041B8000,
0x041C8000, 0x041D0000, 0x041E0000, 0x041E8000, 0x041F0000, 0x04200000, 0x04208000, 0x04218000,
0x04220000, 0x04230000, 0x04238000, 0x04240000, 0x04250000, 0x04258000, 0x04268000, 0x04270000,
0x04280000, 0x04288000, 0x04298000, 0x042A0000, 0x042A8000, 0x042B8000, 0x042C0000, 0x042D0000,
0x042D8000, 0x042E8000, 0x042F0000, 0x04300000, 0x04308000, 0x04310000, 0x04320000, 0x04328000,
0x04338000, 0x04340000, 0x04350000, 0x04358000, 0x04368000, 0x04370000, 0x04380000, 0x04388000,
0x04390000, 0x043A0000, 0x043A8000, 0x043B8000, 0x043C0000, 0x043D0000, 0x043D8000, 0x043E8000,
0x043F0000, 0x04400000, 0x04408000, 0x04418000, 0x04420000, 0x04430000, 0x04438000, 0x04448000,
0x04450000, 0x04458000, 0x04468000, 0x04470000, 0x04480000, 0x04488000, 0x04498000, 0x044A0000,
0x044B0000, 0x044B8000, 0x044C8000, 0x044D0000, 0x044E0000, 0x044E8000, 0x044F8000, 0x04500000,
0x04510000, 0x04518000, 0x04528000, 0x04530000, 0x04540000, 0x04548000, 0x04558000, 0x04560000,
0x04570000, 0x04578000, 0x04588000, 0x04590000, 0x045A0000, 0x045A8000, 0x045B8000, 0x045C0000,
0x045D0000, 0x045D8000, 0x045E8000, 0x045F0000, 0x04600000, 0x04608000, 0x04618000, 0x04620000,
0x04630000, 0x04640000, 0x04648000, 0x04658000, 0x04660000, 0x04670000, 0x04678000, 0x04688000,
0x04690000, 0x046A0000, 0x046A8000, 0x046B8000, 0x046C0000, 0x046D0000, 0x046D8000, 0x046E8000,
0x046F0000, 0x04700000, 0x04710000, 0x04718000, 0x04728000, 0x04730000, 0x04740000, 0x04748000,
0x04758000, 0x04760000, 0x04770000, 0x04778000, 0x04788000, 0x04798000, 0x047A0000, 0x047B0000,
0x047B8000, 0x047C8000, 0x047D0000, 0x047E0000, 0x047E8000, 0x047F8000, 0x04800000, 0x04810000,
0x04820000, 0x04828000, 0x04838000, 0x04840000, 0x04850000, 0x04858000, 0x04868000, 0x04878000,
0x04880000, 0x04890000, 0x04898000, 0x048A8000, 0x048B0000, 0x048C0000, 0x048D0000, 0x048D8000,
0x048E8000, 0x048F0000, 0x04900000, 0x04908000, 0x04918000, 0x04928000, 0x04930000, 0x04940000,
0x04948000, 0x04958000, 0x04968000, 0x04970000, 0x04980000, 0x04988000, 0x04998000, 0x049A8000,
0x049B0000, 0x049C0000, 0x049C8000, 0x049D8000, 0x049E8000, 0x049F0000, 0x04A00000, 0x04A08000,
0x04A18000, 0x04A28000, 0x04A30000, 0x04A40000, 0x04A48000, 0x04A58000, 0x04A68000, 0x04A70000,
0x04A80000, 0x04A88000, 0x04A98000, 0x04AA8000, 0x04AB0000, 0x04AC0000, 0x04AD0000, 0x04AD8000,
0x04AE8000, 0x04AF0000, 0x04B00000, 0x04B10000, 0x04B18000, 0x04B28000, 0x04B38000, 0x04B40000,
0x04B50000, 0x04B58000, 0x04B68000, 0x04B78000, 0x04B80000, 0x04B90000, 0x04BA0000, 0x04BA8000,
0x04BB8000, 0x04BC0000, 0x04BD0000, 0x04BE0000, 0x04BE8000, 0x04BF8000, 0x04C08000, 0x04C10000,
0x04C20000, 0x04C30000, 0x04C38000, 0x04C48000, 0x04C58000, 0x04C60000, 0x04C70000, 0x04C80000,
0x04C88000, 0x04C98000, 0x04CA8000, 0x04CB0000, 0x04CC0000, 0x04CD0000, 0x04CD8000, 0x04CE8000,
0x04CF8000, 0x04D00000, 0x04D10000, 0x04D20000, 0x04D28000, 0x04D38000, 0x04D48000, 0x04D50000,
0x04D60000, 0x04D70000, 0x04D78000, 0x04D88000, 0x04D98000, 0x04DA0000, 0x04DB0000, 0x04DC0000,
0x04DC8000, 0x04DD8000, 0x04DE8000, 0x04DF0000, 0x04E00000, 0x04E10000, 0x04E18000, 0x04E28000,
0x04E38000, 0x04E48000, 0x04E50000, 0x04E60000, 0x04E70000, 0x04E78000, 0x04E88000, 0x04E98000,
0x04EA0000, 0x04EB0000, 0x04EC0000, 0x04ED0000, 0x04ED8000, 0x04EE8000, 0x04EF8000, 0x04F00000,
0x04F10000, 0x04F20000, 0x04F30000, 0x04F38000, 0x04F48000, 0x04F58000, 0x04F60000, 0x04F70000,
0x04F80000, 0x04F90000, 0x04F98000, 0x04FA8000, 0x04FB8000, 0x04FC0000, 0x04FD0000, 0x04FE0000,
0x04FF0000, 0x04FF8000, 0x05008000, 0x05018000, 0x05028000, 0x05030000, 0x05040000, 0x05050000,
0x05060000, 0x05068000, 0x05078000, 0x05088000, 0x05090000, 0x050A0000, 0x050B0000, 0x050C0000,
0x050C8000, 0x050D8000, 0x050E8000, 0x050F8000, 0x05100000, 0x05110000, 0x05120000, 0x05130000,
0x05140000, 0x05148000, 0x05158000, 0x05168000, 0x05178000, 0x05180000, 0x05190000, 0x051A0000,
0x051B0000, 0x051B8000, 0x051C8000, 0x051D8000, 0x051E8000, 0x051F0000, 0x05200000, 0x05210000,
0x05220000, 0x05230000, 0x05238000, 0x05248000, 0x05258000, 0x05268000, 0x05278000, 0x05280000,
0x05290000, 0x052A0000, 0x052B0000, 0x052B8000, 0x052C8000, 0x052D8000, 0x052E8000, 0x052F8000,
0x05300000, 0x05310000, 0x05320000, 0x05330000, 0x05340000, 0x05348000, 0x05358000, 0x05368000,
0x05378000, 0x05388000, 0x05390000, 0x053A0000, 0x053B0000, 0x053C0000, 0x053D0000, 0x053E0000,
0x053E8000, 0x053F8000, 0x05408000, 0x05418000, 0x05428000, 0x05430000, 0x05440000, 0x05450000,
0x05460000, 0x05470000, 0x05480000, 0x05488000, 0x05498000, 0x054A8000, 0x054B8000, 0x054C8000,
0x054D8000, 0x054E0000, 0x054F0000, 0x05500000, 0x05510000, 0x05520000, 0x05530000, 0x05538000,
0x05548000, 0x05558000, 0x05568000, 0x05578000, 0x05588000, 0x05598000, 0x055A0000, 0x055B0000,
0x055C0000, 0x055D0000, 0x055E0000, 0x055F0000, 0x05600000, 0x05608000, 0x05618000, 0x05628000,
0x05638000, 0x05648000, 0x05658000, 0x05668000, 0x05678000, 0x05680000, 0x05690000, 0x056A0000,
0x056B0000, 0x056C0000, 0x056D0000, 0x056E0000, 0x056F0000, 0x056F8000, 0x05708000, 0x05718000,
0x05728000, 0x05738000, 0x05748000, 0x05758000, 0x05768000, 0x05778000, 0x05780000, 0x05790000,
0x057A0000, 0x057B0000, 0x057C0000, 0x057D0000, 0x057E0000, 0x057F0000, 0x05800000, 0x05810000,
0x05818000, 0x05828000, 0x05838000, 0x05848000, 0x05858000, 0x05868000, 0x05878000, 0x05888000,
0x05898000, 0x058A8000, 0x058B8000, 0x058C8000, 0x058D0000, 0x058E0000, 0x058F0000, 0x05900000,
0x05910000, 0x05920000, 0x05930000, 0x05940000, 0x05950000, 0x05960000, 0x05970000, 0x05980000,
0x05990000, 0x059A0000, 0x059A8000, 0x059B8000, 0x059C8000, 0x059D8000, 0x059E8000, 0x059F8000,
0x05A08000, 0x05A18000, 0x05A28000, 0x05A38000, 0x05A48000, 0x05A58000, 0x05A68000, 0x05A78000,
0x05A88000, 0x05A98000, 0x05AA8000, 0x05AB8000, 0x05AC8000, 0x05AD8000, 0x05AE8000, 0x05AF8000,
0x05B08000, 0x05B18000, 0x05B20000, 0x05B30000, 0x05B40000, 0x05B50000, 0x05B60000, 0x05B70000,
0x05B80000, 0x05B90000, 0x05BA0000, 0x05BB0000, 0x05BC0000, 0x05BD0000, 0x05BE0000, 0x05BF0000,
0x05C00000, 0x05C10000, 0x05C20000, 0x05C30000, 0x05C40000, 0x05C50000, 0x05C60000, 0x05C70000,
0x05C80000, 0x05C90000, 0x05CA0000, 0x05CB0000, 0x05CC0000, 0x05CD0000, 0x05CE0000, 0x05CF0000,
0x05D00000, 0x05D10000, 0x05D20000, 0x05D30000, 0x05D40000, 0x05D50000, 0x05D60000, 0x05D70000,
0x05D80000, 0x05D90000, 0x05DA8000, 0x05DB8000, 0x05DC8000, 0x05DD8000, 0x05DE8000, 0x05DF8000,
0x05E08000, 0x05E18000, 0x05E28000, 0x05E38000, 0x05E48000, 0x05E58000, 0x05E68000, 0x05E78000,
0x05E88000, 0x05E98000, 0x05EA8000, 0x05EB8000, 0x05EC8000, 0x05ED8000, 0x05EE8000, 0x05EF8000,
0x05F08000, 0x05F20000, 0x05F30000, 0x05F40000, 0x05F50000, 0x05F60000, 0x05F70000, 0x05F80000,
0x05F90000, 0x05FA0000, 0x05FB0000, 0x05FC0000, 0x05FD0000, 0x05FE0000, 0x05FF0000, 0x06000000,
0x06018000, 0x06028000, 0x06038000, 0x06048000, 0x06058000, 0x06068000, 0x06078000, 0x06088000,
0x06098000, 0x060A8000, 0x060B8000, 0x060D0000, 0x060E0000, 0x060F0000, 0x06100000, 0x06110000,
0x06120000, 0x06130000, 0x06140000, 0x06150000, 0x06160000, 0x06178000, 0x06188000, 0x06198000,
0x061A8000, 0x061B8000, 0x061C8000, 0x061D8000, 0x061E8000, 0x06200000, 0x06210000, 0x06220000,
0x06230000, 0x06240000, 0x06250000, 0x06260000, 0x06270000, 0x06288000, 0x06298000, 0x062A8000,
0x062B8000, 0x062C8000, 0x062D8000, 0x062E8000, 0x06300000, 0x06310000, 0x06320000, 0x06330000,
0x06340000, 0x06350000, 0x06360000, 0x06378000, 0x06388000, 0x06398000, 0x063A8000, 0x063B8000,
0x063C8000, 0x063E0000, 0x063F0000, 0x06400000, 0x06410000, 0x06420000, 0x06430000, 0x06448000,
0x06458000, 0x06468000, 0x06478000, 0x06488000, 0x06498000, 0x064B0000, 0x064C0000, 0x064D0000,
0x064E0000, 0x064F0000, 0x06500000, 0x06518000, 0x06528000, 0x06538000, 0x06548000, 0x06558000,
0x06570000, 0x06580000, 0x06590000, 0x065A0000, 0x065B0000, 0x065C8000, 0x065D8000, 0x065E8000,
0x065F8000, 0x06608000, 0x06620000, 0x06630000, 0x06640000, 0x06650000, 0x06668000, 0x06678000,
0x06688000, 0x06698000, 0x066A8000, 0x066C0000, 0x066D0000, 0x066E0000, 0x066F0000, 0x06708000,
0x06718000, 0x06728000, 0x06738000, 0x06748000, 0x06760000, 0x06770000, 0x06780000, 0x06790000,
0x067A8000, 0x067B8000, 0x067C8000, 0x067D8000, 0x067F0000, 0x06800000, 0x06810000, 0x06820000,
0x06838000, 0x06848000, 0x06858000, 0x06868000, 0x06880000, 0x06890000, 0x068A0000, 0x068B8000,
0x068C8000, 0x068D8000, 0x068E8000, 0x06900000, 0x06910000, 0x06920000, 0x06930000, 0x06948000,
0x06958000, 0x06968000, 0x06980000, 0x06990000, 0x069A0000, 0x069B0000, 0x069C8000, 0x069D8000,
0x069E8000, 0x06A00000, 0x06A10000, 0x06A20000, 0x06A30000, 0x06A48000, 0x06A58000, 0x06A68000,
0x06A80000, 0x06A90000, 0x06AA0000, 0x06AB8000, 0x06AC8000, 0x06AD8000, 0x06AF0000, 0x06B00000,
0x06B10000, 0x06B28000, 0x06B38000, 0x06B48000, 0x06B58000, 0x06B70000, 0x06B80000, 0x06B90000,
0x06BA8000, 0x06BB8000, 0x06BC8000, 0x06BE0000, 0x06BF0000, 0x06C00000, 0x06C18000, 0x06C28000,
0x06C40000, 0x06C50000, 0x06C60000, 0x06C78000, 0x06C88000, 0x06C98000, 0x06CB0000, 0x06CC0000,
0x06CD0000, 0x06CE8000, 0x06CF8000, 0x06D08000, 0x06D20000, 0x06D30000, 0x06D40000, 0x06D58000,
0x06D68000, 0x06D80000, 0x06D90000, 0x06DA0000, 0x06DB8000, 0x06DC8000, 0x06DD8000, 0x06DF0000,
0x06E00000, 0x06E18000, 0x06E28000, 0x06E38000, 0x06E50000, 0x06E60000, 0x06E78000, 0x06E88000,
0x06E98000, 0x06EB0000, 0x06EC0000, 0x06ED8000, 0x06EE8000, 0x06EF8000, 0x06F10000, 0x06F20000,
0x06F38000, 0x06F48000, 0x06F58000, 0x06F70000, 0x06F80000, 0x06F98000, 0x06FA8000, 0x06FB8000,
0x06FD0000, 0x06FE0000, 0x06FF8000, 0x07008000, 0x07020000, 0x07030000, 0x07040000, 0x07058000,
0x07068000, 0x07080000, 0x07090000, 0x070A8000, 0x070B8000, 0x070C8000, 0x070E0000, 0x070F0000,
0x07108000, 0x07118000, 0x07130000, 0x07140000, 0x07158000, 0x07168000, 0x07180000, 0x07190000,
0x071A0000, 0x071B8000, 0x071C8000, 0x071E0000, 0x071F0000, 0x07208000, 0x07218000, 0x07230000,
0x07240000, 0x07258000, 0x07268000, 0x07280000, 0x07290000, 0x072A8000, 0x072B8000, 0x072D0000,
0x072E0000, 0x072F8000, 0x07308000, 0x07320000, 0x07330000, 0x07348000, 0x07358000, 0x07370000,
0x07380000, 0x07398000, 0x073A8000, 0x073C0000, 0x073D0000, 0x073E8000, 0x073F8000, 0x07410000,
0x07420000, 0x07438000, 0x07448000, 0x07460000, 0x07470000, 0x07488000, 0x07498000, 0x074B0000,
0x074C0000, 0x074D8000, 0x074E8000, 0x07500000, 0x07510000, 0x07528000, 0x07538000, 0x07550000,
0x07568000, 0x07578000, 0x07590000, 0x075A0000, 0x075B8000, 0x075C8000, 0x075E0000, 0x075F0000,
0x07608000, 0x07620000, 0x07630000, 0x07648000, 0x07658000, 0x07670000, 0x07680000, 0x07698000,
0x076A8000, 0x076C0000, 0x076D8000, 0x076E8000, 0x07700000, 0x07710000, 0x07728000, 0x07738000,
0x07750000, 0x07768000, 0x07778000, 0x07790000, 0x077A0000, 0x077B8000, 0x077D0000, 0x077E0000,
0x077F8000, 0x07808000, 0x07820000, 0x07838000, 0x07848000, 0x07860000, 0x07870000, 0x07888000,
0x078A0000, 0x078B0000, 0x078C8000, 0x078D8000, 0x078F0000, 0x07908000, 0x07918000, 0x07930000,
0x07948000, 0x07958000, 0x07970000, 0x07980000, 0x07998000, 0x079B0000, 0x079C0000, 0x079D8000,
0x079F0000, 0x07A00000, 0x07A18000, 0x07A30000, 0x07A40000, 0x07A58000, 0x07A70000, 0x07A80000,
0x07A98000, 0x07AA8000, 0x07AC0000, 0x07AD8000, 0x07AE8000, 0x07B00000, 0x07B18000, 0x07B28000,
0x07B40000, 0x07B58000, 0x07B68000, 0x07B80000, 0x07B98000, 0x07BB0000, 0x07BC0000, 0x07BD8000,
0x07BF0000, 0x07C00000, 0x07C18000, 0x07C30000, 0x07C40000, 0x07C58000, 0x07C70000, 0x07C80000,
0x07C98000, 0x07CB0000, 0x07CC0000, 0x07CD8000, 0x07CF0000, 0x07D08000, 0x07D18000, 0x07D30000,
0x07D48000, 0x07D58000, 0x07D70000, 0x07D88000, 0x07DA0000, 0x07DB0000, 0x07DC8000, 0x07DE0000,
0x07DF0000, 0x07E08000, 0x07E20000, 0x07E38000, 0x07E48000, 0x07E60000, 0x07E78000, 0x07E90000,
0x07EA0000, 0x07EB8000, 0x07ED0000, 0x07EE8000, 0x07EF8000, 0x07F10000, 0x07F28000, 0x07F40000,
0x07F50000, 0x07F68000, 0x07F80000, 0x07F98000, 0x07FA8000, 0x07FC0000, 0x07FD8000, 0x07FF0000,
0x08000000, 0x08020000, 0x08030000, 0x08050000, 0x08060000, 0x08070000, 0x08090000, 0x080A0000,
0x080C0000, 0x080D0000, 0x080E0000, 0x08100000, 0x08110000, 0x08130000, 0x08140000, 0x08150000,
0x08170000, 0x08180000, 0x081A0000, 0x081B0000, 0x081C0000, 0x081E0000, 0x081F0000, 0x08210000,
0x08220000, 0x08230000, 0x08250000, 0x08260000, 0x08280000, 0x08290000, 0x082B0000, 0x082C0000,
0x082D0000, 0x082F0000, 0x08300000, 0x08320000, 0x08330000, 0x08340000, 0x08360000, 0x08370000,
0x08390000, 0x083A0000, 0x083C0000, 0x083D0000, 0x083E0000, 0x08400000, 0x08410000, 0x08430000,
0x08440000, 0x08460000, 0x08470000, 0x08480000, 0x084A0000, 0x084B0000, 0x084D0000, 0x084E0000,
0x08500000, 0x08510000, 0x08530000, 0x08540000, 0x08550000, 0x08570000, 0x08580000, 0x085A0000,
0x085B0000, 0x085D0000, 0x085E0000, 0x08600000, 0x08610000, 0x08620000, 0x08640000, 0x08650000,
0x08670000, 0x08680000, 0x086A0000, 0x086B0000, 0x086D0000, 0x086E0000, 0x08700000, 0x08710000,
0x08720000, 0x08740000, 0x08750000, 0x08770000, 0x08780000, 0x087A0000, 0x087B0000, 0x087D0000,
0x087E0000, 0x08800000, 0x08810000, 0x08830000, 0x08840000, 0x08860000, 0x08870000, 0x08890000,
0x088A0000, 0x088B0000, 0x088D0000, 0x088E0000, 0x08900000, 0x08910000, 0x08930000, 0x08940000,
0x08960000, 0x08970000, 0x08990000, 0x089A0000, 0x089C0000, 0x089D0000, 0x089F0000, 0x08A00000,
0x08A20000, 0x08A30000, 0x08A50000, 0x08A60000, 0x08A80000, 0x08A90000, 0x08AB0000, 0x08AC0000,
0x08AE0000, 0x08AF0000, 0x08B10000, 0x08B20000, 0x08B40000, 0x08B50000, 0x08B70000, 0x08B80000,
0x08BA0000, 0x08BB0000, 0x08BD0000, 0x08BE0000, 0x08C00000, 0x08C10000, 0x08C30000, 0x08C40000,
0x08C60000, 0x08C80000, 0x08C90000, 0x08CB0000, 0x08CC0000, 0x08CE0000, 0x08CF0000, 0x08D10000,
0x08D20000, 0x08D40000, 0x08D50000, 0x08D70000, 0x08D80000, 0x08DA0000, 0x08DB0000, 0x08DD0000,
0x08DE0000, 0x08E00000, 0x08E20000, 0x08E30000, 0x08E50000, 0x08E60000, 0x08E80000, 0x08E90000,
0x08EB0000, 0x08EC0000, 0x08EE0000, 0x08EF0000, 0x08F10000, 0x08F30000, 0x08F40000, 0x08F60000,
0x08F70000, 0x08F90000, 0x08FA0000, 0x08FC0000, 0x08FD0000, 0x08FF0000, 0x09000000, 0x09020000,
0x09040000, 0x09050000, 0x09070000, 0x09080000, 0x090A0000, 0x090B0000, 0x090D0000, 0x090F0000,
0x09100000, 0x09120000, 0x09130000, 0x09150000, 0x09160000, 0x09180000, 0x091A0000, 0x091B0000,
0x091D0000, 0x091E0000, 0x09200000, 0x09210000, 0x09230000, 0x09250000, 0x09260000, 0x09280000,
0x09290000, 0x092B0000, 0x092D0000, 0x092E0000, 0x09300000, 0x09310000, 0x09330000, 0x09350000,
0x09360000, 0x09380000, 0x09390000, 0x093B0000, 0x093D0000, 0x093E0000, 0x09400000, 0x09410000,
0x09430000, 0x09450000, 0x09460000, 0x09480000, 0x09490000, 0x094B0000, 0x094D0000, 0x094E0000,
0x09500000, 0x09510000, 0x09530000, 0x09550000, 0x09560000, 0x09580000, 0x095A0000, 0x095B0000,
0x095D0000, 0x095E0000, 0x09600000, 0x09620000, 0x09630000, 0x09650000, 0x09670000, 0x09680000,
0x096A0000, 0x096B0000, 0x096D0000, 0x096F0000, 0x09700000, 0x09720000, 0x09740000, 0x09750000,
0x09770000, 0x09780000, 0x097A0000, 0x097C0000, 0x097D0000, 0x097F0000, 0x09810000, 0x09820000,
0x09840000, 0x09860000, 0x09870000, 0x09890000, 0x098B0000, 0x098C0000, 0x098E0000, 0x09900000,
0x09910000, 0x09930000, 0x09950000, 0x09960000, 0x09980000, 0x099A0000, 0x099B0000, 0x099D0000,
0x099F0000, 0x09A00000, 0x09A20000, 0x09A40000, 0x09A50000, 0x09A70000, 0x09A90000, 0x09AA0000,
0x09AC0000, 0x09AE0000, 0x09AF0000, 0x09B10000, 0x09B30000, 0x09B40000, 0x09B60000, 0x09B80000,
0x09B90000, 0x09BB0000, 0x09BD0000, 0x09BE0000, 0x09C00000, 0x09C20000, 0x09C30000, 0x09C50000,
0x09C70000, 0x09C90000, 0x09CA0000, 0x09CC0000, 0x09CE0000, 0x09CF0000, 0x09D10000, 0x09D30000,
0x09D40000, 0x09D60000, 0x09D80000, 0x09DA0000, 0x09DB0000, 0x09DD0000, 0x09DF0000, 0x09E00000,
0x09E20000, 0x09E40000, 0x09E60000, 0x09E70000, 0x09E90000, 0x09EB0000, 0x09EC0000, 0x09EE0000,
0x09F00000, 0x09F20000, 0x09F30000, 0x09F50000, 0x09F70000, 0x09F80000, 0x09FA0000, 0x09FC0000,
0x09FE0000, 0x09FF0000, 0x0A010000, 0x0A030000, 0x0A050000, 0x0A060000, 0x0A080000, 0x0A0A0000,
0x0A0C0000, 0x0A0D0000, 0x0A0F0000, 0x0A110000, 0x0A120000, 0x0A140000, 0x0A160000, 0x0A180000,
0x0A190000, 0x0A1B0000, 0x0A1D0000, 0x0A1F0000, 0x0A200000, 0x0A220000, 0x0A240000, 0x0A260000,
0x0A280000, 0x0A290000, 0x0A2B0000, 0x0A2D0000, 0x0A2F0000, 0x0A300000, 0x0A320000, 0x0A340000,
0x0A360000, 0x0A370000, 0x0A390000, 0x0A3B0000, 0x0A3D0000, 0x0A3E0000, 0x0A400000, 0x0A420000,
0x0A440000, 0x0A460000, 0x0A470000, 0x0A490000, 0x0A4B0000, 0x0A4D0000, 0x0A4F0000, 0x0A500000,
0x0A520000, 0x0A540000, 0x0A560000, 0x0A570000, 0x0A590000, 0x0A5B0000, 0x0A5D0000, 0x0A5F0000,
0x0A600000, 0x0A620000, 0x0A640000, 0x0A660000, 0x0A680000, 0x0A690000, 0x0A6B0000, 0x0A6D0000,
0x0A6F0000, 0x0A710000, 0x0A720000, 0x0A740000, 0x0A760000, 0x0A780000, 0x0A7A0000, 0x0A7C0000,
0x0A7D0000, 0x0A7F0000, 0x0A810000, 0x0A830000, 0x0A850000, 0x0A860000, 0x0A880000, 0x0A8A0000,
0x0A8C0000, 0x0A8E0000, 0x0A900000, 0x0A910000, 0x0A930000, 0x0A950000, 0x0A970000, 0x0A990000,
0x0A9B0000, 0x0A9C0000, 0x0A9E0000, 0x0AA00000, 0x0AA20000, 0x0AA40000, 0x0AA60000, 0x0AA70000,
0x0AA90000, 0x0AAB0000, 0x0AAD0000, 0x0AAF0000, 0x0AB10000, 0x0AB30000, 0x0AB40000, 0x0AB60000,
0x0AB80000, 0x0ABA0000, 0x0ABC0000, 0x0ABE0000, 0x0AC00000, 0x0AC10000, 0x0AC30000, 0x0AC50000,
0x0AC70000, 0x0AC90000, 0x0ACB0000, 0x0ACD0000, 0x0ACF0000, 0x0AD00000, 0x0AD20000, 0x0AD40000,
0x0AD60000, 0x0AD80000, 0x0ADA0000, 0x0ADC0000, 0x0ADE0000, 0x0ADF0000, 0x0AE10000, 0x0AE30000,
0x0AE50000, 0x0AE70000, 0x0AE90000, 0x0AEB0000, 0x0AED0000, 0x0AEF0000, 0x0AF00000, 0x0AF20000,
0x0AF40000, 0x0AF60000, 0x0AF80000, 0x0AFA0000, 0x0AFC0000, 0x0AFE0000, 0x0B000000, 0x0B020000,
0x0B030000, 0x0B050000, 0x0B070000, 0x0B090000, 0x0B0B0000, 0x0B0D0000, 0x0B0F0000, 0x0B110000,
0x0B130000, 0x0B150000, 0x0B170000, 0x0B190000, 0x0B1A0000, 0x0B1C0000, 0x0B1E0000, 0x0B200000,
0x0B220000, 0x0B240000, 0x0B260000, 0x0B280000, 0x0B2A0000, 0x0B2C0000, 0x0B2E0000, 0x0B300000,
0x0B320000, 0x0B340000, 0x0B350000, 0x0B370000, 0x0B390000, 0x0B3B0000, 0x0B3D0000, 0x0B3F0000,
0x0B410000, 0x0B430000, 0x0B450000, 0x0B470000, 0x0B490000, 0x0B4B0000, 0x0B4D0000, 0x0B4F0000,
0x0B510000, 0x0B530000, 0x0B550000, 0x0B570000, 0x0B590000, 0x0B5B0000, 0x0B5D0000, 0x0B5F0000,
0x0B610000, 0x0B630000, 0x0B640000, 0x0B660000, 0x0B680000, 0x0B6A0000, 0x0B6C0000, 0x0B6E0000,
0x0B700000, 0x0B720000, 0x0B740000, 0x0B760000, 0x0B780000, 0x0B7A0000, 0x0B7C0000, 0x0B7E0000,
0x0B800000, 0x0B820000, 0x0B840000, 0x0B860000, 0x0B880000, 0x0B8A0000, 0x0B8C0000, 0x0B8E0000,
0x0B900000, 0x0B920000, 0x0B940000, 0x0B960000, 0x0B980000, 0x0B9A0000, 0x0B9C0000, 0x0B9E0000,
0x0BA00000, 0x0BA20000, 0x0BA40000, 0x0BA60000, 0x0BA80000, 0x0BAA0000, 0x0BAC0000, 0x0BAE0000,
0x0BB00000, 0x0BB20000, 0x0BB50000, 0x0BB70000, 0x0BB90000, 0x0BBB0000, 0x0BBD0000, 0x0BBF0000,
0x0BC10000, 0x0BC30000, 0x0BC50000, 0x0BC70000, 0x0BC90000, 0x0BCB0000, 0x0BCD0000, 0x0BCF0000,
0x0BD10000, 0x0BD30000, 0x0BD50000, 0x0BD70000, 0x0BD90000, 0x0BDB0000, 0x0BDD0000, 0x0BDF0000,
0x0BE10000, 0x0BE40000, 0x0BE60000, 0x0BE80000, 0x0BEA0000, 0x0BEC0000, 0x0BEE0000, 0x0BF00000,
0x0BF20000, 0x0BF40000, 0x0BF60000, 0x0BF80000, 0x0BFA0000, 0x0BFC0000, 0x0BFE0000, 0x0C000000,
0x0C030000, 0x0C050000, 0x0C070000, 0x0C090000, 0x0C0B0000, 0x0C0D0000, 0x0C0F0000, 0x0C110000,
0x0C130000, 0x0C150000, 0x0C170000, 0x0C1A0000, 0x0C1C0000, 0x0C1E0000, 0x0C200000, 0x0C220000,
0x0C240000, 0x0C260000, 0x0C280000, 0x0C2A0000, 0x0C2C0000, 0x0C2F0000, 0x0C310000, 0x0C330000,
0x0C350000, 0x0C370000, 0x0C390000, 0x0C3B0000, 0x0C3D0000, 0x0C400000, 0x0C420000, 0x0C440000,
0x0C460000, 0x0C480000, 0x0C4A0000, 0x0C4C0000, 0x0C4E0000, 0x0C510000, 0x0C530000, 0x0C550000,
0x0C570000, 0x0C590000, 0x0C5B0000, 0x0C5D0000, 0x0C600000, 0x0C620000, 0x0C640000, 0x0C660000,
0x0C680000, 0x0C6A0000, 0x0C6C0000, 0x0C6F0000, 0x0C710000, 0x0C730000, 0x0C750000, 0x0C770000,
0x0C790000, 0x0C7C0000, 0x0C7E0000, 0x0C800000, 0x0C820000, 0x0C840000, 0x0C860000, 0x0C890000,
0x0C8B0000, 0x0C8D0000, 0x0C8F0000, 0x0C910000, 0x0C930000, 0x0C960000, 0x0C980000, 0x0C9A0000,
0x0C9C0000, 0x0C9E0000, 0x0CA00000, 0x0CA30000, 0x0CA50000, 0x0CA70000, 0x0CA90000, 0x0CAB0000,
0x0CAE0000, 0x0CB00000, 0x0CB20000, 0x0CB40000, 0x0CB60000, 0x0CB90000, 0x0CBB0000, 0x0CBD0000,
0x0CBF0000, 0x0CC10000, 0x0CC40000, 0x0CC60000, 0x0CC80000, 0x0CCA0000, 0x0CCD0000, 0x0CCF0000,
0x0CD10000, 0x0CD30000, 0x0CD50000, 0x0CD80000, 0x0CDA0000, 0x0CDC0000, 0x0CDE0000, 0x0CE10000,
0x0CE30000, 0x0CE50000, 0x0CE70000, 0x0CE90000, 0x0CEC0000, 0x0CEE0000, 0x0CF00000, 0x0CF20000,
0x0CF50000, 0x0CF70000, 0x0CF90000, 0x0CFB0000, 0x0CFE0000, 0x0D000000, 0x0D020000, 0x0D040000,
0x0D070000, 0x0D090000, 0x0D0B0000, 0x0D0D0000, 0x0D100000, 0x0D120000, 0x0D140000, 0x0D170000,
0x0D190000, 0x0D1B0000, 0x0D1D0000, 0x0D200000, 0x0D220000, 0x0D240000, 0x0D260000, 0x0D290000,
0x0D2B0000, 0x0D2D0000, 0x0D300000, 0x0D320000, 0x0D340000, 0x0D360000, 0x0D390000, 0x0D3B0000,
0x0D3D0000, 0x0D400000, 0x0D420000, 0x0D440000, 0x0D460000, 0x0D490000, 0x0D4B0000, 0x0D4D0000,
0x0D500000, 0x0D520000, 0x0D540000, 0x0D570000, 0x0D590000, 0x0D5B0000, 0x0D5E0000, 0x0D600000,
0x0D620000, 0x0D650000, 0x0D670000, 0x0D690000, 0x0D6B0000, 0x0D6E0000, 0x0D700000, 0x0D720000,
0x0D750000, 0x0D770000, 0x0D790000, 0x0D7C0000, 0x0D7E0000, 0x0D800000, 0x0D830000, 0x0D850000,
0x0D880000, 0x0D8A0000, 0x0D8C0000, 0x0D8F0000, 0x0D910000, 0x0D930000, 0x0D960000, 0x0D980000,
0x0D9A0000, 0x0D9D0000, 0x0D9F0000, 0x0DA10000, 0x0DA40000, 0x0DA60000, 0x0DA80000, 0x0DAB0000,
0x0DAD0000, 0x0DB00000, 0x0DB20000, 0x0DB40000, 0x0DB70000, 0x0DB90000, 0x0DBB0000, 0x0DBE0000,
0x0DC00000, 0x0DC30000, 0x0DC50000, 0x0DC70000, 0x0DCA0000, 0x0DCC0000, 0x0DCF0000, 0x0DD10000,
0x0DD30000, 0x0DD60000, 0x0DD80000, 0x0DDB0000, 0x0DDD0000, 0x0DDF0000, 0x0DE20000, 0x0DE40000,
0x0DE70000, 0x0DE90000, 0x0DEB0000, 0x0DEE0000, 0x0DF00000, 0x0DF30000, 0x0DF50000, 0x0DF70000,
0x0DFA0000, 0x0DFC0000, 0x0DFF0000, 0x0E010000, 0x0E040000, 0x0E060000, 0x0E080000, 0x0E0B0000,
0x0E0D0000, 0x0E100000, 0x0E120000, 0x0E150000, 0x0E170000, 0x0E190000, 0x0E1C0000, 0x0E1E0000,
0x0E210000, 0x0E230000, 0x0E260000, 0x0E280000, 0x0E2B0000, 0x0E2D0000, 0x0E300000, 0x0E320000,
0x0E340000, 0x0E370000, 0x0E390000, 0x0E3C0000, 0x0E3E0000, 0x0E410000, 0x0E430000, 0x0E460000,
0x0E480000, 0x0E4B0000, 0x0E4D0000, 0x0E500000, 0x0E520000, 0x0E550000, 0x0E570000, 0x0E5A0000,
0x0E5C0000, 0x0E5F0000, 0x0E610000, 0x0E640000, 0x0E660000, 0x0E690000, 0x0E6B0000, 0x0E6E0000,
0x0E700000, 0x0E730000, 0x0E750000, 0x0E780000, 0x0E7A0000, 0x0E7D0000, 0x0E7F0000, 0x0E820000,
0x0E840000, 0x0E870000, 0x0E890000, 0x0E8C0000, 0x0E8E0000, 0x0E910000, 0x0E930000, 0x0E960000,
0x0E980000, 0x0E9B0000, 0x0E9D0000, 0x0EA00000, 0x0EA20000, 0x0EA50000, 0x0EA70000, 0x0EAA0000,
0x0EAD0000, 0x0EAF0000, 0x0EB20000, 0x0EB40000, 0x0EB70000, 0x0EB90000, 0x0EBC0000, 0x0EBE0000,
0x0EC10000, 0x0EC40000, 0x0EC60000, 0x0EC90000, 0x0ECB0000, 0x0ECE0000, 0x0ED00000, 0x0ED30000,
0x0ED50000, 0x0ED80000, 0x0EDB0000, 0x0EDD0000, 0x0EE00000, 0x0EE20000, 0x0EE50000, 0x0EE70000,
0x0EEA0000, 0x0EED0000, 0x0EEF0000, 0x0EF20000, 0x0EF40000, 0x0EF70000, 0x0EFA0000, 0x0EFC0000,
0x0EFF0000, 0x0F010000, 0x0F040000, 0x0F070000, 0x0F090000, 0x0F0C0000, 0x0F0E0000, 0x0F110000,
0x0F140000, 0x0F160000, 0x0F190000, 0x0F1B0000, 0x0F1E0000, 0x0F210000, 0x0F230000, 0x0F260000,
0x0F290000, 0x0F2B0000, 0x0F2E0000, 0x0F300000, 0x0F330000, 0x0F360000, 0x0F380000, 0x0F3B0000,
0x0F3E0000, 0x0F400000, 0x0F430000, 0x0F460000, 0x0F480000, 0x0F4B0000, 0x0F4E0000, 0x0F500000,
0x0F530000, 0x0F550000, 0x0F580000, 0x0F5B0000, 0x0F5D0000, 0x0F600000, 0x0F630000, 0x0F650000,
0x0F680000, 0x0F6B0000, 0x0F6D0000, 0x0F700000, 0x0F730000, 0x0F760000, 0x0F780000, 0x0F7B0000,
0x0F7E0000, 0x0F800000, 0x0F830000, 0x0F860000, 0x0F880000, 0x0F8B0000, 0x0F8E0000, 0x0F900000,
0x0F930000, 0x0F960000, 0x0F980000, 0x0F9B0000, 0x0F9E0000, 0x0FA10000, 0x0FA30000, 0x0FA60000,
0x0FA90000, 0x0FAB0000, 0x0FAE0000, 0x0FB10000, 0x0FB40000, 0x0FB60000, 0x0FB90000, 0x0FBC0000,
0x0FBE0000, 0x0FC10000, 0x0FC40000, 0x0FC70000, 0x0FC90000, 0x0FCC0000, 0x0FCF0000, 0x0FD20000,
0x0FD40000, 0x0FD70000, 0x0FDA0000, 0x0FDD0000, 0x0FDF0000, 0x0FE20000, 0x0FE50000, 0x0FE80000,
0x0FEA0000, 0x0FED0000, 0x0FF00000, 0x0FF30000, 0x0FF50000, 0x0FF80000, 0x0FFB0000, 0x0FFE0000,
0x10000000, 0x10040000, 0x10060000, 0x100A0000, 0x100C0000, 0x100E0000, 0x10120000, 0x10140000,
0x10180000, 0x101A0000, 0x101C0000, 0x10200000, 0x10220000, 0x10260000, 0x10280000, 0x102A0000,
0x102E0000, 0x10300000, 0x10340000, 0x10360000, 0x10380000, 0x103C0000, 0x103E0000, 0x10420000,
0x10440000, 0x10460000, 0x104A0000, 0x104C0000, 0x10500000, 0x10520000, 0x10560000, 0x10580000,
0x105A0000, 0x105E0000, 0x10600000, 0x10640000, 0x10660000, 0x10680000, 0x106C0000, 0x106E0000,
0x10720000, 0x10740000, 0x10780000, 0x107A0000, 0x107C0000, 0x10800000, 0x10820000, 0x10860000,
0x10880000, 0x108C0000, 0x108E0000, 0x10900000, 0x10940000, 0x10960000, 0x109A0000, 0x109C0000,
0x10A00000, 0x10A20000, 0x10A60000, 0x10A80000, 0x10AA0000, 0x10AE0000, 0x10B00000, 0x10B40000,
0x10B60000, 0x10BA0000, 0x10BC0000, 0x10C00000, 0x10C20000, 0x10C40000, 0x10C80000, 0x10CA0000,
0x10CE0000, 0x10D00000, 0x10D40000, 0x10D60000, 0x10DA0000, 0x10DC0000, 0x10E00000, 0x10E20000,
0x10E40000, 0x10E80000, 0x10EA0000, 0x10EE0000, 0x10F00000, 0x10F40000, 0x10F60000, 0x10FA0000,
0x10FC0000, 0x11000000, 0x11020000, 0x11060000, 0x11080000, 0x110C0000, 0x110E0000, 0x11120000,
0x11140000, 0x11160000, 0x111A0000, 0x111C0000, 0x11200000, 0x11220000, 0x11260000, 0x11280000,
0x112C0000, 0x112E0000, 0x11320000, 0x11340000, 0x11380000, 0x113A0000, 0x113E0000, 0x11400000,
0x11440000, 0x11460000, 0x114A0000, 0x114C0000, 0x11500000, 0x11520000, 0x11560000, 0x11580000,
0x115C0000, 0x115E0000, 0x11620000, 0x11640000, 0x11680000, 0x116A0000, 0x116E0000, 0x11700000,
0x11740000, 0x11760000, 0x117A0000, 0x117C0000, 0x11800000, 0x11820000, 0x11860000, 0x11880000,
0x118C0000, 0x11900000, 0x11920000, 0x11960000, 0x11980000, 0x119C0000, 0x119E0000, 0x11A20000,
0x11A40000, 0x11A80000, 0x11AA0000, 0x11AE0000, 0x11B00000, 0x11B40000, 0x11B60000, 0x11BA0000,
0x11BC0000, 0x11C00000, 0x11C40000, 0x11C60000, 0x11CA0000, 0x11CC0000, 0x11D00000, 0x11D20000,
0x11D60000, 0x11D80000, 0x11DC0000, 0x11DE0000, 0x11E20000, 0x11E60000, 0x11E80000, 0x11EC0000,
0x11EE0000, 0x11F20000, 0x11F40000, 0x11F80000, 0x11FA0000, 0x11FE0000, 0x12000000, 0x12040000,
0x12080000, 0x120A0000, 0x120E0000, 0x12100000, 0x12140000, 0x12160000, 0x121A0000, 0x121E0000,
0x12200000, 0x12240000, 0x12260000, 0x122A0000, 0x122C0000, 0x12300000, 0x12340000, 0x12360000,
0x123A0000, 0x123C0000, 0x12400000, 0x12420000, 0x12460000, 0x124A0000, 0x124C0000, 0x12500000,
0x12520000, 0x12560000, 0x125A0000, 0x125C0000, 0x12600000, 0x12620000, 0x12660000, 0x126A0000,
0x126C0000, 0x12700000, 0x12720000, 0x12760000, 0x127A0000, 0x127C0000, 0x12800000, 0x12820000,
0x12860000, 0x128A0000, 0x128C0000, 0x12900000, 0x12920000, 0x12960000, 0x129A0000, 0x129C0000,
0x12A00000, 0x12A20000, 0x12A60000, 0x12AA0000, 0x12AC0000, 0x12B00000, 0x12B40000, 0x12B60000,
0x12BA0000, 0x12BC0000, 0x12C00000, 0x12C40000, 0x12C60000, 0x12CA0000, 0x12CE0000, 0x12D00000,
0x12D40000, 0x12D60000, 0x12DA0000, 0x12DE0000, 0x12E00000, 0x12E40000, 0x12E80000, 0x12EA0000,
0x12EE0000, 0x12F00000, 0x12F40000, 0x12F80000, 0x12FA0000, 0x12FE0000, 0x13020000, 0x13040000,
0x13080000, 0x130C0000, 0x130E0000, 0x13120000, 0x13160000, 0x13180000, 0x131C0000, 0x13200000,
0x13220000, 0x13260000, 0x132A0000, 0x132C0000, 0x13300000, 0x13340000, 0x13360000, 0x133A0000,
0x133E0000, 0x13400000, 0x13440000, 0x13480000, 0x134A0000, 0x134E0000, 0x13520000, 0x13540000,
0x13580000, 0x135C0000, 0x135E0000, 0x13620000, 0x13660000, 0x13680000, 0x136C0000, 0x13700000,
0x13720000, 0x13760000, 0x137A0000, 0x137C0000, 0x13800000, 0x13840000, 0x13860000, 0x138A0000,
0x138E0000, 0x13920000, 0x13940000, 0x13980000, 0x139C0000, 0x139E0000, 0x13A20000, 0x13A60000,
0x13A80000, 0x13AC0000, 0x13B00000, 0x13B40000, 0x13B60000, 0x13BA0000, 0x13BE0000, 0x13C00000,
0x13C40000, 0x13C80000, 0x13CC0000, 0x13CE0000, 0x13D20000, 0x13D60000, 0x13D80000, 0x13DC0000,
0x13E00000, 0x13E40000, 0x13E60000, 0x13EA0000, 0x13EE0000, 0x13F00000, 0x13F40000, 0x13F80000,
0x13FC0000, 0x13FE0000, 0x14020000, 0x14060000, 0x140A0000, 0x140C0000, 0x14100000, 0x14140000,
0x14180000, 0x141A0000, 0x141E0000, 0x14220000, 0x14240000, 0x14280000, 0x142C0000, 0x14300000,
0x14320000, 0x14360000, 0x143A0000, 0x143E0000, 0x14400000, 0x14440000, 0x14480000, 0x144C0000,
0x14500000, 0x14520000, 0x14560000, 0x145A0000, 0x145E0000, 0x14600000, 0x14640000, 0x14680000,
0x146C0000, 0x146E0000, 0x14720000, 0x14760000, 0x147A0000, 0x147C0000, 0x14800000, 0x14840000,
0x14880000, 0x148C0000, 0x148E0000, 0x14920000, 0x14960000, 0x149A0000, 0x149E0000, 0x14A00000,
0x14A40000, 0x14A80000, 0x14AC0000, 0x14AE0000, 0x14B20000, 0x14B60000, 0x14BA0000, 0x14BE0000,
0x14C00000, 0x14C40000, 0x14C80000, 0x14CC0000, 0x14D00000, 0x14D20000, 0x14D60000, 0x14DA0000,
0x14DE0000, 0x14E20000, 0x14E40000, 0x14E80000, 0x14EC0000, 0x14F00000, 0x14F40000, 0x14F80000,
0x14FA0000, 0x14FE0000, 0x15020000, 0x15060000, 0x150A0000, 0x150C0000, 0x15100000, 0x15140000,
0x15180000, 0x151C0000, 0x15200000, 0x15220000, 0x15260000, 0x152A0000, 0x152E0000, 0x15320000,
0x15360000, 0x15380000, 0x153C0000, 0x15400000, 0x15440000, 0x15480000, 0x154C0000, 0x154E0000,
0x15520000, 0x15560000, 0x155A0000, 0x155E0000, 0x15620000, 0x15660000, 0x15680000, 0x156C0000,
0x15700000, 0x15740000, 0x15780000, 0x157C0000, 0x15800000, 0x15820000, 0x15860000, 0x158A0000,
0x158E0000, 0x15920000, 0x15960000, 0x159A0000, 0x159E0000, 0x15A00000, 0x15A40000, 0x15A80000,
0x15AC0000, 0x15B00000, 0x15B40000, 0x15B80000, 0x15BC0000, 0x15BE0000, 0x15C20000, 0x15C60000,
0x15CA0000, 0x15CE0000, 0x15D20000, 0x15D60000, 0x15DA0000, 0x15DE0000, 0x15E00000, 0x15E40000,
0x15E80000, 0x15EC0000, 0x15F00000, 0x15F40000, 0x15F80000, 0x15FC0000, 0x16000000, 0x16040000,
0x16060000, 0x160A0000, 0x160E0000, 0x16120000, 0x16160000, 0x161A0000, 0x161E0000, 0x16220000,
0x16260000, 0x162A0000, 0x162E0000, 0x16320000, 0x16340000, 0x16380000, 0x163C0000, 0x16400000,
0x16440000, 0x16480000, 0x164C0000, 0x16500000, 0x16540000, 0x16580000, 0x165C0000, 0x16600000,
0x16640000, 0x16680000, 0x166A0000, 0x166E0000, 0x16720000, 0x16760000, 0x167A0000, 0x167E0000,
0x16820000, 0x16860000, 0x168A0000, 0x168E0000, 0x16920000, 0x16960000, 0x169A0000, 0x169E0000,
0x16A20000, 0x16A60000, 0x16AA0000, 0x16AE0000, 0x16B20000, 0x16B60000, 0x16BA0000, 0x16BE0000,
0x16C20000, 0x16C60000, 0x16C80000, 0x16CC0000, 0x16D00000, 0x16D40000, 0x16D80000, 0x16DC0000,
0x16E00000, 0x16E40000, 0x16E80000, 0x16EC0000, 0x16F00000, 0x16F40000, 0x16F80000, 0x16FC0000,
0x17000000, 0x17040000, 0x17080000, 0x170C0000, 0x17100000, 0x17140000, 0x17180000, 0x171C0000,
0x17200000, 0x17240000, 0x17280000, 0x172C0000, 0x17300000, 0x17340000, 0x17380000, 0x173C0000,
0x17400000, 0x17440000, 0x17480000, 0x174C0000, 0x17500000, 0x17540000, 0x17580000, 0x175C0000,
0x17600000, 0x17640000, 0x176A0000, 0x176E0000, 0x17720000, 0x17760000, 0x177A0000, 0x177E0000,
0x17820000, 0x17860000, 0x178A0000, 0x178E0000, 0x17920000, 0x17960000, 0x179A0000, 0x179E0000,
0x17A20000, 0x17A60000, 0x17AA0000, 0x17AE0000, 0x17B20000, 0x17B60000, 0x17BA0000, 0x17BE0000,
0x17C20000, 0x17C80000, 0x17CC0000, 0x17D00000, 0x17D40000, 0x17D80000, 0x17DC0000, 0x17E00000,
0x17E40000, 0x17E80000, 0x17EC0000, 0x17F00000, 0x17F40000, 0x17F80000, 0x17FC0000, 0x18000000,
0x18060000, 0x180A0000, 0x180E0000, 0x18120000, 0x18160000, 0x181A0000, 0x181E0000, 0x18220000,
0x18260000, 0x182A0000, 0x182E0000, 0x18340000, 0x18380000, 0x183C0000, 0x18400000, 0x18440000,
0x18480000, 0x184C0000, 0x18500000, 0x18540000, 0x18580000, 0x185E0000, 0x18620000, 0x18660000,
0x186A0000, 0x186E0000, 0x18720000, 0x18760000, 0x187A0000, 0x18800000, 0x18840000, 0x18880000,
0x188C0000, 0x18900000, 0x18940000, 0x18980000, 0x189C0000, 0x18A20000, 0x18A60000, 0x18AA0000,
0x18AE0000, 0x18B20000, 0x18B60000, 0x18BA0000, 0x18C00000, 0x18C40000, 0x18C80000, 0x18CC0000,
0x18D00000, 0x18D40000, 0x18D80000, 0x18DE0000, 0x18E20000, 0x18E60000, 0x18EA0000, 0x18EE0000,
0x18F20000, 0x18F80000, 0x18FC0000, 0x19000000, 0x19040000, 0x19080000, 0x190C0000, 0x19120000,
0x19160000, 0x191A0000, 0x191E0000, 0x19220000, 0x19260000, 0x192C0000, 0x19300000, 0x19340000,
0x19380000, 0x193C0000, 0x19400000, 0x19460000, 0x194A0000, 0x194E0000, 0x19520000, 0x19560000,
0x195C0000, 0x19600000, 0x19640000, 0x19680000, 0x196C0000, 0x19720000, 0x19760000, 0x197A0000,
0x197E0000, 0x19820000, 0x19880000, 0x198C0000, 0x19900000, 0x19940000, 0x199A0000, 0x199E0000,
0x19A20000, 0x19A60000, 0x19AA0000, 0x19B00000, 0x19B40000, 0x19B80000, 0x19BC0000, 0x19C20000,
0x19C60000, 0x19CA0000, 0x19CE0000, 0x19D20000, 0x19D80000, 0x19DC0000, 0x19E00000, 0x19E40000,
0x19EA0000, 0x19EE0000, 0x19F20000, 0x19F60000, 0x19FC0000, 0x1A000000, 0x1A040000, 0x1A080000,
0x1A0E0000, 0x1A120000, 0x1A160000, 0x1A1A0000, 0x1A200000, 0x1A240000, 0x1A280000, 0x1A2E0000,
0x1A320000, 0x1A360000, 0x1A3A0000, 0x1A400000, 0x1A440000, 0x1A480000, 0x1A4C0000, 0x1A520000,
0x1A560000, 0x1A5A0000, 0x1A600000, 0x1A640000, 0x1A680000, 0x1A6C0000, 0x1A720000, 0x1A760000,
0x1A7A0000, 0x1A800000, 0x1A840000, 0x1A880000, 0x1A8C0000, 0x1A920000, 0x1A960000, 0x1A9A0000,
0x1AA00000, 0x1AA40000, 0x1AA80000, 0x1AAE0000, 0x1AB20000, 0x1AB60000, 0x1ABC0000, 0x1AC00000,
0x1AC40000, 0x1ACA0000, 0x1ACE0000, 0x1AD20000, 0x1AD60000, 0x1ADC0000, 0x1AE00000, 0x1AE40000,
0x1AEA0000, 0x1AEE0000, 0x1AF20000, 0x1AF80000, 0x1AFC0000, 0x1B000000, 0x1B060000, 0x1B0A0000,
0x1B100000, 0x1B140000, 0x1B180000, 0x1B1E0000, 0x1B220000, 0x1B260000, 0x1B2C0000, 0x1B300000,
0x1B340000, 0x1B3A0000, 0x1B3E0000, 0x1B420000, 0x1B480000, 0x1B4C0000, 0x1B500000, 0x1B560000,
0x1B5A0000, 0x1B600000, 0x1B640000, 0x1B680000, 0x1B6E0000, 0x1B720000, 0x1B760000, 0x1B7C0000,
0x1B800000, 0x1B860000, 0x1B8A0000, 0x1B8E0000, 0x1B940000, 0x1B980000, 0x1B9E0000, 0x1BA20000,
0x1BA60000, 0x1BAC0000, 0x1BB00000, 0x1BB60000, 0x1BBA0000, 0x1BBE0000, 0x1BC40000, 0x1BC80000,
0x1BCE0000, 0x1BD20000, 0x1BD60000, 0x1BDC0000, 0x1BE00000, 0x1BE60000, 0x1BEA0000, 0x1BEE0000,
0x1BF40000, 0x1BF80000, 0x1BFE0000, 0x1C020000, 0x1C080000, 0x1C0C0000, 0x1C100000, 0x1C160000,
0x1C1A0000, 0x1C200000, 0x1C240000, 0x1C2A0000, 0x1C2E0000, 0x1C320000, 0x1C380000, 0x1C3C0000,
0x1C420000, 0x1C460000, 0x1C4C0000, 0x1C500000, 0x1C560000, 0x1C5A0000, 0x1C600000, 0x1C640000,
0x1C680000, 0x1C6E0000, 0x1C720000, 0x1C780000, 0x1C7C0000, 0x1C820000, 0x1C860000, 0x1C8C0000,
0x1C900000, 0x1C960000, 0x1C9A0000, 0x1CA00000, 0x1CA40000, 0x1CAA0000, 0x1CAE0000, 0x1CB40000,
0x1CB80000, 0x1CBE0000, 0x1CC20000, 0x1CC80000, 0x1CCC0000, 0x1CD20000, 0x1CD60000, 0x1CDC0000,
0x1CE00000, 0x1CE60000, 0x1CEA0000, 0x1CF00000, 0x1CF40000, 0x1CFA0000, 0x1CFE0000, 0x1D040000,
0x1D080000, 0x1D0E0000, 0x1D120000, 0x1D180000, 0x1D1C0000, 0x1D220000, 0x1D260000, 0x1D2C0000,
0x1D300000, 0x1D360000, 0x1D3A0000, 0x1D400000, 0x1D440000, 0x1D4A0000, 0x1D4E0000, 0x1D540000,
0x1D5A0000, 0x1D5E0000, 0x1D640000, 0x1D680000, 0x1D6E0000, 0x1D720000, 0x1D780000, 0x1D7C0000,
0x1D820000, 0x1D880000, 0x1D8C0000, 0x1D920000, 0x1D960000, 0x1D9C0000, 0x1DA00000, 0x1DA60000,
0x1DAA0000, 0x1DB00000, 0x1DB60000, 0x1DBA0000, 0x1DC00000, 0x1DC40000, 0x1DCA0000, 0x1DCE0000,
0x1DD40000, 0x1DDA0000, 0x1DDE0000, 0x1DE40000, 0x1DE80000, 0x1DEE0000, 0x1DF40000, 0x1DF80000,
0x1DFE0000, 0x1E020000, 0x1E080000, 0x1E0E0000, 0x1E120000, 0x1E180000, 0x1E1C0000, 0x1E220000,
0x1E280000, 0x1E2C0000, 0x1E320000, 0x1E360000, 0x1E3C0000, 0x1E420000, 0x1E460000, 0x1E4C0000,
0x1E520000, 0x1E560000, 0x1E5C0000, 0x1E600000, 0x1E660000, 0x1E6C0000, 0x1E700000, 0x1E760000,
0x1E7C0000, 0x1E800000, 0x1E860000, 0x1E8C0000, 0x1E900000, 0x1E960000, 0x1E9C0000, 0x1EA00000,
0x1EA60000, 0x1EAA0000, 0x1EB00000, 0x1EB60000, 0x1EBA0000, 0x1EC00000, 0x1EC60000, 0x1ECA0000,
0x1ED00000, 0x1ED60000, 0x1EDA0000, 0x1EE00000, 0x1EE60000, 0x1EEC0000, 0x1EF00000, 0x1EF60000,
0x1EFC0000, 0x1F000000, 0x1F060000, 0x1F0C0000, 0x1F100000, 0x1F160000, 0x1F1C0000, 0x1F200000,
0x1F260000, 0x1F2C0000, 0x1F300000, 0x1F360000, 0x1F3C0000, 0x1F420000, 0x1F460000, 0x1F4C0000,
0x1F520000, 0x1F560000, 0x1F5C0000, 0x1F620000, 0x1F680000, 0x1F6C0000, 0x1F720000, 0x1F780000,
0x1F7C0000, 0x1F820000, 0x1F880000, 0x1F8E0000, 0x1F920000, 0x1F980000, 0x1F9E0000, 0x1FA40000,
0x1FA80000, 0x1FAE0000, 0x1FB40000, 0x1FBA0000, 0x1FBE0000, 0x1FC40000, 0x1FCA0000, 0x1FD00000,
0x1FD40000, 0x1FDA0000, 0x1FE00000, 0x1FE60000, 0x1FEA0000, 0x1FF00000, 0x1FF60000, 0x1FFC0000,
0x20000000, 0x20080000, 0x200C0000, 0x20140000, 0x20180000, 0x201C0000, 0x20240000, 0x20280000,
0x20300000, 0x20340000, 0x20380000, 0x20400000, 0x20440000, 0x204C0000, 0x20500000, 0x20540000,
0x205C0000, 0x20600000, 0x20680000, 0x206C0000, 0x20700000, 0x20780000, 0x207C0000, 0x20840000,
0x20880000, 0x208C0000, 0x20940000, 0x20980000, 0x20A00000, 0x20A40000, 0x20AC0000, 0x20B00000,
0x20B40000, 0x20BC0000, 0x20C00000, 0x20C80000, 0x20CC0000, 0x20D00000, 0x20D80000, 0x20DC0000,
0x20E40000, 0x20E80000, 0x20F00000, 0x20F40000, 0x20F80000, 0x21000000, 0x21040000, 0x210C0000,
0x21100000, 0x21180000, 0x211C0000, 0x21200000, 0x21280000, 0x212C0000, 0x21340000, 0x21380000,
0x21400000, 0x21440000, 0x214C0000, 0x21500000, 0x21540000, 0x215C0000, 0x21600000, 0x21680000,
0x216C0000, 0x21740000, 0x21780000, 0x21800000, 0x21840000, 0x21880000, 0x21900000, 0x21940000,
0x219C0000, 0x21A00000, 0x21A80000, 0x21AC0000, 0x21B40000, 0x21B80000, 0x21C00000, 0x21C40000,
0x21C80000, 0x21D00000, 0x21D40000, 0x21DC0000, 0x21E00000, 0x21E80000, 0x21EC0000, 0x21F40000,
0x21F80000, 0x22000000, 0x22040000, 0x220C0000, 0x22100000, 0x22180000, 0x221C0000, 0x22240000,
0x22280000, 0x222C0000, 0x22340000, 0x22380000, 0x22400000, 0x22440000, 0x224C0000, 0x22500000,
0x22580000, 0x225C0000, 0x22640000, 0x22680000, 0x22700000, 0x22740000, 0x227C0000, 0x22800000,
0x22880000, 0x228C0000, 0x22940000, 0x22980000, 0x22A00000, 0x22A40000, 0x22AC0000, 0x22B00000,
0x22B80000, 0x22BC0000, 0x22C40000, 0x22C80000, 0x22D00000, 0x22D40000, 0x22DC0000, 0x22E00000,
0x22E80000, 0x22EC0000, 0x22F40000, 0x22F80000, 0x23000000, 0x23040000, 0x230C0000, 0x23100000,
0x23180000, 0x23200000, 0x23240000, 0x232C0000, 0x23300000, 0x23380000, 0x233C0000, 0x23440000,
0x23480000, 0x23500000, 0x23540000, 0x235C0000, 0x23600000, 0x23680000, 0x236C0000, 0x23740000,
0x23780000, 0x23800000, 0x23880000, 0x238C0000, 0x23940000, 0x23980000, 0x23A00000, 0x23A40000,
0x23AC0000, 0x23B00000, 0x23B80000, 0x23BC0000, 0x23C40000, 0x23CC0000, 0x23D00000, 0x23D80000,
0x23DC0000, 0x23E40000, 0x23E80000, 0x23F00000, 0x23F40000, 0x23FC0000, 0x24000000, 0x24080000,
0x24100000, 0x24140000, 0x241C0000, 0x24200000, 0x24280000, 0x242C0000, 0x24340000, 0x243C0000,
0x24400000, 0x24480000, 0x244C0000, 0x24540000, 0x24580000, 0x24600000, 0x24680000, 0x246C0000,
0x24740000, 0x24780000, 0x24800000, 0x24840000, 0x248C0000, 0x24940000, 0x24980000, 0x24A00000,
0x24A40000, 0x24AC0000, 0x24B40000, 0x24B80000, 0x24C00000, 0x24C40000, 0x24CC0000, 0x24D40000,
0x24D80000, 0x24E00000, 0x24E40000, 0x24EC0000, 0x24F40000, 0x24F80000, 0x25000000, 0x25040000,
0x250C0000, 0x25140000, 0x25180000, 0x25200000, 0x25240000, 0x252C0000, 0x25340000, 0x25380000,
0x25400000, 0x25440000, 0x254C0000, 0x25540000, 0x25580000, 0x25600000, 0x25680000, 0x256C0000,
0x25740000, 0x25780000, 0x25800000, 0x25880000, 0x258C0000, 0x25940000, 0x259C0000, 0x25A00000,
0x25A80000, 0x25AC0000, 0x25B40000, 0x25BC0000, 0x25C00000, 0x25C80000, 0x25D00000, 0x25D40000,
0x25DC0000, 0x25E00000, 0x25E80000, 0x25F00000, 0x25F40000, 0x25FC0000, 0x26040000, 0x26080000,
0x26100000, 0x26180000, 0x261C0000, 0x26240000, 0x262C0000, 0x26300000, 0x26380000, 0x26400000,
0x26440000, 0x264C0000, 0x26540000, 0x26580000, 0x26600000, 0x26680000, 0x266C0000, 0x26740000,
0x267C0000, 0x26800000, 0x26880000, 0x26900000, 0x26940000, 0x269C0000, 0x26A40000, 0x26A80000,
0x26B00000, 0x26B80000, 0x26BC0000, 0x26C40000, 0x26CC0000, 0x26D00000, 0x26D80000, 0x26E00000,
0x26E40000, 0x26EC0000, 0x26F40000, 0x26F80000, 0x27000000, 0x27080000, 0x270C0000, 0x27140000,
0x271C0000, 0x27240000, 0x27280000, 0x27300000, 0x27380000, 0x273C0000, 0x27440000, 0x274C0000,
0x27500000, 0x27580000, 0x27600000, 0x27680000, 0x276C0000, 0x27740000, 0x277C0000, 0x27800000,
0x27880000, 0x27900000, 0x27980000, 0x279C0000, 0x27A40000, 0x27AC0000, 0x27B00000, 0x27B80000,
0x27C00000, 0x27C80000, 0x27CC0000, 0x27D40000, 0x27DC0000, 0x27E00000, 0x27E80000, 0x27F00000,
0x27F80000, 0x27FC0000, 0x28040000, 0x280C0000, 0x28140000, 0x28180000, 0x28200000, 0x28280000,
0x28300000, 0x28340000, 0x283C0000, 0x28440000, 0x28480000, 0x28500000, 0x28580000, 0x28600000,
0x28640000, 0x286C0000, 0x28740000, 0x287C0000, 0x28800000, 0x28880000, 0x28900000, 0x28980000,
0x28A00000, 0x28A40000, 0x28AC0000, 0x28B40000, 0x28BC0000, 0x28C00000, 0x28C80000, 0x28D00000,
0x28D80000, 0x28DC0000, 0x28E40000, 0x28EC0000, 0x28F40000, 0x28F80000, 0x29000000, 0x29080000,
0x29100000, 0x29180000, 0x291C0000, 0x29240000, 0x292C0000, 0x29340000, 0x293C0000, 0x29400000,
0x29480000, 0x29500000, 0x29580000, 0x295C0000, 0x29640000, 0x296C0000, 0x29740000, 0x297C0000,
0x29800000, 0x29880000, 0x29900000, 0x29980000, 0x29A00000, 0x29A40000, 0x29AC0000, 0x29B40000,
0x29BC0000, 0x29C40000, 0x29C80000, 0x29D00000, 0x29D80000, 0x29E00000, 0x29E80000, 0x29F00000,
0x29F40000, 0x29FC0000, 0x2A040000, 0x2A0C0000, 0x2A140000, 0x2A180000, 0x2A200000, 0x2A280000,
0x2A300000, 0x2A380000, 0x2A400000, 0x2A440000, 0x2A4C0000, 0x2A540000, 0x2A5C0000, 0x2A640000,
0x2A6C0000, 0x2A700000, 0x2A780000, 0x2A800000, 0x2A880000, 0x2A900000, 0x2A980000, 0x2A9C0000,
0x2AA40000, 0x2AAC0000, 0x2AB40000, 0x2ABC0000, 0x2AC40000, 0x2ACC0000, 0x2AD00000, 0x2AD80000,
0x2AE00000, 0x2AE80000, 0x2AF00000, 0x2AF80000, 0x2B000000, 0x2B040000, 0x2B0C0000, 0x2B140000,
0x2B1C0000, 0x2B240000, 0x2B2C0000, 0x2B340000, 0x2B3C0000, 0x2B400000, 0x2B480000, 0x2B500000,
0x2B580000, 0x2B600000, 0x2B680000, 0x2B700000, 0x2B780000, 0x2B7C0000, 0x2B840000, 0x2B8C0000,
0x2B940000, 0x2B9C0000, 0x2BA40000, 0x2BAC0000, 0x2BB40000, 0x2BBC0000, 0x2BC00000, 0x2BC80000,
0x2BD00000, 0x2BD80000, 0x2BE00000, 0x2BE80000, 0x2BF00000, 0x2BF80000, 0x2C000000, 0x2C080000,
0x2C0C0000, 0x2C140000, 0x2C1C0000, 0x2C240000, 0x2C2C0000, 0x2C340000, 0x2C3C0000, 0x2C440000,
0x2C4C0000, 0x2C540000, 0x2C5C0000, 0x2C640000, 0x2C680000, 0x2C700000, 0x2C780000, 0x2C800000,
0x2C880000, 0x2C900000, 0x2C980000, 0x2CA00000, 0x2CA80000, 0x2CB00000, 0x2CB80000, 0x2CC00000,
0x2CC80000, 0x2CD00000, 0x2CD40000, 0x2CDC0000, 0x2CE40000, 0x2CEC0000, 0x2CF40000, 0x2CFC0000,
0x2D040000, 0x2D0C0000, 0x2D140000, 0x2D1C0000, 0x2D240000, 0x2D2C0000, 0x2D340000, 0x2D3C0000,
0x2D440000, 0x2D4C0000, 0x2D540000, 0x2D5C0000, 0x2D640000, 0x2D6C0000, 0x2D740000, 0x2D7C0000,
0x2D840000, 0x2D8C0000, 0x2D900000, 0x2D980000, 0x2DA00000, 0x2DA80000, 0x2DB00000, 0x2DB80000,
0x2DC00000, 0x2DC80000, 0x2DD00000, 0x2DD80000, 0x2DE00000, 0x2DE80000, 0x2DF00000, 0x2DF80000,
0x2E000000, 0x2E080000, 0x2E100000, 0x2E180000, 0x2E200000, 0x2E280000, 0x2E300000, 0x2E380000,
0x2E400000, 0x2E480000, 0x2E500000, 0x2E580000, 0x2E600000, 0x2E680000, 0x2E700000, 0x2E780000,
0x2E800000, 0x2E880000, 0x2E900000, 0x2E980000, 0x2EA00000, 0x2EA80000, 0x2EB00000, 0x2EB80000,
0x2EC00000, 0x2EC80000, 0x2ED40000, 0x2EDC0000, 0x2EE40000, 0x2EEC0000, 0x2EF40000, 0x2EFC0000,
0x2F040000, 0x2F0C0000, 0x2F140000, 0x2F1C0000, 0x2F240000, 0x2F2C0000, 0x2F340000, 0x2F3C0000,
0x2F440000, 0x2F4C0000, 0x2F540000, 0x2F5C0000, 0x2F640000, 0x2F6C0000, 0x2F740000, 0x2F7C0000,
0x2F840000, 0x2F900000, 0x2F980000, 0x2FA00000, 0x2FA80000, 0x2FB00000, 0x2FB80000, 0x2FC00000,
0x2FC80000, 0x2FD00000, 0x2FD80000, 0x2FE00000, 0x2FE80000, 0x2FF00000, 0x2FF80000, 0x30000000,
0x300C0000, 0x30140000, 0x301C0000, 0x30240000, 0x302C0000, 0x30340000, 0x303C0000, 0x30440000,
0x304C0000, 0x30540000, 0x305C0000, 0x30680000, 0x30700000, 0x30780000, 0x30800000, 0x30880000,
0x30900000, 0x30980000, 0x30A00000, 0x30A80000, 0x30B00000, 0x30BC0000, 0x30C40000, 0x30CC0000,
0x30D40000, 0x30DC0000, 0x30E40000, 0x30EC0000, 0x30F40000, 0x31000000, 0x31080000, 0x31100000,
0x31180000, 0x31200000, 0x31280000, 0x31300000, 0x31380000, 0x31440000, 0x314C0000, 0x31540000,
0x315C0000, 0x31640000, 0x316C0000, 0x31740000, 0x31800000, 0x31880000, 0x31900000, 0x31980000,
0x31A00000, 0x31A80000, 0x31B00000, 0x31BC0000, 0x31C40000, 0x31CC0000, 0x31D40000, 0x31DC0000,
0x31E40000, 0x31F00000, 0x31F80000, 0x32000000, 0x32080000, 0x32100000, 0x32180000, 0x32240000,
0x322C0000, 0x32340000, 0x323C0000, 0x32440000, 0x324C0000, 0x32580000, 0x32600000, 0x32680000,
0x32700000, 0x32780000, 0x32800000, 0x328C0000, 0x32940000, 0x329C0000, 0x32A40000, 0x32AC0000,
0x32B80000, 0x32C00000, 0x32C80000, 0x32D00000, 0x32D80000, 0x32E40000, 0x32EC0000, 0x32F40000,
0x32FC0000, 0x33040000, 0x33100000, 0x33180000, 0x33200000, 0x33280000, 0x33340000, 0x333C0000,
0x33440000, 0x334C0000, 0x33540000, 0x33600000, 0x33680000, 0x33700000, 0x33780000, 0x33840000,
0x338C0000, 0x33940000, 0x339C0000, 0x33A40000, 0x33B00000, 0x33B80000, 0x33C00000, 0x33C80000,
0x33D40000, 0x33DC0000, 0x33E40000, 0x33EC0000, 0x33F80000, 0x34000000, 0x34080000, 0x34100000,
0x341C0000, 0x34240000, 0x342C0000, 0x34340000, 0x34400000, 0x34480000, 0x34500000, 0x345C0000,
0x34640000, 0x346C0000, 0x34740000, 0x34800000, 0x34880000, 0x34900000, 0x34980000, 0x34A40000,
0x34AC0000, 0x34B40000, 0x34C00000, 0x34C80000, 0x34D00000, 0x34D80000, 0x34E40000, 0x34EC0000,
0x34F40000, 0x35000000, 0x35080000, 0x35100000, 0x35180000, 0x35240000, 0x352C0000, 0x35340000,
0x35400000, 0x35480000, 0x35500000, 0x355C0000, 0x35640000, 0x356C0000, 0x35780000, 0x35800000,
0x35880000, 0x35940000, 0x359C0000, 0x35A40000, 0x35AC0000, 0x35B80000, 0x35C00000, 0x35C80000,
0x35D40000, 0x35DC0000, 0x35E40000, 0x35F00000, 0x35F80000, 0x36000000, 0x360C0000, 0x36140000,
0x36200000, 0x36280000, 0x36300000, 0x363C0000, 0x36440000, 0x364C0000, 0x36580000, 0x36600000,
0x36680000, 0x36740000, 0x367C0000, 0x36840000, 0x36900000, 0x36980000, 0x36A00000, 0x36AC0000,
0x36B40000, 0x36C00000, 0x36C80000, 0x36D00000, 0x36DC0000, 0x36E40000, 0x36EC0000, 0x36F80000,
0x37000000, 0x370C0000, 0x37140000, 0x371C0000, 0x37280000, 0x37300000, 0x373C0000, 0x37440000,
0x374C0000, 0x37580000, 0x37600000, 0x376C0000, 0x37740000, 0x377C0000, 0x37880000, 0x37900000,
0x379C0000, 0x37A40000, 0x37AC0000, 0x37B80000, 0x37C00000, 0x37CC0000, 0x37D40000, 0x37DC0000,
0x37E80000, 0x37F00000, 0x37FC0000, 0x38040000, 0x38100000, 0x38180000, 0x38200000, 0x382C0000,
0x38340000, 0x38400000, 0x38480000, 0x38540000, 0x385C0000, 0x38640000, 0x38700000, 0x38780000,
0x38840000, 0x388C0000, 0x38980000, 0x38A00000, 0x38AC0000, 0x38B40000, 0x38C00000, 0x38C80000,
0x38D00000, 0x38DC0000, 0x38E40000, 0x38F00000, 0x38F80000, 0x39040000, 0x390C0000, 0x39180000,
0x39200000, 0x392C0000, 0x39340000, 0x39400000, 0x39480000, 0x39540000, 0x395C0000, 0x39680000,
0x39700000, 0x397C0000, 0x39840000, 0x39900000, 0x39980000, 0x39A40000, 0x39AC0000, 0x39B80000,
0x39C00000, 0x39CC0000, 0x39D40000, 0x39E00000, 0x39E80000, 0x39F40000, 0x39FC0000, 0x3A080000,
0x3A100000, 0x3A1C0000, 0x3A240000, 0x3A300000, 0x3A380000, 0x3A440000, 0x3A4C0000, 0x3A580000,
0x3A600000, 0x3A6C0000, 0x3A740000, 0x3A800000, 0x3A880000, 0x3A940000, 0x3A9C0000, 0x3AA80000,
0x3AB40000, 0x3ABC0000, 0x3AC80000, 0x3AD00000, 0x3ADC0000, 0x3AE40000, 0x3AF00000, 0x3AF80000,
0x3B040000, 0x3B100000, 0x3B180000, 0x3B240000, 0x3B2C0000, 0x3B380000, 0x3B400000, 0x3B4C0000,
0x3B540000, 0x3B600000, 0x3B6C0000, 0x3B740000, 0x3B800000, 0x3B880000, 0x3B940000, 0x3B9C0000,
0x3BA80000, 0x3BB40000, 0x3BBC0000, 0x3BC80000, 0x3BD00000, 0x3BDC0000, 0x3BE80000, 0x3BF00000,
0x3BFC0000, 0x3C040000, 0x3C100000, 0x3C1C0000, 0x3C240000, 0x3C300000, 0x3C380000, 0x3C440000,
0x3C500000, 0x3C580000, 0x3C640000, 0x3C6C0000, 0x3C780000, 0x3C840000, 0x3C8C0000, 0x3C980000,
0x3CA40000, 0x3CAC0000, 0x3CB80000, 0x3CC00000, 0x3CCC0000, 0x3CD80000, 0x3CE00000, 0x3CEC0000,
0x3CF80000, 0x3D000000, 0x3D0C0000, 0x3D180000, 0x3D200000, 0x3D2C0000, 0x3D380000, 0x3D400000,
0x3D4C0000, 0x3D540000, 0x3D600000, 0x3D6C0000, 0x3D740000, 0x3D800000, 0x3D8C0000, 0x3D940000,
0x3DA00000, 0x3DAC0000, 0x3DB40000, 0x3DC00000, 0x3DCC0000, 0x3DD80000, 0x3DE00000, 0x3DEC0000,
0x3DF80000, 0x3E000000, 0x3E0C0000, 0x3E180000, 0x3E200000, 0x3E2C0000, 0x3E380000, 0x3E400000,
0x3E4C0000, 0x3E580000, 0x3E600000, 0x3E6C0000, 0x3E780000, 0x3E840000, 0x3E8C0000, 0x3E980000,
0x3EA40000, 0x3EAC0000, 0x3EB80000, 0x3EC40000, 0x3ED00000, 0x3ED80000, 0x3EE40000, 0x3EF00000,
0x3EF80000, 0x3F040000, 0x3F100000, 0x3F1C0000, 0x3F240000, 0x3F300000, 0x3F3C0000, 0x3F480000,
0x3F500000, 0x3F5C0000, 0x3F680000, 0x3F740000, 0x3F7C0000, 0x3F880000, 0x3F940000, 0x3FA00000,
0x3FA80000, 0x3FB40000, 0x3FC00000, 0x3FCC0000, 0x3FD40000, 0x3FE00000, 0x3FEC0000, 0x3FF80000,
0x40000000, 0x40100000, 0x40180000, 0x40280000, 0x40300000, 0x40380000, 0x40480000, 0x40500000,
0x40600000, 0x40680000, 0x40700000, 0x40800000, 0x40880000, 0x40980000, 0x40A00000, 0x40A80000,
0x40B80000, 0x40C00000, 0x40D00000, 0x40D80000, 0x40E00000, 0x40F00000, 0x40F80000, 0x41080000,
0x41100000, 0x41180000, 0x41280000, 0x41300000, 0x41400000, 0x41480000, 0x41580000, 0x41600000,
0x41680000, 0x41780000, 0x41800000, 0x41900000, 0x41980000, 0x41A00000, 0x41B00000, 0x41B80000,
0x41C80000, 0x41D00000, 0x41E00000, 0x41E80000, 0x41F00000, 0x42000000, 0x42080000, 0x42180000,
0x42200000, 0x42300000, 0x42380000, 0x42400000, 0x42500000, 0x42580000, 0x42680000, 0x42700000,
0x42800000, 0x42880000, 0x42980000, 0x42A00000, 0x42A80000, 0x42B80000, 0x42C00000, 0x42D00000,
0x42D80000, 0x42E80000, 0x42F00000, 0x43000000, 0x43080000, 0x43100000, 0x43200000, 0x43280000,
0x43380000, 0x43400000, 0x43500000, 0x43580000, 0x43680000, 0x43700000, 0x43800000, 0x43880000,
0x43900000, 0x43A00000, 0x43A80000, 0x43B80000, 0x43C00000, 0x43D00000, 0x43D80000, 0x43E80000,
0x43F00000, 0x44000000, 0x44080000, 0x44180000, 0x44200000, 0x44300000, 0x44380000, 0x44480000,
0x44500000, 0x44580000, 0x44680000, 0x44700000, 0x44800000, 0x44880000, 0x44980000, 0x44A00000,
0x44B00000, 0x44B80000, 0x44C80000, 0x44D00000, 0x44E00000, 0x44E80000, 0x44F80000, 0x45000000,
0x45100000, 0x45180000, 0x45280000, 0x45300000, 0x45400000, 0x45480000, 0x45580000, 0x45600000,
0x45700000, 0x45780000, 0x45880000, 0x45900000, 0x45A00000, 0x45A80000, 0x45B80000, 0x45C00000,
0x45D00000, 0x45D80000, 0x45E80000, 0x45F00000, 0x46000000, 0x46080000, 0x46180000, 0x46200000,
0x46300000, 0x46400000, 0x46480000, 0x46580000, 0x46600000, 0x46700000, 0x46780000, 0x46880000,
0x46900000, 0x46A00000, 0x46A80000, 0x46B80000, 0x46C00000, 0x46D00000, 0x46D80000, 0x46E80000,
0x46F00000, 0x47000000, 0x47100000, 0x47180000, 0x47280000, 0x47300000, 0x47400000, 0x47480000,
0x47580000, 0x47600000, 0x47700000, 0x47780000, 0x47880000, 0x47980000, 0x47A00000, 0x47B00000,
0x47B80000, 0x47C80000, 0x47D00000, 0x47E00000, 0x47E80000, 0x47F80000, 0x48000000, 0x48100000,
0x48200000, 0x48280000, 0x48380000, 0x48400000, 0x48500000, 0x48580000, 0x48680000, 0x48780000,
0x48800000, 0x48900000, 0x48980000, 0x48A80000, 0x48B00000, 0x48C00000, 0x48D00000, 0x48D80000,
0x48E80000, 0x48F00000, 0x49000000, 0x49080000, 0x49180000, 0x49280000, 0x49300000, 0x49400000,
0x49480000, 0x49580000, 0x49680000, 0x49700000, 0x49800000, 0x49880000, 0x49980000, 0x49A80000,
0x49B00000, 0x49C00000, 0x49C80000, 0x49D80000, 0x49E80000, 0x49F00000, 0x4A000000, 0x4A080000,
0x4A180000, 0x4A280000, 0x4A300000, 0x4A400000, 0x4A480000, 0x4A580000, 0x4A680000, 0x4A700000,
0x4A800000, 0x4A880000, 0x4A980000, 0x4AA80000, 0x4AB00000, 0x4AC00000, 0x4AD00000, 0x4AD80000,
0x4AE80000, 0x4AF00000, 0x4B000000, 0x4B100000, 0x4B180000, 0x4B280000, 0x4B380000, 0x4B400000,
0x4B500000, 0x4B580000, 0x4B680000, 0x4B780000, 0x4B800000, 0x4B900000, 0x4BA00000, 0x4BA80000,
0x4BB80000, 0x4BC00000, 0x4BD00000, 0x4BE00000, 0x4BE80000, 0x4BF80000, 0x4C080000, 0x4C100000,
0x4C200000, 0x4C300000, 0x4C380000, 0x4C480000, 0x4C580000, 0x4C600000, 0x4C700000, 0x4C800000,
0x4C880000, 0x4C980000, 0x4CA80000, 0x4CB00000, 0x4CC00000, 0x4CD00000, 0x4CD80000, 0x4CE80000,
0x4CF80000, 0x4D000000, 0x4D100000, 0x4D200000, 0x4D280000, 0x4D380000, 0x4D480000, 0x4D500000,
0x4D600000, 0x4D700000, 0x4D780000, 0x4D880000, 0x4D980000, 0x4DA00000, 0x4DB00000, 0x4DC00000,
0x4DC80000, 0x4DD80000, 0x4DE80000, 0x4DF00000, 0x4E000000, 0x4E100000, 0x4E180000, 0x4E280000,
0x4E380000, 0x4E480000, 0x4E500000, 0x4E600000, 0x4E700000, 0x4E780000, 0x4E880000, 0x4E980000,
0x4EA00000, 0x4EB00000, 0x4EC00000, 0x4ED00000, 0x4ED80000, 0x4EE80000, 0x4EF80000, 0x4F000000,
0x4F100000, 0x4F200000, 0x4F300000, 0x4F380000, 0x4F480000, 0x4F580000, 0x4F600000, 0x4F700000,
0x4F800000, 0x4F900000, 0x4F980000, 0x4FA80000, 0x4FB80000, 0x4FC00000, 0x4FD00000, 0x4FE00000,
0x4FF00000, 0x4FF80000, 0x50080000, 0x50180000, 0x50280000, 0x50300000, 0x50400000, 0x50500000,
0x50600000, 0x50680000, 0x50780000, 0x50880000, 0x50900000, 0x50A00000, 0x50B00000, 0x50C00000,
0x50C80000, 0x50D80000, 0x50E80000, 0x50F80000, 0x51000000, 0x51100000, 0x51200000, 0x51300000,
0x51400000, 0x51480000, 0x51580000, 0x51680000, 0x51780000, 0x51800000, 0x51900000, 0x51A00000,
0x51B00000, 0x51B80000, 0x51C80000, 0x51D80000, 0x51E80000, 0x51F00000, 0x52000000, 0x52100000,
0x52200000, 0x52300000, 0x52380000, 0x52480000, 0x52580000, 0x52680000, 0x52780000, 0x52800000,
0x52900000, 0x52A00000, 0x52B00000, 0x52B80000, 0x52C80000, 0x52D80000, 0x52E80000, 0x52F80000,
0x53000000, 0x53100000, 0x53200000, 0x53300000, 0x53400000, 0x53480000, 0x53580000, 0x53680000,
0x53780000, 0x53880000, 0x53900000, 0x53A00000, 0x53B00000, 0x53C00000, 0x53D00000, 0x53E00000,
0x53E80000, 0x53F80000, 0x54080000, 0x54180000, 0x54280000, 0x54300000, 0x54400000, 0x54500000,
0x54600000, 0x54700000, 0x54800000, 0x54880000, 0x54980000, 0x54A80000, 0x54B80000, 0x54C80000,
0x54D80000, 0x54E00000, 0x54F00000, 0x55000000, 0x55100000, 0x55200000, 0x55300000, 0x55380000,
0x55480000, 0x55580000, 0x55680000, 0x55780000, 0x55880000, 0x55980000, 0x55A00000, 0x55B00000,
0x55C00000, 0x55D00000, 0x55E00000, 0x55F00000, 0x56000000, 0x56080000, 0x56180000, 0x56280000,
0x56380000, 0x56480000, 0x56580000, 0x56680000, 0x56780000, 0x56800000, 0x56900000, 0x56A00000,
0x56B00000, 0x56C00000, 0x56D00000, 0x56E00000, 0x56F00000, 0x56F80000, 0x57080000, 0x57180000,
0x57280000, 0x57380000, 0x57480000, 0x57580000, 0x57680000, 0x57780000, 0x57800000, 0x57900000,
0x57A00000, 0x57B00000, 0x57C00000, 0x57D00000, 0x57E00000, 0x57F00000, 0x58000000, 0x58100000,
0x58180000, 0x58280000, 0x58380000, 0x58480000, 0x58580000, 0x58680000, 0x58780000, 0x58880000,
0x58980000, 0x58A80000, 0x58B80000, 0x58C80000, 0x58D00000, 0x58E00000, 0x58F00000, 0x59000000,
0x59100000, 0x59200000, 0x59300000, 0x59400000, 0x59500000, 0x59600000, 0x59700000, 0x59800000,
0x59900000, 0x59A00000, 0x59A80000, 0x59B80000, 0x59C80000, 0x59D80000, 0x59E80000, 0x59F80000,
0x5A080000, 0x5A180000, 0x5A280000, 0x5A380000, 0x5A480000, 0x5A580000, 0x5A680000, 0x5A780000,
0x5A880000, 0x5A980000, 0x5AA80000, 0x5AB80000, 0x5AC80000, 0x5AD80000, 0x5AE80000, 0x5AF80000,
0x5B080000, 0x5B180000, 0x5B200000, 0x5B300000, 0x5B400000, 0x5B500000, 0x5B600000, 0x5B700000,
0x5B800000, 0x5B900000, 0x5BA00000, 0x5BB00000, 0x5BC00000, 0x5BD00000, 0x5BE00000, 0x5BF00000,
0x5C000000, 0x5C100000, 0x5C200000, 0x5C300000, 0x5C400000, 0x5C500000, 0x5C600000, 0x5C700000,
0x5C800000, 0x5C900000, 0x5CA00000, 0x5CB00000, 0x5CC00000, 0x5CD00000, 0x5CE00000, 0x5CF00000,
0x5D000000, 0x5D100000, 0x5D200000, 0x5D300000, 0x5D400000, 0x5D500000, 0x5D600000, 0x5D700000,
0x5D800000, 0x5D900000, 0x5DA80000, 0x5DB80000, 0x5DC80000, 0x5DD80000, 0x5DE80000, 0x5DF80000,
0x5E080000, 0x5E180000, 0x5E280000, 0x5E380000, 0x5E480000, 0x5E580000, 0x5E680000, 0x5E780000,
0x5E880000, 0x5E980000, 0x5EA80000, 0x5EB80000, 0x5EC80000, 0x5ED80000, 0x5EE80000, 0x5EF80000,
0x5F080000, 0x5F200000, 0x5F300000, 0x5F400000, 0x5F500000, 0x5F600000, 0x5F700000, 0x5F800000,
0x5F900000, 0x5FA00000, 0x5FB00000, 0x5FC00000, 0x5FD00000, 0x5FE00000, 0x5FF00000, 0x60000000,
0x60180000, 0x60280000, 0x60380000, 0x60480000, 0x60580000, 0x60680000, 0x60780000, 0x60880000,
0x60980000, 0x60A80000, 0x60B80000, 0x60D00000, 0x60E00000, 0x60F00000, 0x61000000, 0x61100000,
0x61200000, 0x61300000, 0x61400000, 0x61500000, 0x61600000, 0x61780000, 0x61880000, 0x61980000,
0x61A80000, 0x61B80000, 0x61C80000, 0x61D80000, 0x61E80000, 0x62000000, 0x62100000, 0x62200000,
0x62300000, 0x62400000, 0x62500000, 0x62600000, 0x62700000, 0x62880000, 0x62980000, 0x62A80000,
0x62B80000, 0x62C80000, 0x62D80000, 0x62E80000, 0x63000000, 0x63100000, 0x63200000, 0x63300000,
0x63400000, 0x63500000, 0x63600000, 0x63780000, 0x63880000, 0x63980000, 0x63A80000, 0x63B80000,
0x63C80000, 0x63E00000, 0x63F00000, 0x64000000, 0x64100000, 0x64200000, 0x64300000, 0x64480000,
0x64580000, 0x64680000, 0x64780000, 0x64880000, 0x64980000, 0x64B00000, 0x64C00000, 0x64D00000,
0x64E00000, 0x64F00000, 0x65000000, 0x65180000, 0x65280000, 0x65380000, 0x65480000, 0x65580000,
0x65700000, 0x65800000, 0x65900000, 0x65A00000, 0x65B00000, 0x65C80000, 0x65D80000, 0x65E80000,
0x65F80000, 0x66080000, 0x66200000, 0x66300000, 0x66400000, 0x66500000, 0x66680000, 0x66780000,
0x66880000, 0x66980000, 0x66A80000, 0x66C00000, 0x66D00000, 0x66E00000, 0x66F00000, 0x67080000,
0x67180000, 0x67280000, 0x67380000, 0x67480000, 0x67600000, 0x67700000, 0x67800000, 0x67900000,
0x67A80000, 0x67B80000, 0x67C80000, 0x67D80000, 0x67F00000, 0x68000000, 0x68100000, 0x68200000,
0x68380000, 0x68480000, 0x68580000, 0x68680000, 0x68800000, 0x68900000, 0x68A00000, 0x68B80000,
0x68C80000, 0x68D80000, 0x68E80000, 0x69000000, 0x69100000, 0x69200000, 0x69300000, 0x69480000,
0x69580000, 0x69680000, 0x69800000, 0x69900000, 0x69A00000, 0x69B00000, 0x69C80000, 0x69D80000,
0x69E80000, 0x6A000000, 0x6A100000, 0x6A200000, 0x6A300000, 0x6A480000, 0x6A580000, 0x6A680000,
0x6A800000, 0x6A900000, 0x6AA00000, 0x6AB80000, 0x6AC80000, 0x6AD80000, 0x6AF00000, 0x6B000000,
0x6B100000, 0x6B280000, 0x6B380000, 0x6B480000, 0x6B580000, 0x6B700000, 0x6B800000, 0x6B900000,
0x6BA80000, 0x6BB80000, 0x6BC80000, 0x6BE00000, 0x6BF00000, 0x6C000000, 0x6C180000, 0x6C280000,
0x6C400000, 0x6C500000, 0x6C600000, 0x6C780000, 0x6C880000, 0x6C980000, 0x6CB00000, 0x6CC00000,
0x6CD00000, 0x6CE80000, 0x6CF80000, 0x6D080000, 0x6D200000, 0x6D300000, 0x6D400000, 0x6D580000,
0x6D680000, 0x6D800000, 0x6D900000, 0x6DA00000, 0x6DB80000, 0x6DC80000, 0x6DD80000, 0x6DF00000,
0x6E000000, 0x6E180000, 0x6E280000, 0x6E380000, 0x6E500000, 0x6E600000, 0x6E780000, 0x6E880000,
0x6E980000, 0x6EB00000, 0x6EC00000, 0x6ED80000, 0x6EE80000, 0x6EF80000, 0x6F100000, 0x6F200000,
0x6F380000, 0x6F480000, 0x6F580000, 0x6F700000, 0x6F800000, 0x6F980000, 0x6FA80000, 0x6FB80000,
0x6FD00000, 0x6FE00000, 0x6FF80000, 0x70080000, 0x70200000, 0x70300000, 0x70400000, 0x70580000,
0x70680000, 0x70800000, 0x70900000, 0x70A80000, 0x70B80000, 0x70C80000, 0x70E00000, 0x70F00000,
0x71080000, 0x71180000, 0x71300000, 0x71400000, 0x71580000, 0x71680000, 0x71800000, 0x71900000,
0x71A00000, 0x71B80000, 0x71C80000, 0x71E00000, 0x71F00000, 0x72080000, 0x72180000, 0x72300000,
0x72400000, 0x72580000, 0x72680000, 0x72800000, 0x72900000, 0x72A80000, 0x72B80000, 0x72D00000,
0x72E00000, 0x72F80000, 0x73080000, 0x73200000, 0x73300000, 0x73480000, 0x73580000, 0x73700000,
0x73800000, 0x73980000, 0x73A80000, 0x73C00000, 0x73D00000, 0x73E80000, 0x73F80000, 0x74100000,
0x74200000, 0x74380000, 0x74480000, 0x74600000, 0x74700000, 0x74880000, 0x74980000, 0x74B00000,
0x74C00000, 0x74D80000, 0x74E80000, 0x75000000, 0x75100000, 0x75280000, 0x75380000, 0x75500000,
0x75680000, 0x75780000, 0x75900000, 0x75A00000, 0x75B80000, 0x75C80000, 0x75E00000, 0x75F00000,
0x76080000, 0x76200000, 0x76300000, 0x76480000, 0x76580000, 0x76700000, 0x76800000, 0x76980000,
0x76A80000, 0x76C00000, 0x76D80000, 0x76E80000, 0x77000000, 0x77100000, 0x77280000, 0x77380000,
0x77500000, 0x77680000, 0x77780000, 0x77900000, 0x77A00000, 0x77B80000, 0x77D00000, 0x77E00000,
0x77F80000, 0x78080000, 0x78200000, 0x78380000, 0x78480000, 0x78600000, 0x78700000, 0x78880000,
0x78A00000, 0x78B00000, 0x78C80000, 0x78D80000, 0x78F00000, 0x79080000, 0x79180000, 0x79300000,
0x79480000, 0x79580000, 0x79700000, 0x79800000, 0x79980000, 0x79B00000, 0x79C00000, 0x79D80000,
0x79F00000, 0x7A000000, 0x7A180000, 0x7A300000, 0x7A400000, 0x7A580000, 0x7A700000, 0x7A800000,
0x7A980000, 0x7AA80000, 0x7AC00000, 0x7AD80000, 0x7AE80000, 0x7B000000, 0x7B180000, 0x7B280000,
0x7B400000, 0x7B580000, 0x7B680000, 0x7B800000, 0x7B980000, 0x7BB00000, 0x7BC00000, 0x7BD80000,
0x7BF00000, 0x7C000000, 0x7C180000, 0x7C300000, 0x7C400000, 0x7C580000, 0x7C700000, 0x7C800000,
0x7C980000, 0x7CB00000, 0x7CC00000, 0x7CD80000, 0x7CF00000, 0x7D080000, 0x7D180000, 0x7D300000,
0x7D480000, 0x7D580000, 0x7D700000, 0x7D880000, 0x7DA00000, 0x7DB00000, 0x7DC80000, 0x7DE00000,
0x7DF00000, 0x7E080000, 0x7E200000, 0x7E380000, 0x7E480000, 0x7E600000, 0x7E780000, 0x7E900000,
0x7EA00000, 0x7EB80000, 0x7ED00000, 0x7EE80000, 0x7EF80000, 0x7F100000, 0x7F280000, 0x7F400000,
0x7F500000, 0x7F680000, 0x7F800000, 0x7F980000, 0x7FA80000, 0x7FC00000, 0x7FD80000, 0x7FF00000,
0x80000000, 0x80200000, 0x80300000, 0x80500000, 0x80600000, 0x80700000, 0x80900000, 0x80A00000,
0x80C00000, 0x80D00000, 0x80E00000, 0x81000000, 0x81100000, 0x81300000, 0x81400000, 0x81500000,
0x81700000, 0x81800000, 0x81A00000, 0x81B00000, 0x81C00000, 0x81E00000, 0x81F00000, 0x82100000,
0x82200000, 0x82300000, 0x82500000, 0x82600000, 0x82800000, 0x82900000, 0x82B00000, 0x82C00000,
0x82D00000, 0x82F00000, 0x83000000, 0x83200000, 0x83300000, 0x83400000, 0x83600000, 0x83700000,
0x83900000, 0x83A00000, 0x83C00000, 0x83D00000, 0x83E00000, 0x84000000, 0x84100000, 0x84300000,
0x84400000, 0x84600000, 0x84700000, 0x84800000, 0x84A00000, 0x84B00000, 0x84D00000, 0x84E00000,
0x85000000, 0x85100000, 0x85300000, 0x85400000, 0x85500000, 0x85700000, 0x85800000, 0x85A00000,
0x85B00000, 0x85D00000, 0x85E00000, 0x86000000, 0x86100000, 0x86200000, 0x86400000, 0x86500000,
0x86700000, 0x86800000, 0x86A00000, 0x86B00000, 0x86D00000, 0x86E00000, 0x87000000, 0x87100000,
0x87200000, 0x87400000, 0x87500000, 0x87700000, 0x87800000, 0x87A00000, 0x87B00000, 0x87D00000,
0x87E00000, 0x88000000, 0x88100000, 0x88300000, 0x88400000, 0x88600000, 0x88700000, 0x88900000,
0x88A00000, 0x88B00000, 0x88D00000, 0x88E00000, 0x89000000, 0x89100000, 0x89300000, 0x89400000,
0x89600000, 0x89700000, 0x89900000, 0x89A00000, 0x89C00000, 0x89D00000, 0x89F00000, 0x8A000000,
0x8A200000, 0x8A300000, 0x8A500000, 0x8A600000, 0x8A800000, 0x8A900000, 0x8AB00000, 0x8AC00000,
0x8AE00000, 0x8AF00000, 0x8B100000, 0x8B200000, 0x8B400000, 0x8B500000, 0x8B700000, 0x8B800000,
0x8BA00000, 0x8BB00000, 0x8BD00000, 0x8BE00000, 0x8C000000, 0x8C100000, 0x8C300000, 0x8C400000,
0x8C600000, 0x8C800000, 0x8C900000, 0x8CB00000, 0x8CC00000, 0x8CE00000, 0x8CF00000, 0x8D100000,
0x8D200000, 0x8D400000, 0x8D500000, 0x8D700000, 0x8D800000, 0x8DA00000, 0x8DB00000, 0x8DD00000,
0x8DE00000, 0x8E000000, 0x8E200000, 0x8E300000, 0x8E500000, 0x8E600000, 0x8E800000, 0x8E900000,
0x8EB00000, 0x8EC00000, 0x8EE00000, 0x8EF00000, 0x8F100000, 0x8F300000, 0x8F400000, 0x8F600000,
0x8F700000, 0x8F900000, 0x8FA00000, 0x8FC00000, 0x8FD00000, 0x8FF00000, 0x90000000, 0x90200000,
0x90400000, 0x90500000, 0x90700000, 0x90800000, 0x90A00000, 0x90B00000, 0x90D00000, 0x90F00000,
0x91000000, 0x91200000, 0x91300000, 0x91500000, 0x91600000, 0x91800000, 0x91A00000, 0x91B00000,
0x91D00000, 0x91E00000, 0x92000000, 0x92100000, 0x92300000, 0x92500000, 0x92600000, 0x92800000,
0x92900000, 0x92B00000, 0x92D00000, 0x92E00000, 0x93000000, 0x93100000, 0x93300000, 0x93500000,
0x93600000, 0x93800000, 0x93900000, 0x93B00000, 0x93D00000, 0x93E00000, 0x94000000, 0x94100000,
0x94300000, 0x94500000, 0x94600000, 0x94800000, 0x94900000, 0x94B00000, 0x94D00000, 0x94E00000,
0x95000000, 0x95100000, 0x95300000, 0x95500000, 0x95600000, 0x95800000, 0x95A00000, 0x95B00000,
0x95D00000, 0x95E00000, 0x96000000, 0x96200000, 0x96300000, 0x96500000, 0x96700000, 0x96800000,
0x96A00000, 0x96B00000, 0x96D00000, 0x96F00000, 0x97000000, 0x97200000, 0x97400000, 0x97500000,
0x97700000, 0x97800000, 0x97A00000, 0x97C00000, 0x97D00000, 0x97F00000, 0x98100000, 0x98200000,
0x98400000, 0x98600000, 0x98700000, 0x98900000, 0x98B00000, 0x98C00000, 0x98E00000, 0x99000000,
0x99100000, 0x99300000, 0x99500000, 0x99600000, 0x99800000, 0x99A00000, 0x99B00000, 0x99D00000,
0x99F00000, 0x9A000000, 0x9A200000, 0x9A400000, 0x9A500000, 0x9A700000, 0x9A900000, 0x9AA00000,
0x9AC00000, 0x9AE00000, 0x9AF00000, 0x9B100000, 0x9B300000, 0x9B400000, 0x9B600000, 0x9B800000,
0x9B900000, 0x9BB00000, 0x9BD00000, 0x9BE00000, 0x9C000000, 0x9C200000, 0x9C300000, 0x9C500000,
0x9C700000, 0x9C900000, 0x9CA00000, 0x9CC00000, 0x9CE00000, 0x9CF00000, 0x9D100000, 0x9D300000,
0x9D400000, 0x9D600000, 0x9D800000, 0x9DA00000, 0x9DB00000, 0x9DD00000, 0x9DF00000, 0x9E000000,
0x9E200000, 0x9E400000, 0x9E600000, 0x9E700000, 0x9E900000, 0x9EB00000, 0x9EC00000, 0x9EE00000,
0x9F000000, 0x9F200000, 0x9F300000, 0x9F500000, 0x9F700000, 0x9F800000, 0x9FA00000, 0x9FC00000,
0x9FE00000, 0x9FF00000, 0xA0100000, 0xA0300000, 0xA0500000, 0xA0600000, 0xA0800000, 0xA0A00000,
0xA0C00000, 0xA0D00000, 0xA0F00000, 0xA1100000, 0xA1200000, 0xA1400000, 0xA1600000, 0xA1800000,
0xA1900000, 0xA1B00000, 0xA1D00000, 0xA1F00000, 0xA2000000, 0xA2200000, 0xA2400000, 0xA2600000,
0xA2800000, 0xA2900000, 0xA2B00000, 0xA2D00000, 0xA2F00000, 0xA3000000, 0xA3200000, 0xA3400000,
0xA3600000, 0xA3700000, 0xA3900000, 0xA3B00000, 0xA3D00000, 0xA3E00000, 0xA4000000, 0xA4200000,
0xA4400000, 0xA4600000, 0xA4700000, 0xA4900000, 0xA4B00000, 0xA4D00000, 0xA4F00000, 0xA5000000,
0xA5200000, 0xA5400000, 0xA5600000, 0xA5700000, 0xA5900000, 0xA5B00000, 0xA5D00000, 0xA5F00000,
0xA6000000, 0xA6200000, 0xA6400000, 0xA6600000, 0xA6800000, 0xA6900000, 0xA6B00000, 0xA6D00000,
0xA6F00000, 0xA7100000, 0xA7200000, 0xA7400000, 0xA7600000, 0xA7800000, 0xA7A00000, 0xA7C00000,
0xA7D00000, 0xA7F00000, 0xA8100000, 0xA8300000, 0xA8500000, 0xA8600000, 0xA8800000, 0xA8A00000,
0xA8C00000, 0xA8E00000, 0xA9000000, 0xA9100000, 0xA9300000, 0xA9500000, 0xA9700000, 0xA9900000,
0xA9B00000, 0xA9C00000, 0xA9E00000, 0xAA000000, 0xAA200000, 0xAA400000, 0xAA600000, 0xAA700000,
0xAA900000, 0xAAB00000, 0xAAD00000, 0xAAF00000, 0xAB100000, 0xAB300000, 0xAB400000, 0xAB600000,
0xAB800000, 0xABA00000, 0xABC00000, 0xABE00000, 0xAC000000, 0xAC100000, 0xAC300000, 0xAC500000,
0xAC700000, 0xAC900000, 0xACB00000, 0xACD00000, 0xACF00000, 0xAD000000, 0xAD200000, 0xAD400000,
0xAD600000, 0xAD800000, 0xADA00000, 0xADC00000, 0xADE00000, 0xADF00000, 0xAE100000, 0xAE300000,
0xAE500000, 0xAE700000, 0xAE900000, 0xAEB00000, 0xAED00000, 0xAEF00000, 0xAF000000, 0xAF200000,
0xAF400000, 0xAF600000, 0xAF800000, 0xAFA00000, 0xAFC00000, 0xAFE00000, 0xB0000000, 0xB0200000,
0xB0300000, 0xB0500000, 0xB0700000, 0xB0900000, 0xB0B00000, 0xB0D00000, 0xB0F00000, 0xB1100000,
0xB1300000, 0xB1500000, 0xB1700000, 0xB1900000, 0xB1A00000, 0xB1C00000, 0xB1E00000, 0xB2000000,
0xB2200000, 0xB2400000, 0xB2600000, 0xB2800000, 0xB2A00000, 0xB2C00000, 0xB2E00000, 0xB3000000,
0xB3200000, 0xB3400000, 0xB3500000, 0xB3700000, 0xB3900000, 0xB3B00000, 0xB3D00000, 0xB3F00000,
0xB4100000, 0xB4300000, 0xB4500000, 0xB4700000, 0xB4900000, 0xB4B00000, 0xB4D00000, 0xB4F00000,
0xB5100000, 0xB5300000, 0xB5500000, 0xB5700000, 0xB5900000, 0xB5B00000, 0xB5D00000, 0xB5F00000,
0xB6100000, 0xB6300000, 0xB6400000, 0xB6600000, 0xB6800000, 0xB6A00000, 0xB6C00000, 0xB6E00000,
0xB7000000, 0xB7200000, 0xB7400000, 0xB7600000, 0xB7800000, 0xB7A00000, 0xB7C00000, 0xB7E00000,
0xB8000000, 0xB8200000, 0xB8400000, 0xB8600000, 0xB8800000, 0xB8A00000, 0xB8C00000, 0xB8E00000,
0xB9000000, 0xB9200000, 0xB9400000, 0xB9600000, 0xB9800000, 0xB9A00000, 0xB9C00000, 0xB9E00000,
0xBA000000, 0xBA200000, 0xBA400000, 0xBA600000, 0xBA800000, 0xBAA00000, 0xBAC00000, 0xBAE00000,
0xBB000000, 0xBB200000, 0xBB500000, 0xBB700000, 0xBB900000, 0xBBB00000, 0xBBD00000, 0xBBF00000,
0xBC100000, 0xBC300000, 0xBC500000, 0xBC700000, 0xBC900000, 0xBCB00000, 0xBCD00000, 0xBCF00000,
0xBD100000, 0xBD300000, 0xBD500000, 0xBD700000, 0xBD900000, 0xBDB00000, 0xBDD00000, 0xBDF00000,
0xBE100000, 0xBE400000, 0xBE600000, 0xBE800000, 0xBEA00000, 0xBEC00000, 0xBEE00000, 0xBF000000,
0xBF200000, 0xBF400000, 0xBF600000, 0xBF800000, 0xBFA00000, 0xBFC00000, 0xBFE00000, 0xC0000000,
0xC0300000, 0xC0500000, 0xC0700000, 0xC0900000, 0xC0B00000, 0xC0D00000, 0xC0F00000, 0xC1100000,
0xC1300000, 0xC1500000, 0xC1700000, 0xC1A00000, 0xC1C00000, 0xC1E00000, 0xC2000000, 0xC2200000,
0xC2400000, 0xC2600000, 0xC2800000, 0xC2A00000, 0xC2C00000, 0xC2F00000, 0xC3100000, 0xC3300000,
0xC3500000, 0xC3700000, 0xC3900000, 0xC3B00000, 0xC3D00000, 0xC4000000, 0xC4200000, 0xC4400000,
0xC4600000, 0xC4800000, 0xC4A00000, 0xC4C00000, 0xC4E00000, 0xC5100000, 0xC5300000, 0xC5500000,
0xC5700000, 0xC5900000, 0xC5B00000, 0xC5D00000, 0xC6000000, 0xC6200000, 0xC6400000, 0xC6600000,
0xC6800000, 0xC6A00000, 0xC6C00000, 0xC6F00000, 0xC7100000, 0xC7300000, 0xC7500000, 0xC7700000,
0xC7900000, 0xC7C00000, 0xC7E00000, 0xC8000000, 0xC8200000, 0xC8400000, 0xC8600000, 0xC8900000,
0xC8B00000, 0xC8D00000, 0xC8F00000, 0xC9100000, 0xC9300000, 0xC9600000, 0xC9800000, 0xC9A00000,
0xC9C00000, 0xC9E00000, 0xCA000000, 0xCA300000, 0xCA500000, 0xCA700000, 0xCA900000, 0xCAB00000,
0xCAE00000, 0xCB000000, 0xCB200000, 0xCB400000, 0xCB600000, 0xCB900000, 0xCBB00000, 0xCBD00000,
0xCBF00000, 0xCC100000, 0xCC400000, 0xCC600000, 0xCC800000, 0xCCA00000, 0xCCD00000, 0xCCF00000,
0xCD100000, 0xCD300000, 0xCD500000, 0xCD800000, 0xCDA00000, 0xCDC00000, 0xCDE00000, 0xCE100000,
0xCE300000, 0xCE500000, 0xCE700000, 0xCE900000, 0xCEC00000, 0xCEE00000, 0xCF000000, 0xCF200000,
0xCF500000, 0xCF700000, 0xCF900000, 0xCFB00000, 0xCFE00000, 0xD0000000, 0xD0200000, 0xD0400000,
0xD0700000, 0xD0900000, 0xD0B00000, 0xD0D00000, 0xD1000000, 0xD1200000, 0xD1400000, 0xD1700000,
0xD1900000, 0xD1B00000, 0xD1D00000, 0xD2000000, 0xD2200000, 0xD2400000, 0xD2600000, 0xD2900000,
0xD2B00000, 0xD2D00000, 0xD3000000, 0xD3200000, 0xD3400000, 0xD3600000, 0xD3900000, 0xD3B00000,
0xD3D00000, 0xD4000000, 0xD4200000, 0xD4400000, 0xD4600000, 0xD4900000, 0xD4B00000, 0xD4D00000,
0xD5000000, 0xD5200000, 0xD5400000, 0xD5700000, 0xD5900000, 0xD5B00000, 0xD5E00000, 0xD6000000,
0xD6200000, 0xD6500000, 0xD6700000, 0xD6900000, 0xD6B00000, 0xD6E00000, 0xD7000000, 0xD7200000,
0xD7500000, 0xD7700000, 0xD7900000, 0xD7C00000, 0xD7E00000, 0xD8000000, 0xD8300000, 0xD8500000,
0xD8800000, 0xD8A00000, 0xD8C00000, 0xD8F00000, 0xD9100000, 0xD9300000, 0xD9600000, 0xD9800000,
0xD9A00000, 0xD9D00000, 0xD9F00000, 0xDA100000, 0xDA400000, 0xDA600000, 0xDA800000, 0xDAB00000,
0xDAD00000, 0xDB000000, 0xDB200000, 0xDB400000, 0xDB700000, 0xDB900000, 0xDBB00000, 0xDBE00000,
0xDC000000, 0xDC300000, 0xDC500000, 0xDC700000, 0xDCA00000, 0xDCC00000, 0xDCF00000, 0xDD100000,
0xDD300000, 0xDD600000, 0xDD800000, 0xDDB00000, 0xDDD00000, 0xDDF00000, 0xDE200000, 0xDE400000,
0xDE700000, 0xDE900000, 0xDEB00000, 0xDEE00000, 0xDF000000, 0xDF300000, 0xDF500000, 0xDF700000,
0xDFA00000, 0xDFC00000, 0xDFF00000, 0xE0100000, 0xE0400000, 0xE0600000, 0xE0800000, 0xE0B00000,
0xE0D00000, 0xE1000000, 0xE1200000, 0xE1500000, 0xE1700000, 0xE1900000, 0xE1C00000, 0xE1E00000,
0xE2100000, 0xE2300000, 0xE2600000, 0xE2800000, 0xE2B00000, 0xE2D00000, 0xE3000000, 0xE3200000,
0xE3400000, 0xE3700000, 0xE3900000, 0xE3C00000, 0xE3E00000, 0xE4100000, 0xE4300000, 0xE4600000,
0xE4800000, 0xE4B00000, 0xE4D00000, 0xE5000000, 0xE5200000, 0xE5500000, 0xE5700000, 0xE5A00000,
0xE5C00000, 0xE5F00000, 0xE6100000, 0xE6400000, 0xE6600000, 0xE6900000, 0xE6B00000, 0xE6E00000,
0xE7000000, 0xE7300000, 0xE7500000, 0xE7800000, 0xE7A00000, 0xE7D00000, 0xE7F00000, 0xE8200000,
0xE8400000, 0xE8700000, 0xE8900000, 0xE8C00000, 0xE8E00000, 0xE9100000, 0xE9300000, 0xE9600000,
0xE9800000, 0xE9B00000, 0xE9D00000, 0xEA000000, 0xEA200000, 0xEA500000, 0xEA700000, 0xEAA00000,
0xEAD00000, 0xEAF00000, 0xEB200000, 0xEB400000, 0xEB700000, 0xEB900000, 0xEBC00000, 0xEBE00000,
0xEC100000, 0xEC400000, 0xEC600000, 0xEC900000, 0xECB00000, 0xECE00000, 0xED000000, 0xED300000,
0xED500000, 0xED800000, 0xEDB00000, 0xEDD00000, 0xEE000000, 0xEE200000, 0xEE500000, 0xEE700000,
0xEEA00000, 0xEED00000, 0xEEF00000, 0xEF200000, 0xEF400000, 0xEF700000, 0xEFA00000, 0xEFC00000,
0xEFF00000, 0xF0100000, 0xF0400000, 0xF0700000, 0xF0900000, 0xF0C00000, 0xF0E00000, 0xF1100000,
0xF1400000, 0xF1600000, 0xF1900000, 0xF1B00000, 0xF1E00000, 0xF2100000, 0xF2300000, 0xF2600000,
0xF2900000, 0xF2B00000, 0xF2E00000, 0xF3000000, 0xF3300000, 0xF3600000, 0xF3800000, 0xF3B00000,
0xF3E00000, 0xF4000000, 0xF4300000, 0xF4600000, 0xF4800000, 0xF4B00000, 0xF4E00000, 0xF5000000,
0xF5300000, 0xF5500000, 0xF5800000, 0xF5B00000, 0xF5D00000, 0xF6000000, 0xF6300000, 0xF6500000,
0xF6800000, 0xF6B00000, 0xF6D00000, 0xF7000000, 0xF7300000, 0xF7600000, 0xF7800000, 0xF7B00000,
0xF7E00000, 0xF8000000, 0xF8300000, 0xF8600000, 0xF8800000, 0xF8B00000, 0xF8E00000, 0xF9000000,
0xF9300000, 0xF9600000, 0xF9800000, 0xF9B00000, 0xF9E00000, 0xFA100000, 0xFA300000, 0xFA600000,
0xFA900000, 0xFAB00000, 0xFAE00000, 0xFB100000, 0xFB400000, 0xFB600000, 0xFB900000, 0xFBC00000,
0xFBE00000, 0xFC100000, 0xFC400000, 0xFC700000, 0xFC900000, 0xFCC00000, 0xFCF00000, 0xFD200000,
0xFD400000, 0xFD700000, 0xFDA00000, 0xFDD00000, 0xFDF00000, 0xFE200000, 0xFE500000, 0xFE800000,
0xFEA00000, 0xFED00000, 0xFF000000, 0xFF300000, 0xFF500000, 0xFF800000, 0xFFB00000, 0xFFE00000,
0x00010000, 0x00010040, 0x00010060, 0x000100A0, 0x000100C0, 0x000100E0, 0x00010120, 0x00010140,
0x00010180, 0x000101A0, 0x000101C0, 0x00010200, 0x00010220, 0x00010260, 0x00010280, 0x000102A0,
0x000102E0, 0x00010300, 0x00010340, 0x00010360, 0x00010380, 0x000103C0, 0x000103E0, 0x00010420,
0x00010440, 0x00010460, 0x000104A0, 0x000104C0, 0x00010500, 0x00010520, 0x00010560, 0x00010580,
0x000105A0, 0x000105E0, 0x00010600, 0x00010640, 0x00010660, 0x00010680, 0x000106C0, 0x000106E0,
0x00010720, 0x00010740, 0x00010780, 0x000107A0, 0x000107C0, 0x00010800, 0x00010820, 0x00010860,
0x00010880, 0x000108C0, 0x000108E0, 0x00010900, 0x00010940, 0x00010960, 0x000109A0, 0x000109C0,
0x00010A00, 0x00010A20, 0x00010A60, 0x00010A80, 0x00010AA0, 0x00010AE0, 0x00010B00, 0x00010B40,
0x00010B60, 0x00010BA0, 0x00010BC0, 0x00010C00, 0x00010C20, 0x00010C40, 0x00010C80, 0x00010CA0,
0x00010CE0, 0x00010D00, 0x00010D40, 0x00010D60, 0x00010DA0, 0x00010DC0, 0x00010E00, 0x00010E20,
0x00010E40, 0x00010E80, 0x00010EA0, 0x00010EE0, 0x00010F00, 0x00010F40, 0x00010F60, 0x00010FA0,
0x00010FC0, 0x00011000, 0x00011020, 0x00011060, 0x00011080, 0x000110C0, 0x000110E0, 0x00011120,
0x00011140, 0x00011160, 0x000111A0, 0x000111C0, 0x00011200, 0x00011220, 0x00011260, 0x00011280,
0x000112C0, 0x000112E0, 0x00011320, 0x00011340, 0x00011380, 0x000113A0, 0x000113E0, 0x00011400,
0x00011440, 0x00011460, 0x000114A0, 0x000114C0, 0x00011500, 0x00011520, 0x00011560, 0x00011580,
0x000115C0, 0x000115E0, 0x00011620, 0x00011640, 0x00011680, 0x000116A0, 0x000116E0, 0x00011700,
0x00011740, 0x00011760, 0x000117A0, 0x000117C0, 0x00011800, 0x00011820, 0x00011860, 0x00011880,
0x000118C0, 0x00011900, 0x00011920, 0x00011960, 0x00011980, 0x000119C0, 0x000119E0, 0x00011A20,
0x00011A40, 0x00011A80, 0x00011AA0, 0x00011AE0, 0x00011B00, 0x00011B40, 0x00011B60, 0x00011BA0,
0x00011BC0, 0x00011C00, 0x00011C40, 0x00011C60, 0x00011CA0, 0x00011CC0, 0x00011D00, 0x00011D20,
0x00011D60, 0x00011D80, 0x00011DC0, 0x00011DE0, 0x00011E20, 0x00011E60, 0x00011E80, 0x00011EC0,
0x00011EE0, 0x00011F20, 0x00011F40, 0x00011F80, 0x00011FA0, 0x00011FE0, 0x00012000, 0x00012040,
0x00012080, 0x000120A0, 0x000120E0, 0x00012100, 0x00012140, 0x00012160, 0x000121A0, 0x000121E0,
0x00012200, 0x00012240, 0x00012260, 0x000122A0, 0x000122C0, 0x00012300, 0x00012340, 0x00012360,
0x000123A0, 0x000123C0, 0x00012400, 0x00012420, 0x00012460, 0x000124A0, 0x000124C0, 0x00012500,
0x00012520, 0x00012560, 0x000125A0, 0x000125C0, 0x00012600, 0x00012620, 0x00012660, 0x000126A0,
0x000126C0, 0x00012700, 0x00012720, 0x00012760, 0x000127A0, 0x000127C0, 0x00012800, 0x00012820,
0x00012860, 0x000128A0, 0x000128C0, 0x00012900, 0x00012920, 0x00012960, 0x000129A0, 0x000129C0,
0x00012A00, 0x00012A20, 0x00012A60, 0x00012AA0, 0x00012AC0, 0x00012B00, 0x00012B40, 0x00012B60,
0x00012BA0, 0x00012BC0, 0x00012C00, 0x00012C40, 0x00012C60, 0x00012CA0, 0x00012CE0, 0x00012D00,
0x00012D40, 0x00012D60, 0x00012DA0, 0x00012DE0, 0x00012E00, 0x00012E40, 0x00012E80, 0x00012EA0,
0x00012EE0, 0x00012F00, 0x00012F40, 0x00012F80, 0x00012FA0, 0x00012FE0, 0x00013020, 0x00013040,
0x00013080, 0x000130C0, 0x000130E0, 0x00013120, 0x00013160, 0x00013180, 0x000131C0, 0x00013200,
0x00013220, 0x00013260, 0x000132A0, 0x000132C0, 0x00013300, 0x00013340, 0x00013360, 0x000133A0,
0x000133E0, 0x00013400, 0x00013440, 0x00013480, 0x000134A0, 0x000134E0, 0x00013520, 0x00013540,
0x00013580, 0x000135C0, 0x000135E0, 0x00013620, 0x00013660, 0x00013680, 0x000136C0, 0x00013700,
0x00013720, 0x00013760, 0x000137A0, 0x000137C0, 0x00013800, 0x00013840, 0x00013860, 0x000138A0,
0x000138E0, 0x00013920, 0x00013940, 0x00013980, 0x000139C0, 0x000139E0, 0x00013A20, 0x00013A60,
0x00013A80, 0x00013AC0, 0x00013B00, 0x00013B40, 0x00013B60, 0x00013BA0, 0x00013BE0, 0x00013C00,
0x00013C40, 0x00013C80, 0x00013CC0, 0x00013CE0, 0x00013D20, 0x00013D60, 0x00013D80, 0x00013DC0,
0x00013E00, 0x00013E40, 0x00013E60, 0x00013EA0, 0x00013EE0, 0x00013F00, 0x00013F40, 0x00013F80,
0x00013FC0, 0x00013FE0, 0x00014020, 0x00014060, 0x000140A0, 0x000140C0, 0x00014100, 0x00014140,
0x00014180, 0x000141A0, 0x000141E0, 0x00014220, 0x00014240, 0x00014280, 0x000142C0, 0x00014300,
0x00014320, 0x00014360, 0x000143A0, 0x000143E0, 0x00014400, 0x00014440, 0x00014480, 0x000144C0,
0x00014500, 0x00014520, 0x00014560, 0x000145A0, 0x000145E0, 0x00014600, 0x00014640, 0x00014680,
0x000146C0, 0x000146E0, 0x00014720, 0x00014760, 0x000147A0, 0x000147C0, 0x00014800, 0x00014840,
0x00014880, 0x000148C0, 0x000148E0, 0x00014920, 0x00014960, 0x000149A0, 0x000149E0, 0x00014A00,
0x00014A40, 0x00014A80, 0x00014AC0, 0x00014AE0, 0x00014B20, 0x00014B60, 0x00014BA0, 0x00014BE0,
0x00014C00, 0x00014C40, 0x00014C80, 0x00014CC0, 0x00014D00, 0x00014D20, 0x00014D60, 0x00014DA0,
0x00014DE0, 0x00014E20, 0x00014E40, 0x00014E80, 0x00014EC0, 0x00014F00, 0x00014F40, 0x00014F80,
0x00014FA0, 0x00014FE0, 0x00015020, 0x00015060, 0x000150A0, 0x000150C0, 0x00015100, 0x00015140,
0x00015180, 0x000151C0, 0x00015200, 0x00015220, 0x00015260, 0x000152A0, 0x000152E0, 0x00015320,
0x00015360, 0x00015380, 0x000153C0, 0x00015400, 0x00015440, 0x00015480, 0x000154C0, 0x000154E0,
0x00015520, 0x00015560, 0x000155A0, 0x000155E0, 0x00015620, 0x00015660, 0x00015680, 0x000156C0,
0x00015700, 0x00015740, 0x00015780, 0x000157C0, 0x00015800, 0x00015820, 0x00015860, 0x000158A0,
0x000158E0, 0x00015920, 0x00015960, 0x000159A0, 0x000159E0, 0x00015A00, 0x00015A40, 0x00015A80,
0x00015AC0, 0x00015B00, 0x00015B40, 0x00015B80, 0x00015BC0, 0x00015BE0, 0x00015C20, 0x00015C60,
0x00015CA0, 0x00015CE0, 0x00015D20, 0x00015D60, 0x00015DA0, 0x00015DE0, 0x00015E00, 0x00015E40,
0x00015E80, 0x00015EC0, 0x00015F00, 0x00015F40, 0x00015F80, 0x00015FC0, 0x00016000, 0x00016040,
0x00016060, 0x000160A0, 0x000160E0, 0x00016120, 0x00016160, 0x000161A0, 0x000161E0, 0x00016220,
0x00016260, 0x000162A0, 0x000162E0, 0x00016320, 0x00016340, 0x00016380, 0x000163C0, 0x00016400,
0x00016440, 0x00016480, 0x000164C0, 0x00016500, 0x00016540, 0x00016580, 0x000165C0, 0x00016600,
0x00016640, 0x00016680, 0x000166A0, 0x000166E0, 0x00016720, 0x00016760, 0x000167A0, 0x000167E0,
0x00016820, 0x00016860, 0x000168A0, 0x000168E0, 0x00016920, 0x00016960, 0x000169A0, 0x000169E0,
0x00016A20, 0x00016A60, 0x00016AA0, 0x00016AE0, 0x00016B20, 0x00016B60, 0x00016BA0, 0x00016BE0,
0x00016C20, 0x00016C60, 0x00016C80, 0x00016CC0, 0x00016D00, 0x00016D40, 0x00016D80, 0x00016DC0,
0x00016E00, 0x00016E40, 0x00016E80, 0x00016EC0, 0x00016F00, 0x00016F40, 0x00016F80, 0x00016FC0,
0x00017000, 0x00017040, 0x00017080, 0x000170C0, 0x00017100, 0x00017140, 0x00017180, 0x000171C0,
0x00017200, 0x00017240, 0x00017280, 0x000172C0, 0x00017300, 0x00017340, 0x00017380, 0x000173C0,
0x00017400, 0x00017440, 0x00017480, 0x000174C0, 0x00017500, 0x00017540, 0x00017580, 0x000175C0,
0x00017600, 0x00017640, 0x000176A0, 0x000176E0, 0x00017720, 0x00017760, 0x000177A0, 0x000177E0,
0x00017820, 0x00017860, 0x000178A0, 0x000178E0, 0x00017920, 0x00017960, 0x000179A0, 0x000179E0,
0x00017A20, 0x00017A60, 0x00017AA0, 0x00017AE0, 0x00017B20, 0x00017B60, 0x00017BA0, 0x00017BE0,
0x00017C20, 0x00017C80, 0x00017CC0, 0x00017D00, 0x00017D40, 0x00017D80, 0x00017DC0, 0x00017E00,
0x00017E40, 0x00017E80, 0x00017EC0, 0x00017F00, 0x00017F40, 0x00017F80, 0x00017FC0, 0x00018000,
0x00018060, 0x000180A0, 0x000180E0, 0x00018120, 0x00018160, 0x000181A0, 0x000181E0, 0x00018220,
0x00018260, 0x000182A0, 0x000182E0, 0x00018340, 0x00018380, 0x000183C0, 0x00018400, 0x00018440,
0x00018480, 0x000184C0, 0x00018500, 0x00018540, 0x00018580, 0x000185E0, 0x00018620, 0x00018660,
0x000186A0, 0x000186E0, 0x00018720, 0x00018760, 0x000187A0, 0x00018800, 0x00018840, 0x00018880,
0x000188C0, 0x00018900, 0x00018940, 0x00018980, 0x000189C0, 0x00018A20, 0x00018A60, 0x00018AA0,
0x00018AE0, 0x00018B20, 0x00018B60, 0x00018BA0, 0x00018C00, 0x00018C40, 0x00018C80, 0x00018CC0,
0x00018D00, 0x00018D40, 0x00018D80, 0x00018DE0, 0x00018E20, 0x00018E60, 0x00018EA0, 0x00018EE0,
0x00018F20, 0x00018F80, 0x00018FC0, 0x00019000, 0x00019040, 0x00019080, 0x000190C0, 0x00019120,
0x00019160, 0x000191A0, 0x000191E0, 0x00019220, 0x00019260, 0x000192C0, 0x00019300, 0x00019340,
0x00019380, 0x000193C0, 0x00019400, 0x00019460, 0x000194A0, 0x000194E0, 0x00019520, 0x00019560,
0x000195C0, 0x00019600, 0x00019640, 0x00019680, 0x000196C0, 0x00019720, 0x00019760, 0x000197A0,
0x000197E0, 0x00019820, 0x00019880, 0x000198C0, 0x00019900, 0x00019940, 0x000199A0, 0x000199E0,
0x00019A20, 0x00019A60, 0x00019AA0, 0x00019B00, 0x00019B40, 0x00019B80, 0x00019BC0, 0x00019C20,
0x00019C60, 0x00019CA0, 0x00019CE0, 0x00019D20, 0x00019D80, 0x00019DC0, 0x00019E00, 0x00019E40,
0x00019EA0, 0x00019EE0, 0x00019F20, 0x00019F60, 0x00019FC0, 0x0001A000, 0x0001A040, 0x0001A080,
0x0001A0E0, 0x0001A120, 0x0001A160, 0x0001A1A0, 0x0001A200, 0x0001A240, 0x0001A280, 0x0001A2E0,
0x0001A320, 0x0001A360, 0x0001A3A0, 0x0001A400, 0x0001A440, 0x0001A480, 0x0001A4C0, 0x0001A520,
0x0001A560, 0x0001A5A0, 0x0001A600, 0x0001A640, 0x0001A680, 0x0001A6C0, 0x0001A720, 0x0001A760,
0x0001A7A0, 0x0001A800, 0x0001A840, 0x0001A880, 0x0001A8C0, 0x0001A920, 0x0001A960, 0x0001A9A0,
0x0001AA00, 0x0001AA40, 0x0001AA80, 0x0001AAE0, 0x0001AB20, 0x0001AB60, 0x0001ABC0, 0x0001AC00,
0x0001AC40, 0x0001ACA0, 0x0001ACE0, 0x0001AD20, 0x0001AD60, 0x0001ADC0, 0x0001AE00, 0x0001AE40,
0x0001AEA0, 0x0001AEE0, 0x0001AF20, 0x0001AF80, 0x0001AFC0, 0x0001B000, 0x0001B060, 0x0001B0A0,
0x0001B100, 0x0001B140, 0x0001B180, 0x0001B1E0, 0x0001B220, 0x0001B260, 0x0001B2C0, 0x0001B300,
0x0001B340, 0x0001B3A0, 0x0001B3E0, 0x0001B420, 0x0001B480, 0x0001B4C0, 0x0001B500, 0x0001B560,
0x0001B5A0, 0x0001B600, 0x0001B640, 0x0001B680, 0x0001B6E0, 0x0001B720, 0x0001B760, 0x0001B7C0,
0x0001B800, 0x0001B860, 0x0001B8A0, 0x0001B8E0, 0x0001B940, 0x0001B980, 0x0001B9E0, 0x0001BA20,
0x0001BA60, 0x0001BAC0, 0x0001BB00, 0x0001BB60, 0x0001BBA0, 0x0001BBE0, 0x0001BC40, 0x0001BC80,
0x0001BCE0, 0x0001BD20, 0x0001BD60, 0x0001BDC0, 0x0001BE00, 0x0001BE60, 0x0001BEA0, 0x0001BEE0,
0x0001BF40, 0x0001BF80, 0x0001BFE0, 0x0001C020, 0x0001C080, 0x0001C0C0, 0x0001C100, 0x0001C160,
0x0001C1A0, 0x0001C200, 0x0001C240, 0x0001C2A0, 0x0001C2E0, 0x0001C320, 0x0001C380, 0x0001C3C0,
0x0001C420, 0x0001C460, 0x0001C4C0, 0x0001C500, 0x0001C560, 0x0001C5A0, 0x0001C600, 0x0001C640,
0x0001C680, 0x0001C6E0, 0x0001C720, 0x0001C780, 0x0001C7C0, 0x0001C820, 0x0001C860, 0x0001C8C0,
0x0001C900, 0x0001C960, 0x0001C9A0, 0x0001CA00, 0x0001CA40, 0x0001CAA0, 0x0001CAE0, 0x0001CB40,
0x0001CB80, 0x0001CBE0, 0x0001CC20, 0x0001CC80, 0x0001CCC0, 0x0001CD20, 0x0001CD60, 0x0001CDC0,
0x0001CE00, 0x0001CE60, 0x0001CEA0, 0x0001CF00, 0x0001CF40, 0x0001CFA0, 0x0001CFE0, 0x0001D040,
0x0001D080, 0x0001D0E0, 0x0001D120, 0x0001D180, 0x0001D1C0, 0x0001D220, 0x0001D260, 0x0001D2C0,
0x0001D300, 0x0001D360, 0x0001D3A0, 0x0001D400, 0x0001D440, 0x0001D4A0, 0x0001D4E0, 0x0001D540,
0x0001D5A0, 0x0001D5E0, 0x0001D640, 0x0001D680, 0x0001D6E0, 0x0001D720, 0x0001D780, 0x0001D7C0,
0x0001D820, 0x0001D880, 0x0001D8C0, 0x0001D920, 0x0001D960, 0x0001D9C0, 0x0001DA00, 0x0001DA60,
0x0001DAA0, 0x0001DB00, 0x0001DB60, 0x0001DBA0, 0x0001DC00, 0x0001DC40, 0x0001DCA0, 0x0001DCE0,
0x0001DD40, 0x0001DDA0, 0x0001DDE0, 0x0001DE40, 0x0001DE80, 0x0001DEE0, 0x0001DF40, 0x0001DF80,
0x0001DFE0, 0x0001E020, 0x0001E080, 0x0001E0E0, 0x0001E120, 0x0001E180, 0x0001E1C0, 0x0001E220,
0x0001E280, 0x0001E2C0, 0x0001E320, 0x0001E360, 0x0001E3C0, 0x0001E420, 0x0001E460, 0x0001E4C0,
0x0001E520, 0x0001E560, 0x0001E5C0, 0x0001E600, 0x0001E660, 0x0001E6C0, 0x0001E700, 0x0001E760,
0x0001E7C0, 0x0001E800, 0x0001E860, 0x0001E8C0, 0x0001E900, 0x0001E960, 0x0001E9C0, 0x0001EA00,
0x0001EA60, 0x0001EAA0, 0x0001EB00, 0x0001EB60, 0x0001EBA0, 0x0001EC00, 0x0001EC60, 0x0001ECA0,
0x0001ED00, 0x0001ED60, 0x0001EDA0, 0x0001EE00, 0x0001EE60, 0x0001EEC0, 0x0001EF00, 0x0001EF60,
0x0001EFC0, 0x0001F000, 0x0001F060, 0x0001F0C0, 0x0001F100, 0x0001F160, 0x0001F1C0, 0x0001F200,
0x0001F260, 0x0001F2C0, 0x0001F300, 0x0001F360, 0x0001F3C0, 0x0001F420, 0x0001F460, 0x0001F4C0,
0x0001F520, 0x0001F560, 0x0001F5C0, 0x0001F620, 0x0001F680, 0x0001F6C0, 0x0001F720, 0x0001F780,
0x0001F7C0, 0x0001F820, 0x0001F880, 0x0001F8E0, 0x0001F920, 0x0001F980, 0x0001F9E0, 0x0001FA40,
0x0001FA80, 0x0001FAE0, 0x0001FB40, 0x0001FBA0, 0x0001FBE0, 0x0001FC40, 0x0001FCA0, 0x0001FD00,
0x0001FD40, 0x0001FDA0, 0x0001FE00, 0x0001FE60, 0x0001FEA0, 0x0001FF00, 0x0001FF60, 0x0001FFC0,
0x00020000, 0x00020080, 0x000200C0, 0x00020140, 0x00020180, 0x000201C0, 0x00020240, 0x00020280,
0x00020300, 0x00020340, 0x00020380, 0x00020400, 0x00020440, 0x000204C0, 0x00020500, 0x00020540,
0x000205C0, 0x00020600, 0x00020680, 0x000206C0, 0x00020700, 0x00020780, 0x000207C0, 0x00020840,
0x00020880, 0x000208C0, 0x00020940, 0x00020980, 0x00020A00, 0x00020A40, 0x00020AC0, 0x00020B00,
0x00020B40, 0x00020BC0, 0x00020C00, 0x00020C80, 0x00020CC0, 0x00020D00, 0x00020D80, 0x00020DC0,
0x00020E40, 0x00020E80, 0x00020F00, 0x00020F40, 0x00020F80, 0x00021000, 0x00021040, 0x000210C0,
0x00021100, 0x00021180, 0x000211C0, 0x00021200, 0x00021280, 0x000212C0, 0x00021340, 0x00021380,
0x00021400, 0x00021440, 0x000214C0, 0x00021500, 0x00021540, 0x000215C0, 0x00021600, 0x00021680,
0x000216C0, 0x00021740, 0x00021780, 0x00021800, 0x00021840, 0x00021880, 0x00021900, 0x00021940,
0x000219C0, 0x00021A00, 0x00021A80, 0x00021AC0, 0x00021B40, 0x00021B80, 0x00021C00, 0x00021C40,
0x00021C80, 0x00021D00, 0x00021D40, 0x00021DC0, 0x00021E00, 0x00021E80, 0x00021EC0, 0x00021F40,
0x00021F80, 0x00022000, 0x00022040, 0x000220C0, 0x00022100, 0x00022180, 0x000221C0, 0x00022240,
0x00022280, 0x000222C0, 0x00022340, 0x00022380, 0x00022400, 0x00022440, 0x000224C0, 0x00022500,
0x00022580, 0x000225C0, 0x00022640, 0x00022680, 0x00022700, 0x00022740, 0x000227C0, 0x00022800,
0x00022880, 0x000228C0, 0x00022940, 0x00022980, 0x00022A00, 0x00022A40, 0x00022AC0, 0x00022B00,
0x00022B80, 0x00022BC0, 0x00022C40, 0x00022C80, 0x00022D00, 0x00022D40, 0x00022DC0, 0x00022E00,
0x00022E80, 0x00022EC0, 0x00022F40, 0x00022F80, 0x00023000, 0x00023040, 0x000230C0, 0x00023100,
0x00023180, 0x00023200, 0x00023240, 0x000232C0, 0x00023300, 0x00023380, 0x000233C0, 0x00023440,
0x00023480, 0x00023500, 0x00023540, 0x000235C0, 0x00023600, 0x00023680, 0x000236C0, 0x00023740,
0x00023780, 0x00023800, 0x00023880, 0x000238C0, 0x00023940, 0x00023980, 0x00023A00, 0x00023A40,
0x00023AC0, 0x00023B00, 0x00023B80, 0x00023BC0, 0x00023C40, 0x00023CC0, 0x00023D00, 0x00023D80,
0x00023DC0, 0x00023E40, 0x00023E80, 0x00023F00, 0x00023F40, 0x00023FC0, 0x00024000, 0x00024080,
0x00024100, 0x00024140, 0x000241C0, 0x00024200, 0x00024280, 0x000242C0, 0x00024340, 0x000243C0,
0x00024400, 0x00024480, 0x000244C0, 0x00024540, 0x00024580, 0x00024600, 0x00024680, 0x000246C0,
0x00024740, 0x00024780, 0x00024800, 0x00024840, 0x000248C0, 0x00024940, 0x00024980, 0x00024A00,
0x00024A40, 0x00024AC0, 0x00024B40, 0x00024B80, 0x00024C00, 0x00024C40, 0x00024CC0, 0x00024D40,
0x00024D80, 0x00024E00, 0x00024E40, 0x00024EC0, 0x00024F40, 0x00024F80, 0x00025000, 0x00025040,
0x000250C0, 0x00025140, 0x00025180, 0x00025200, 0x00025240, 0x000252C0, 0x00025340, 0x00025380,
0x00025400, 0x00025440, 0x000254C0, 0x00025540, 0x00025580, 0x00025600, 0x00025680, 0x000256C0,
0x00025740, 0x00025780, 0x00025800, 0x00025880, 0x000258C0, 0x00025940, 0x000259C0, 0x00025A00,
0x00025A80, 0x00025AC0, 0x00025B40, 0x00025BC0, 0x00025C00, 0x00025C80, 0x00025D00, 0x00025D40,
0x00025DC0, 0x00025E00, 0x00025E80, 0x00025F00, 0x00025F40, 0x00025FC0, 0x00026040, 0x00026080,
0x00026100, 0x00026180, 0x000261C0, 0x00026240, 0x000262C0, 0x00026300, 0x00026380, 0x00026400,
0x00026440, 0x000264C0, 0x00026540, 0x00026580, 0x00026600, 0x00026680, 0x000266C0, 0x00026740,
0x000267C0, 0x00026800, 0x00026880, 0x00026900, 0x00026940, 0x000269C0, 0x00026A40, 0x00026A80,
0x00026B00, 0x00026B80, 0x00026BC0, 0x00026C40, 0x00026CC0, 0x00026D00, 0x00026D80, 0x00026E00,
0x00026E40, 0x00026EC0, 0x00026F40, 0x00026F80, 0x00027000, 0x00027080, 0x000270C0, 0x00027140,
0x000271C0, 0x00027240, 0x00027280, 0x00027300, 0x00027380, 0x000273C0, 0x00027440, 0x000274C0,
0x00027500, 0x00027580, 0x00027600, 0x00027680, 0x000276C0, 0x00027740, 0x000277C0, 0x00027800,
0x00027880, 0x00027900, 0x00027980, 0x000279C0, 0x00027A40, 0x00027AC0, 0x00027B00, 0x00027B80,
0x00027C00, 0x00027C80, 0x00027CC0, 0x00027D40, 0x00027DC0, 0x00027E00, 0x00027E80, 0x00027F00,
0x00027F80, 0x00027FC0, 0x00028040, 0x000280C0, 0x00028140, 0x00028180, 0x00028200, 0x00028280,
0x00028300, 0x00028340, 0x000283C0, 0x00028440, 0x00028480, 0x00028500, 0x00028580, 0x00028600,
0x00028640, 0x000286C0, 0x00028740, 0x000287C0, 0x00028800, 0x00028880, 0x00028900, 0x00028980,
0x00028A00, 0x00028A40, 0x00028AC0, 0x00028B40, 0x00028BC0, 0x00028C00, 0x00028C80, 0x00028D00,
0x00028D80, 0x00028DC0, 0x00028E40, 0x00028EC0, 0x00028F40, 0x00028F80, 0x00029000, 0x00029080,
0x00029100, 0x00029180, 0x000291C0, 0x00029240, 0x000292C0, 0x00029340, 0x000293C0, 0x00029400,
0x00029480, 0x00029500, 0x00029580, 0x000295C0, 0x00029640, 0x000296C0, 0x00029740, 0x000297C0,
0x00029800, 0x00029880, 0x00029900, 0x00029980, 0x00029A00, 0x00029A40, 0x00029AC0, 0x00029B40,
0x00029BC0, 0x00029C40, 0x00029C80, 0x00029D00, 0x00029D80, 0x00029E00, 0x00029E80, 0x00029F00,
0x00029F40, 0x00029FC0, 0x0002A040, 0x0002A0C0, 0x0002A140, 0x0002A180, 0x0002A200, 0x0002A280,
0x0002A300, 0x0002A380, 0x0002A400, 0x0002A440, 0x0002A4C0, 0x0002A540, 0x0002A5C0, 0x0002A640,
0x0002A6C0, 0x0002A700, 0x0002A780, 0x0002A800, 0x0002A880, 0x0002A900, 0x0002A980, 0x0002A9C0,
0x0002AA40, 0x0002AAC0, 0x0002AB40, 0x0002ABC0, 0x0002AC40, 0x0002ACC0, 0x0002AD00, 0x0002AD80,
0x0002AE00, 0x0002AE80, 0x0002AF00, 0x0002AF80, 0x0002B000, 0x0002B040, 0x0002B0C0, 0x0002B140,
0x0002B1C0, 0x0002B240, 0x0002B2C0, 0x0002B340, 0x0002B3C0, 0x0002B400, 0x0002B480, 0x0002B500,
0x0002B580, 0x0002B600, 0x0002B680, 0x0002B700, 0x0002B780, 0x0002B7C0, 0x0002B840, 0x0002B8C0,
0x0002B940, 0x0002B9C0, 0x0002BA40, 0x0002BAC0, 0x0002BB40, 0x0002BBC0, 0x0002BC00, 0x0002BC80,
0x0002BD00, 0x0002BD80, 0x0002BE00, 0x0002BE80, 0x0002BF00, 0x0002BF80, 0x0002C000, 0x0002C080,
0x0002C0C0, 0x0002C140, 0x0002C1C0, 0x0002C240, 0x0002C2C0, 0x0002C340, 0x0002C3C0, 0x0002C440,
0x0002C4C0, 0x0002C540, 0x0002C5C0, 0x0002C640, 0x0002C680, 0x0002C700, 0x0002C780, 0x0002C800,
0x0002C880, 0x0002C900, 0x0002C980, 0x0002CA00, 0x0002CA80, 0x0002CB00, 0x0002CB80, 0x0002CC00,
0x0002CC80, 0x0002CD00, 0x0002CD40, 0x0002CDC0, 0x0002CE40, 0x0002CEC0, 0x0002CF40, 0x0002CFC0,
0x0002D040, 0x0002D0C0, 0x0002D140, 0x0002D1C0, 0x0002D240, 0x0002D2C0, 0x0002D340, 0x0002D3C0,
0x0002D440, 0x0002D4C0, 0x0002D540, 0x0002D5C0, 0x0002D640, 0x0002D6C0, 0x0002D740, 0x0002D7C0,
0x0002D840, 0x0002D8C0, 0x0002D900, 0x0002D980, 0x0002DA00, 0x0002DA80, 0x0002DB00, 0x0002DB80,
0x0002DC00, 0x0002DC80, 0x0002DD00, 0x0002DD80, 0x0002DE00, 0x0002DE80, 0x0002DF00, 0x0002DF80,
0x0002E000, 0x0002E080, 0x0002E100, 0x0002E180, 0x0002E200, 0x0002E280, 0x0002E300, 0x0002E380,
0x0002E400, 0x0002E480, 0x0002E500, 0x0002E580, 0x0002E600, 0x0002E680, 0x0002E700, 0x0002E780,
0x0002E800, 0x0002E880, 0x0002E900, 0x0002E980, 0x0002EA00, 0x0002EA80, 0x0002EB00, 0x0002EB80,
0x0002EC00, 0x0002EC80, 0x0002ED40, 0x0002EDC0, 0x0002EE40, 0x0002EEC0, 0x0002EF40, 0x0002EFC0,
0x0002F040, 0x0002F0C0, 0x0002F140, 0x0002F1C0, 0x0002F240, 0x0002F2C0, 0x0002F340, 0x0002F3C0,
0x0002F440, 0x0002F4C0, 0x0002F540, 0x0002F5C0, 0x0002F640, 0x0002F6C0, 0x0002F740, 0x0002F7C0,
0x0002F840, 0x0002F900, 0x0002F980, 0x0002FA00, 0x0002FA80, 0x0002FB00, 0x0002FB80, 0x0002FC00,
0x0002FC80, 0x0002FD00, 0x0002FD80, 0x0002FE00, 0x0002FE80, 0x0002FF00, 0x0002FF80, 0x00030000,
0x000300C0, 0x00030140, 0x000301C0, 0x00030240, 0x000302C0, 0x00030340, 0x000303C0, 0x00030440,
0x000304C0, 0x00030540, 0x000305C0, 0x00030680, 0x00030700, 0x00030780, 0x00030800, 0x00030880,
0x00030900, 0x00030980, 0x00030A00, 0x00030A80, 0x00030B00, 0x00030BC0, 0x00030C40, 0x00030CC0,
0x00030D40, 0x00030DC0, 0x00030E40, 0x00030EC0, 0x00030F40, 0x00031000, 0x00031080, 0x00031100,
0x00031180, 0x00031200, 0x00031280, 0x00031300, 0x00031380, 0x00031440, 0x000314C0, 0x00031540,
0x000315C0, 0x00031640, 0x000316C0, 0x00031740, 0x00031800, 0x00031880, 0x00031900, 0x00031980,
0x00031A00, 0x00031A80, 0x00031B00, 0x00031BC0, 0x00031C40, 0x00031CC0, 0x00031D40, 0x00031DC0,
0x00031E40, 0x00031F00, 0x00031F80, 0x00032000, 0x00032080, 0x00032100, 0x00032180, 0x00032240,
0x000322C0, 0x00032340, 0x000323C0, 0x00032440, 0x000324C0, 0x00032580, 0x00032600, 0x00032680,
0x00032700, 0x00032780, 0x00032800, 0x000328C0, 0x00032940, 0x000329C0, 0x00032A40, 0x00032AC0,
0x00032B80, 0x00032C00, 0x00032C80, 0x00032D00, 0x00032D80, 0x00032E40, 0x00032EC0, 0x00032F40,
0x00032FC0, 0x00033040, 0x00033100, 0x00033180, 0x00033200, 0x00033280, 0x00033340, 0x000333C0,
0x00033440, 0x000334C0, 0x00033540, 0x00033600, 0x00033680, 0x00033700, 0x00033780, 0x00033840,
0x000338C0, 0x00033940, 0x000339C0, 0x00033A40, 0x00033B00, 0x00033B80, 0x00033C00, 0x00033C80,
0x00033D40, 0x00033DC0, 0x00033E40, 0x00033EC0, 0x00033F80, 0x00034000, 0x00034080, 0x00034100,
0x000341C0, 0x00034240, 0x000342C0, 0x00034340, 0x00034400, 0x00034480, 0x00034500, 0x000345C0,
0x00034640, 0x000346C0, 0x00034740, 0x00034800, 0x00034880, 0x00034900, 0x00034980, 0x00034A40,
0x00034AC0, 0x00034B40, 0x00034C00, 0x00034C80, 0x00034D00, 0x00034D80, 0x00034E40, 0x00034EC0,
0x00034F40, 0x00035000, 0x00035080, 0x00035100, 0x00035180, 0x00035240, 0x000352C0, 0x00035340,
0x00035400, 0x00035480, 0x00035500, 0x000355C0, 0x00035640, 0x000356C0, 0x00035780, 0x00035800,
0x00035880, 0x00035940, 0x000359C0, 0x00035A40, 0x00035AC0, 0x00035B80, 0x00035C00, 0x00035C80,
0x00035D40, 0x00035DC0, 0x00035E40, 0x00035F00, 0x00035F80, 0x00036000, 0x000360C0, 0x00036140,
0x00036200, 0x00036280, 0x00036300, 0x000363C0, 0x00036440, 0x000364C0, 0x00036580, 0x00036600,
0x00036680, 0x00036740, 0x000367C0, 0x00036840, 0x00036900, 0x00036980, 0x00036A00, 0x00036AC0,
0x00036B40, 0x00036C00, 0x00036C80, 0x00036D00, 0x00036DC0, 0x00036E40, 0x00036EC0, 0x00036F80,
0x00037000, 0x000370C0, 0x00037140, 0x000371C0, 0x00037280, 0x00037300, 0x000373C0, 0x00037440,
0x000374C0, 0x00037580, 0x00037600, 0x000376C0, 0x00037740, 0x000377C0, 0x00037880, 0x00037900,
0x000379C0, 0x00037A40, 0x00037AC0, 0x00037B80, 0x00037C00, 0x00037CC0, 0x00037D40, 0x00037DC0,
0x00037E80, 0x00037F00, 0x00037FC0, 0x00038040, 0x00038100, 0x00038180, 0x00038200, 0x000382C0,
0x00038340, 0x00038400, 0x00038480, 0x00038540, 0x000385C0, 0x00038640, 0x00038700, 0x00038780,
0x00038840, 0x000388C0, 0x00038980, 0x00038A00, 0x00038AC0, 0x00038B40, 0x00038C00, 0x00038C80,
0x00038D00, 0x00038DC0, 0x00038E40, 0x00038F00, 0x00038F80, 0x00039040, 0x000390C0, 0x00039180,
0x00039200, 0x000392C0, 0x00039340, 0x00039400, 0x00039480, 0x00039540, 0x000395C0, 0x00039680,
0x00039700, 0x000397C0, 0x00039840, 0x00039900, 0x00039980, 0x00039A40, 0x00039AC0, 0x00039B80,
0x00039C00, 0x00039CC0, 0x00039D40, 0x00039E00, 0x00039E80, 0x00039F40, 0x00039FC0, 0x0003A080,
0x0003A100, 0x0003A1C0, 0x0003A240, 0x0003A300, 0x0003A380, 0x0003A440, 0x0003A4C0, 0x0003A580,
0x0003A600, 0x0003A6C0, 0x0003A740, 0x0003A800, 0x0003A880, 0x0003A940, 0x0003A9C0, 0x0003AA80,
0x0003AB40, 0x0003ABC0, 0x0003AC80, 0x0003AD00, 0x0003ADC0, 0x0003AE40, 0x0003AF00, 0x0003AF80,
0x0003B040, 0x0003B100, 0x0003B180, 0x0003B240, 0x0003B2C0, 0x0003B380, 0x0003B400, 0x0003B4C0,
0x0003B540, 0x0003B600, 0x0003B6C0, 0x0003B740, 0x0003B800, 0x0003B880, 0x0003B940, 0x0003B9C0,
0x0003BA80, 0x0003BB40, 0x0003BBC0, 0x0003BC80, 0x0003BD00, 0x0003BDC0, 0x0003BE80, 0x0003BF00,
0x0003BFC0, 0x0003C040, 0x0003C100, 0x0003C1C0, 0x0003C240, 0x0003C300, 0x0003C380, 0x0003C440,
0x0003C500, 0x0003C580, 0x0003C640, 0x0003C6C0, 0x0003C780, 0x0003C840, 0x0003C8C0, 0x0003C980,
0x0003CA40, 0x0003CAC0, 0x0003CB80, 0x0003CC00, 0x0003CCC0, 0x0003CD80, 0x0003CE00, 0x0003CEC0,
0x0003CF80, 0x0003D000, 0x0003D0C0, 0x0003D180, 0x0003D200, 0x0003D2C0, 0x0003D380, 0x0003D400,
0x0003D4C0, 0x0003D540, 0x0003D600, 0x0003D6C0, 0x0003D740, 0x0003D800, 0x0003D8C0, 0x0003D940,
0x0003DA00, 0x0003DAC0, 0x0003DB40, 0x0003DC00, 0x0003DCC0, 0x0003DD80, 0x0003DE00, 0x0003DEC0,
0x0003DF80, 0x0003E000, 0x0003E0C0, 0x0003E180, 0x0003E200, 0x0003E2C0, 0x0003E380, 0x0003E400,
0x0003E4C0, 0x0003E580, 0x0003E600, 0x0003E6C0, 0x0003E780, 0x0003E840, 0x0003E8C0, 0x0003E980,
0x0003EA40, 0x0003EAC0, 0x0003EB80, 0x0003EC40, 0x0003ED00, 0x0003ED80, 0x0003EE40, 0x0003EF00,
0x0003EF80, 0x0003F040, 0x0003F100, 0x0003F1C0, 0x0003F240, 0x0003F300, 0x0003F3C0, 0x0003F480,
0x0003F500, 0x0003F5C0, 0x0003F680, 0x0003F740, 0x0003F7C0, 0x0003F880, 0x0003F940, 0x0003FA00,
0x0003FA80, 0x0003FB40, 0x0003FC00, 0x0003FCC0, 0x0003FD40, 0x0003FE00, 0x0003FEC0, 0x0003FF80,
0x00040000, 0x00040100, 0x00040180, 0x00040280, 0x00040300, 0x00040380, 0x00040480, 0x00040500,
0x00040600, 0x00040680, 0x00040700, 0x00040800, 0x00040880, 0x00040980, 0x00040A00, 0x00040A80,
0x00040B80, 0x00040C00, 0x00040D00, 0x00040D80, 0x00040E00, 0x00040F00, 0x00040F80, 0x00041080,
0x00041100, 0x00041180, 0x00041280, 0x00041300, 0x00041400, 0x00041480, 0x00041580, 0x00041600,
0x00041680, 0x00041780, 0x00041800, 0x00041900, 0x00041980, 0x00041A00, 0x00041B00, 0x00041B80,
0x00041C80, 0x00041D00, 0x00041E00, 0x00041E80, 0x00041F00, 0x00042000, 0x00042080, 0x00042180,
0x00042200, 0x00042300, 0x00042380, 0x00042400, 0x00042500, 0x00042580, 0x00042680, 0x00042700,
0x00042800, 0x00042880, 0x00042980, 0x00042A00, 0x00042A80, 0x00042B80, 0x00042C00, 0x00042D00,
0x00042D80, 0x00042E80, 0x00042F00, 0x00043000, 0x00043080, 0x00043100, 0x00043200, 0x00043280,
0x00043380, 0x00043400, 0x00043500, 0x00043580, 0x00043680, 0x00043700, 0x00043800, 0x00043880,
0x00043900, 0x00043A00, 0x00043A80, 0x00043B80, 0x00043C00, 0x00043D00, 0x00043D80, 0x00043E80,
0x00043F00, 0x00044000, 0x00044080, 0x00044180, 0x00044200, 0x00044300, 0x00044380, 0x00044480,
0x00044500, 0x00044580, 0x00044680, 0x00044700, 0x00044800, 0x00044880, 0x00044980, 0x00044A00,
0x00044B00, 0x00044B80, 0x00044C80, 0x00044D00, 0x00044E00, 0x00044E80, 0x00044F80, 0x00045000,
0x00045100, 0x00045180, 0x00045280, 0x00045300, 0x00045400, 0x00045480, 0x00045580, 0x00045600,
0x00045700, 0x00045780, 0x00045880, 0x00045900, 0x00045A00, 0x00045A80, 0x00045B80, 0x00045C00,
0x00045D00, 0x00045D80, 0x00045E80, 0x00045F00, 0x00046000, 0x00046080, 0x00046180, 0x00046200,
0x00046300, 0x00046400, 0x00046480, 0x00046580, 0x00046600, 0x00046700, 0x00046780, 0x00046880,
0x00046900, 0x00046A00, 0x00046A80, 0x00046B80, 0x00046C00, 0x00046D00, 0x00046D80, 0x00046E80,
0x00046F00, 0x00047000, 0x00047100, 0x00047180, 0x00047280, 0x00047300, 0x00047400, 0x00047480,
0x00047580, 0x00047600, 0x00047700, 0x00047780, 0x00047880, 0x00047980, 0x00047A00, 0x00047B00,
0x00047B80, 0x00047C80, 0x00047D00, 0x00047E00, 0x00047E80, 0x00047F80, 0x00048000, 0x00048100,
0x00048200, 0x00048280, 0x00048380, 0x00048400, 0x00048500, 0x00048580, 0x00048680, 0x00048780,
0x00048800, 0x00048900, 0x00048980, 0x00048A80, 0x00048B00, 0x00048C00, 0x00048D00, 0x00048D80,
0x00048E80, 0x00048F00, 0x00049000, 0x00049080, 0x00049180, 0x00049280, 0x00049300, 0x00049400,
0x00049480, 0x00049580, 0x00049680, 0x00049700, 0x00049800, 0x00049880, 0x00049980, 0x00049A80,
0x00049B00, 0x00049C00, 0x00049C80, 0x00049D80, 0x00049E80, 0x00049F00, 0x0004A000, 0x0004A080,
0x0004A180, 0x0004A280, 0x0004A300, 0x0004A400, 0x0004A480, 0x0004A580, 0x0004A680, 0x0004A700,
0x0004A800, 0x0004A880, 0x0004A980, 0x0004AA80, 0x0004AB00, 0x0004AC00, 0x0004AD00, 0x0004AD80,
0x0004AE80, 0x0004AF00, 0x0004B000, 0x0004B100, 0x0004B180, 0x0004B280, 0x0004B380, 0x0004B400,
0x0004B500, 0x0004B580, 0x0004B680, 0x0004B780, 0x0004B800, 0x0004B900, 0x0004BA00, 0x0004BA80,
0x0004BB80, 0x0004BC00, 0x0004BD00, 0x0004BE00, 0x0004BE80, 0x0004BF80, 0x0004C080, 0x0004C100,
0x0004C200, 0x0004C300, 0x0004C380, 0x0004C480, 0x0004C580, 0x0004C600, 0x0004C700, 0x0004C800,
0x0004C880, 0x0004C980, 0x0004CA80, 0x0004CB00, 0x0004CC00, 0x0004CD00, 0x0004CD80, 0x0004CE80,
0x0004CF80, 0x0004D000, 0x0004D100, 0x0004D200, 0x0004D280, 0x0004D380, 0x0004D480, 0x0004D500,
0x0004D600, 0x0004D700, 0x0004D780, 0x0004D880, 0x0004D980, 0x0004DA00, 0x0004DB00, 0x0004DC00,
0x0004DC80, 0x0004DD80, 0x0004DE80, 0x0004DF00, 0x0004E000, 0x0004E100, 0x0004E180, 0x0004E280,
0x0004E380, 0x0004E480, 0x0004E500, 0x0004E600, 0x0004E700, 0x0004E780, 0x0004E880, 0x0004E980,
0x0004EA00, 0x0004EB00, 0x0004EC00, 0x0004ED00, 0x0004ED80, 0x0004EE80, 0x0004EF80, 0x0004F000,
0x0004F100, 0x0004F200, 0x0004F300, 0x0004F380, 0x0004F480, 0x0004F580, 0x0004F600, 0x0004F700,
0x0004F800, 0x0004F900, 0x0004F980, 0x0004FA80, 0x0004FB80, 0x0004FC00, 0x0004FD00, 0x0004FE00,
0x0004FF00, 0x0004FF80, 0x00050080, 0x00050180, 0x00050280, 0x00050300, 0x00050400, 0x00050500,
0x00050600, 0x00050680, 0x00050780, 0x00050880, 0x00050900, 0x00050A00, 0x00050B00, 0x00050C00,
0x00050C80, 0x00050D80, 0x00050E80, 0x00050F80, 0x00051000, 0x00051100, 0x00051200, 0x00051300,
0x00051400, 0x00051480, 0x00051580, 0x00051680, 0x00051780, 0x00051800, 0x00051900, 0x00051A00,
0x00051B00, 0x00051B80, 0x00051C80, 0x00051D80, 0x00051E80, 0x00051F00, 0x00052000, 0x00052100,
0x00052200, 0x00052300, 0x00052380, 0x00052480, 0x00052580, 0x00052680, 0x00052780, 0x00052800,
0x00052900, 0x00052A00, 0x00052B00, 0x00052B80, 0x00052C80, 0x00052D80, 0x00052E80, 0x00052F80,
0x00053000, 0x00053100, 0x00053200, 0x00053300, 0x00053400, 0x00053480, 0x00053580, 0x00053680,
0x00053780, 0x00053880, 0x00053900, 0x00053A00, 0x00053B00, 0x00053C00, 0x00053D00, 0x00053E00,
0x00053E80, 0x00053F80, 0x00054080, 0x00054180, 0x00054280, 0x00054300, 0x00054400, 0x00054500,
0x00054600, 0x00054700, 0x00054800, 0x00054880, 0x00054980, 0x00054A80, 0x00054B80, 0x00054C80,
0x00054D80, 0x00054E00, 0x00054F00, 0x00055000, 0x00055100, 0x00055200, 0x00055300, 0x00055380,
0x00055480, 0x00055580, 0x00055680, 0x00055780, 0x00055880, 0x00055980, 0x00055A00, 0x00055B00,
0x00055C00, 0x00055D00, 0x00055E00, 0x00055F00, 0x00056000, 0x00056080, 0x00056180, 0x00056280,
0x00056380, 0x00056480, 0x00056580, 0x00056680, 0x00056780, 0x00056800, 0x00056900, 0x00056A00,
0x00056B00, 0x00056C00, 0x00056D00, 0x00056E00, 0x00056F00, 0x00056F80, 0x00057080, 0x00057180,
0x00057280, 0x00057380, 0x00057480, 0x00057580, 0x00057680, 0x00057780, 0x00057800, 0x00057900,
0x00057A00, 0x00057B00, 0x00057C00, 0x00057D00, 0x00057E00, 0x00057F00, 0x00058000, 0x00058100,
0x00058180, 0x00058280, 0x00058380, 0x00058480, 0x00058580, 0x00058680, 0x00058780, 0x00058880,
0x00058980, 0x00058A80, 0x00058B80, 0x00058C80, 0x00058D00, 0x00058E00, 0x00058F00, 0x00059000,
0x00059100, 0x00059200, 0x00059300, 0x00059400, 0x00059500, 0x00059600, 0x00059700, 0x00059800,
0x00059900, 0x00059A00, 0x00059A80, 0x00059B80, 0x00059C80, 0x00059D80, 0x00059E80, 0x00059F80,
0x0005A080, 0x0005A180, 0x0005A280, 0x0005A380, 0x0005A480, 0x0005A580, 0x0005A680, 0x0005A780,
0x0005A880, 0x0005A980, 0x0005AA80, 0x0005AB80, 0x0005AC80, 0x0005AD80, 0x0005AE80, 0x0005AF80,
0x0005B080, 0x0005B180, 0x0005B200, 0x0005B300, 0x0005B400, 0x0005B500, 0x0005B600, 0x0005B700,
0x0005B800, 0x0005B900, 0x0005BA00, 0x0005BB00, 0x0005BC00, 0x0005BD00, 0x0005BE00, 0x0005BF00,
0x0005C000, 0x0005C100, 0x0005C200, 0x0005C300, 0x0005C400, 0x0005C500, 0x0005C600, 0x0005C700,
0x0005C800, 0x0005C900, 0x0005CA00, 0x0005CB00, 0x0005CC00, 0x0005CD00, 0x0005CE00, 0x0005CF00,
0x0005D000, 0x0005D100, 0x0005D200, 0x0005D300, 0x0005D400, 0x0005D500, 0x0005D600, 0x0005D700,
0x0005D800, 0x0005D900, 0x0005DA80, 0x0005DB80, 0x0005DC80, 0x0005DD80, 0x0005DE80, 0x0005DF80,
0x0005E080, 0x0005E180, 0x0005E280, 0x0005E380, 0x0005E480, 0x0005E580, 0x0005E680, 0x0005E780,
0x0005E880, 0x0005E980, 0x0005EA80, 0x0005EB80, 0x0005EC80, 0x0005ED80, 0x0005EE80, 0x0005EF80,
0x0005F080, 0x0005F200, 0x0005F300, 0x0005F400, 0x0005F500, 0x0005F600, 0x0005F700, 0x0005F800,
0x0005F900, 0x0005FA00, 0x0005FB00, 0x0005FC00, 0x0005FD00, 0x0005FE00, 0x0005FF00, 0x00060000,
0x00060180, 0x00060280, 0x00060380, 0x00060480, 0x00060580, 0x00060680, 0x00060780, 0x00060880,
0x00060980, 0x00060A80, 0x00060B80, 0x00060D00, 0x00060E00, 0x00060F00, 0x00061000, 0x00061100,
0x00061200, 0x00061300, 0x00061400, 0x00061500, 0x00061600, 0x00061780, 0x00061880, 0x00061980,
0x00061A80, 0x00061B80, 0x00061C80, 0x00061D80, 0x00061E80, 0x00062000, 0x00062100, 0x00062200,
0x00062300, 0x00062400, 0x00062500, 0x00062600, 0x00062700, 0x00062880, 0x00062980, 0x00062A80,
0x00062B80, 0x00062C80, 0x00062D80, 0x00062E80, 0x00063000, 0x00063100, 0x00063200, 0x00063300,
0x00063400, 0x00063500, 0x00063600, 0x00063780, 0x00063880, 0x00063980, 0x00063A80, 0x00063B80,
0x00063C80, 0x00063E00, 0x00063F00, 0x00064000, 0x00064100, 0x00064200, 0x00064300, 0x00064480,
0x00064580, 0x00064680, 0x00064780, 0x00064880, 0x00064980, 0x00064B00, 0x00064C00, 0x00064D00,
0x00064E00, 0x00064F00, 0x00065000, 0x00065180, 0x00065280, 0x00065380, 0x00065480, 0x00065580,
0x00065700, 0x00065800, 0x00065900, 0x00065A00, 0x00065B00, 0x00065C80, 0x00065D80, 0x00065E80,
0x00065F80, 0x00066080, 0x00066200, 0x00066300, 0x00066400, 0x00066500, 0x00066680, 0x00066780,
0x00066880, 0x00066980, 0x00066A80, 0x00066C00, 0x00066D00, 0x00066E00, 0x00066F00, 0x00067080,
0x00067180, 0x00067280, 0x00067380, 0x00067480, 0x00067600, 0x00067700, 0x00067800, 0x00067900,
0x00067A80, 0x00067B80, 0x00067C80, 0x00067D80, 0x00067F00, 0x00068000, 0x00068100, 0x00068200,
0x00068380, 0x00068480, 0x00068580, 0x00068680, 0x00068800, 0x00068900, 0x00068A00, 0x00068B80,
0x00068C80, 0x00068D80, 0x00068E80, 0x00069000, 0x00069100, 0x00069200, 0x00069300, 0x00069480,
0x00069580, 0x00069680, 0x00069800, 0x00069900, 0x00069A00, 0x00069B00, 0x00069C80, 0x00069D80,
0x00069E80, 0x0006A000, 0x0006A100, 0x0006A200, 0x0006A300, 0x0006A480, 0x0006A580, 0x0006A680,
0x0006A800, 0x0006A900, 0x0006AA00, 0x0006AB80, 0x0006AC80, 0x0006AD80, 0x0006AF00, 0x0006B000,
0x0006B100, 0x0006B280, 0x0006B380, 0x0006B480, 0x0006B580, 0x0006B700, 0x0006B800, 0x0006B900,
0x0006BA80, 0x0006BB80, 0x0006BC80, 0x0006BE00, 0x0006BF00, 0x0006C000, 0x0006C180, 0x0006C280,
0x0006C400, 0x0006C500, 0x0006C600, 0x0006C780, 0x0006C880, 0x0006C980, 0x0006CB00, 0x0006CC00,
0x0006CD00, 0x0006CE80, 0x0006CF80, 0x0006D080, 0x0006D200, 0x0006D300, 0x0006D400, 0x0006D580,
0x0006D680, 0x0006D800, 0x0006D900, 0x0006DA00, 0x0006DB80, 0x0006DC80, 0x0006DD80, 0x0006DF00,
0x0006E000, 0x0006E180, 0x0006E280, 0x0006E380, 0x0006E500, 0x0006E600, 0x0006E780, 0x0006E880,
0x0006E980, 0x0006EB00, 0x0006EC00, 0x0006ED80, 0x0006EE80, 0x0006EF80, 0x0006F100, 0x0006F200,
0x0006F380, 0x0006F480, 0x0006F580, 0x0006F700, 0x0006F800, 0x0006F980, 0x0006FA80, 0x0006FB80,
0x0006FD00, 0x0006FE00, 0x0006FF80, 0x00070080, 0x00070200, 0x00070300, 0x00070400, 0x00070580,
0x00070680, 0x00070800, 0x00070900, 0x00070A80, 0x00070B80, 0x00070C80, 0x00070E00, 0x00070F00,
0x00071080, 0x00071180, 0x00071300, 0x00071400, 0x00071580, 0x00071680, 0x00071800, 0x00071900,
0x00071A00, 0x00071B80, 0x00071C80, 0x00071E00, 0x00071F00, 0x00072080, 0x00072180, 0x00072300,
0x00072400, 0x00072580, 0x00072680, 0x00072800, 0x00072900, 0x00072A80, 0x00072B80, 0x00072D00,
0x00072E00, 0x00072F80, 0x00073080, 0x00073200, 0x00073300, 0x00073480, 0x00073580, 0x00073700,
0x00073800, 0x00073980, 0x00073A80, 0x00073C00, 0x00073D00, 0x00073E80, 0x00073F80, 0x00074100,
0x00074200, 0x00074380, 0x00074480, 0x00074600, 0x00074700, 0x00074880, 0x00074980, 0x00074B00,
0x00074C00, 0x00074D80, 0x00074E80, 0x00075000, 0x00075100, 0x00075280, 0x00075380, 0x00075500,
0x00075680, 0x00075780, 0x00075900, 0x00075A00, 0x00075B80, 0x00075C80, 0x00075E00, 0x00075F00,
0x00076080, 0x00076200, 0x00076300, 0x00076480, 0x00076580, 0x00076700, 0x00076800, 0x00076980,
0x00076A80, 0x00076C00, 0x00076D80, 0x00076E80, 0x00077000, 0x00077100, 0x00077280, 0x00077380,
0x00077500, 0x00077680, 0x00077780, 0x00077900, 0x00077A00, 0x00077B80, 0x00077D00, 0x00077E00,
0x00077F80, 0x00078080, 0x00078200, 0x00078380, 0x00078480, 0x00078600, 0x00078700, 0x00078880,
0x00078A00, 0x00078B00, 0x00078C80, 0x00078D80, 0x00078F00, 0x00079080, 0x00079180, 0x00079300,
0x00079480, 0x00079580, 0x00079700, 0x00079800, 0x00079980, 0x00079B00, 0x00079C00, 0x00079D80,
0x00079F00, 0x0007A000, 0x0007A180, 0x0007A300, 0x0007A400, 0x0007A580, 0x0007A700, 0x0007A800,
0x0007A980, 0x0007AA80, 0x0007AC00, 0x0007AD80, 0x0007AE80, 0x0007B000, 0x0007B180, 0x0007B280,
0x0007B400, 0x0007B580, 0x0007B680, 0x0007B800, 0x0007B980, 0x0007BB00, 0x0007BC00, 0x0007BD80,
0x0007BF00, 0x0007C000, 0x0007C180, 0x0007C300, 0x0007C400, 0x0007C580, 0x0007C700, 0x0007C800,
0x0007C980, 0x0007CB00, 0x0007CC00, 0x0007CD80, 0x0007CF00, 0x0007D080, 0x0007D180, 0x0007D300,
0x0007D480, 0x0007D580, 0x0007D700, 0x0007D880, 0x0007DA00, 0x0007DB00, 0x0007DC80, 0x0007DE00,
0x0007DF00, 0x0007E080, 0x0007E200, 0x0007E380, 0x0007E480, 0x0007E600, 0x0007E780, 0x0007E900,
0x0007EA00, 0x0007EB80, 0x0007ED00, 0x0007EE80, 0x0007EF80, 0x0007F100, 0x0007F280, 0x0007F400,
0x0007F500, 0x0007F680, 0x0007F800, 0x0007F980, 0x0007FA80, 0x0007FC00, 0x0007FD80, 0x0007FF00
};

const uint32_t table_dx_exp_19[BRICK6_PICO_EXP19_SIZE] = {
0x00008, 0x00009, 0x0000B, 0x0000D, 0x00010, 0x00013, 0x00016, 0x0001A,
0x00020, 0x00026, 0x0002D, 0x00035, 0x00040, 0x0004C, 0x0005A, 0x0006B,
0x00080, 0x00098, 0x000B5, 0x000D7, 0x00100, 0x00130, 0x0016A, 0x001AE,
0x00200, 0x00260, 0x002D4, 0x0035D, 0x00400, 0x004C1, 0x005A8, 0x006BA,
0x00800, 0x00983, 0x00B50, 0x00D74, 0x01000, 0x01306, 0x016A0, 0x01AE8,
0x02000, 0x0260D, 0x02D41, 0x035D1, 0x04000, 0x04C1B, 0x05A82, 0x06BA2,
0x08000, 0x09837, 0x0B504, 0x0D744, 0x10000, 0x1306F, 0x16A09, 0x1AE89,
0x20000, 0x260DF, 0x2D413, 0x35D13, 0x40000, 0x4C1BF, 0x5A827, 0x6BA27
};

void brick6_fm_pico_tables_init(void) {}
